dataset,label,class,brightness,contrast,sharpness,field_fraction
APTOS 2019,2,Moderate NPDR,67.53307502246182,10.33524563178371,84.11209831768348,0.7456552933673469
APTOS 2019,4,Proliferative DR,99.42456376592044,8.133982011007845,44.21095776869188,0.7461734693877551
APTOS 2019,1,Mild NPDR,79.43277573575375,11.004823102265387,60.09334542679068,0.8331672512755102
APTOS 2019,0,No DR,109.48749394868484,17.007394194370907,158.04141657681575,0.7904376594387755
APTOS 2019,0,No DR,48.74381535910075,16.589369627887123,105.78603937590874,0.47409119897959184
APTOS 2019,4,Proliferative DR,87.36607067909007,9.146065458398024,97.30311614429688,0.755500637755102
APTOS 2019,0,No DR,51.92824835962882,14.081365428790683,80.14708619390873,0.9818439094387755
APTOS 2019,2,Moderate NPDR,98.47386876876034,11.588813475564622,74.93293072983343,0.7463329081632653
APTOS 2019,2,Moderate NPDR,53.79818206670311,19.966112337067745,25.389874773264133,0.9053332270408163
APTOS 2019,1,Mild NPDR,77.80105941732047,12.517305032159285,74.35613432763395,0.8336654974489796
APTOS 2019,0,No DR,98.08303559435863,16.1665461750834,138.9347340129835,0.7910953443877551
APTOS 2019,2,Moderate NPDR,128.28426941038384,13.294214444055322,131.2575597096069,0.8341836734693877
APTOS 2019,0,No DR,97.80499462943072,14.780628117061868,135.24552322886586,0.7913145727040817
APTOS 2019,3,Severe NPDR,102.89902117459049,20.060414670605468,201.2507593065708,0.8344228316326531
APTOS 2019,1,Mild NPDR,121.13369870713885,12.390526802671765,152.59025223936996,0.7451769770408163
APTOS 2019,0,No DR,103.55275611723582,15.565547197112043,140.30579990790227,0.7907963966836735
APTOS 2019,2,Moderate NPDR,92.83332397844634,10.082045987775404,78.22648683521031,0.7458545918367347
APTOS 2019,0,No DR,58.91509731720147,26.051867262293907,58.792541799479274,0.7965561224489796
APTOS 2019,0,No DR,119.70750425072377,13.61974360145247,95.75156944817893,0.4750279017857143
APTOS 2019,2,Moderate NPDR,104.05611675490056,12.113630643262415,120.73603542520807,0.7359893176020408
APTOS 2019,2,Moderate NPDR,66.79113812544045,15.771055672127295,24.913387145646446,0.71484375
APTOS 2019,0,No DR,105.26848749631456,10.645697418951022,74.79181747702398,0.7925502232142857
APTOS 2019,1,Mild NPDR,92.25785503771417,14.613496195546828,66.01399173557486,0.833984375
APTOS 2019,2,Moderate NPDR,71.0420935867122,14.212102803658546,47.27609527351499,0.7223373724489796
APTOS 2019,0,No DR,91.38226257623698,22.161982267514126,169.04269101424669,0.47604432397959184
APTOS 2019,2,Moderate NPDR,99.2176281010318,11.459020349306737,73.51521238166612,0.8338647959183674
APTOS 2019,0,No DR,57.12119209824785,20.896702104344996,97.3361743699594,0.9053730867346939
APTOS 2019,0,No DR,93.97933462323982,14.578599245415681,171.19855437771693,0.7909159757653061
APTOS 2019,0,No DR,109.4654388462775,13.936944632824863,119.06620739854469,0.4752670599489796
APTOS 2019,0,No DR,57.90691906896316,16.72850894939735,87.02848972535739,0.9062898596938775
APTOS 2019,0,No DR,106.3883388338834,13.550539598173936,135.99807439044758,0.7915736607142857
APTOS 2019,0,No DR,70.38872162791195,26.225575350879442,132.87600398719593,0.9837372448979592
APTOS 2019,4,Proliferative DR,64.22675783475783,20.467414995813996,118.59846245975277,0.9051737882653061
APTOS 2019,2,Moderate NPDR,81.58618567184949,20.201932510401342,124.17990090328404,0.7934869260204082
APTOS 2019,4,Proliferative DR,86.97778625506191,17.236173913742704,44.12463952823129,0.7152622767857143
APTOS 2019,2,Moderate NPDR,47.77946874824507,7.576123753988795,42.65751993770688,0.7454559948979592
APTOS 2019,0,No DR,92.70655125137773,18.347055466709193,207.58760234566634,0.7907764668367347
APTOS 2019,0,No DR,102.99112624326426,13.957863860954413,115.7970903285903,0.7921117665816326
APTOS 2019,4,Proliferative DR,79.1206079387504,24.83491069229001,52.2475048907492,0.9053531568877551
APTOS 2019,0,No DR,114.50044327431964,19.834981137196618,193.22673023491276,0.7910953443877551
APTOS 2019,4,Proliferative DR,108.54325809528135,22.044783004733645,77.57975660575508,0.9077048788265306
APTOS 2019,2,Moderate NPDR,50.414802496696886,12.46969250451568,33.50114102685216,0.9054727359693877
APTOS 2019,2,Moderate NPDR,39.21564684915231,19.052336256154213,47.212190633687264,0.9038584183673469
APTOS 2019,4,Proliferative DR,55.418369638445995,11.002169695616088,88.20499618690667,0.7456752232142857
APTOS 2019,2,Moderate NPDR,87.61354217126863,14.528132946179381,191.35183440318764,0.7902383609693877
APTOS 2019,1,Mild NPDR,82.30046811000585,15.730786429060645,204.03413024137183,0.7207629145408163
APTOS 2019,2,Moderate NPDR,114.12272485066046,9.182126023778917,50.31437051611821,0.7465122767857143
APTOS 2019,4,Proliferative DR,51.21510249616511,21.54244605363197,172.82328599511823,0.8917610012755102
APTOS 2019,0,No DR,99.00968262506724,10.710346651572603,75.7388934225455,0.7902782206632653
APTOS 2019,3,Severe NPDR,77.65778878135394,11.036508325091065,97.4859311470441,0.8330277423469388
APTOS 2019,1,Mild NPDR,78.79042896678966,21.80064544434768,191.6811935771572,0.8988759566326531
APTOS 2019,2,Moderate NPDR,101.26932130247155,17.25141744074024,82.23014474148499,0.7544044961734694
APTOS 2019,2,Moderate NPDR,84.46025245441795,11.573944449434471,42.83246045608603,0.7463528380102041
APTOS 2019,2,Moderate NPDR,55.24420116318851,9.992877310720033,23.56103492068917,0.9045360331632653
APTOS 2019,2,Moderate NPDR,91.18361051126006,10.112307764299057,70.40750227779077,0.7463528380102041
APTOS 2019,0,No DR,111.38801084069016,17.701801636563147,114.28982059867835,0.7916733099489796
APTOS 2019,3,Severe NPDR,71.92733321659955,10.548717028513487,75.73897528037374,0.8329280931122449
APTOS 2019,0,No DR,102.13067906876714,20.467713641514177,193.03222715362438,0.7907565369897959
APTOS 2019,2,Moderate NPDR,68.9903514472829,12.277739835048946,106.34751232348393,0.8335857780612245
APTOS 2019,1,Mild NPDR,107.1296476639948,13.386896621579407,119.91044194133394,0.8342235331632653
APTOS 2019,0,No DR,88.25162888868496,22.57856092761879,35.2515826907982,0.47578523596938777
APTOS 2019,2,Moderate NPDR,103.9901985635826,12.069374862806116,69.71590243343668,0.7440011160714286
APTOS 2019,0,No DR,113.0628809236139,23.60887424301727,221.16514360316282,0.7912547831632653
APTOS 2019,0,No DR,101.0916590284143,18.787516920100433,94.02088468815347,0.47634327168367346
APTOS 2019,0,No DR,70.42982336337977,33.73018609505228,132.10960840126234,0.9059709821428571
APTOS 2019,0,No DR,52.623299185710536,17.04953207841923,52.41500589964334,0.7975526147959183
APTOS 2019,2,Moderate NPDR,71.34381976399835,18.646520749910945,158.29766701404466,0.9053930165816326
APTOS 2019,2,Moderate NPDR,44.49714768163563,15.973638294963868,89.1403025802428,0.904296875
APTOS 2019,0,No DR,88.87162888148706,16.2888512960613,181.35987345392533,0.7910953443877551
APTOS 2019,0,No DR,98.5341991574315,11.445844517892565,132.05646886382735,0.7918128188775511
APTOS 2019,0,No DR,58.3076333369839,25.676574557250074,107.76056672802108,0.9611567283163265
APTOS 2019,1,Mild NPDR,84.86731861040943,14.170224631910603,116.48452647748827,0.8328284438775511
APTOS 2019,1,Mild NPDR,77.78266089697091,13.356113433200385,83.94684092011809,0.8329878826530612
APTOS 2019,0,No DR,59.825121084920895,19.264977725875305,138.92960926178833,0.9765226403061225
APTOS 2019,3,Severe NPDR,105.23272781789561,29.25751114328585,152.46786214454372,0.8335658482142857
APTOS 2019,0,No DR,101.5650633455014,16.647305032001352,195.01341085815133,0.7913544323979592
APTOS 2019,2,Moderate NPDR,82.99656601779981,15.579772565624651,133.69266054434885,0.9894770408163265
APTOS 2019,0,No DR,99.54982377443127,17.36268112581837,95.33962417077572,0.4768813775510204
APTOS 2019,2,Moderate NPDR,75.92406558483562,7.679567474163957,64.58123569823009,0.7513950892857143
APTOS 2019,0,No DR,101.4819648026467,16.002716064305346,91.78007833398101,0.47506776147959184
APTOS 2019,1,Mild NPDR,71.74576906731996,12.004316057779592,82.81779662215656,0.8332270408163265
APTOS 2019,3,Severe NPDR,138.03619873817036,17.44987274270298,94.89364313351462,0.5482700892857143
APTOS 2019,1,Mild NPDR,70.61606439758509,24.28600564209409,60.422292213983155,0.7232541454081632
APTOS 2019,0,No DR,90.1601340187259,10.558456901248304,40.59768550203677,0.47560586734693877
APTOS 2019,2,Moderate NPDR,89.14173073685392,11.074779514226952,86.45620877318034,0.74609375
APTOS 2019,0,No DR,98.70196330865787,26.255059680365704,111.4879278898143,0.474788743622449
APTOS 2019,0,No DR,93.47228738328504,20.859599250155128,122.59675226460492,0.47462930484693877
APTOS 2019,3,Severe NPDR,93.69031210986267,13.308095910254028,84.29900270666661,0.8342235331632653
APTOS 2019,4,Proliferative DR,79.62386613826509,13.743080504722066,76.56274719187286,0.7149832589285714
APTOS 2019,2,Moderate NPDR,100.5743732121824,11.008001493069736,100.35068685838202,0.7464724170918368
APTOS 2019,2,Moderate NPDR,57.79403756000337,14.763587051013563,76.42697416144102,0.7451769770408163
APTOS 2019,0,No DR,102.01142169319246,14.476427111001778,126.08393020590147,0.7931879783163265
APTOS 2019,0,No DR,62.56936017650303,15.830090341712275,188.63096939891025,0.4749282525510204
APTOS 2019,0,No DR,103.67439922584808,15.222023145815996,202.5067720858528,0.7908561862244898
APTOS 2019,0,No DR,116.13685935317503,11.263218779793682,102.13410471941151,0.7911352040816326
APTOS 2019,1,Mild NPDR,70.01801096319498,29.3095865876851,152.9399747005543,0.9013073979591837
APTOS 2019,0,No DR,103.65134539443476,19.458699815541095,197.87476970733678,0.4754663584183674
APTOS 2019,3,Severe NPDR,77.08824932421689,22.56221797443336,57.04799846834136,0.9075454400510204
APTOS 2019,1,Mild NPDR,54.07261973791024,18.75359218137829,90.95237899541543,0.8926578443877551
APTOS 2019,0,No DR,96.35780063546771,20.464489869212095,245.5617194880947,0.7897201849489796
APTOS 2019,2,Moderate NPDR,89.26311951308445,14.323101145641893,90.88704221357885,0.7463727678571429
APTOS 2019,2,Moderate NPDR,76.43806850084222,12.122341427381118,50.84466965073026,0.7456951530612245
APTOS 2019,0,No DR,101.15225374093454,15.049134579439198,79.37311717362134,0.4755261479591837
APTOS 2019,0,No DR,99.14351389582293,29.765208726937857,182.9109877162954,0.9895966198979592
APTOS 2019,0,No DR,91.38503532434169,22.303482561397985,38.0935121073178,0.47578523596938777
APTOS 2019,4,Proliferative DR,79.77077838262528,22.53342323546425,73.86373460139951,0.7459343112244898
APTOS 2019,4,Proliferative DR,97.10275701752194,15.535780510299858,104.76505366403782,0.8335060586734694
APTOS 2019,0,No DR,86.19218778653952,19.75625395577013,65.45538999532508,0.47616390306122447
APTOS 2019,0,No DR,90.43526815747693,15.244505391590607,148.01171053841958,0.7902782206632653
APTOS 2019,1,Mild NPDR,85.34440138570841,14.839199195248895,122.77957012515981,0.7149433992346939
APTOS 2019,2,Moderate NPDR,72.82492373996025,14.55130716460268,104.46203166743771,0.7553212691326531
APTOS 2019,4,Proliferative DR,102.94929080002242,11.16740172686476,87.57740681188443,0.7462332589285714
APTOS 2019,0,No DR,56.65549015717655,21.421467336278297,90.69434167640662,0.9594029017857143
APTOS 2019,0,No DR,91.01028208441,14.77402829075172,112.48001142172721,0.7900988520408163
APTOS 2019,2,Moderate NPDR,64.84581561454935,29.93048777490967,84.75087015519861,0.9936423788265306
APTOS 2019,0,No DR,67.50100342075257,23.653210241982244,95.04518963970932,0.9047951211734694
APTOS 2019,0,No DR,107.90016366612112,14.752615125959792,154.55332212244448,0.7916733099489796
APTOS 2019,0,No DR,100.46346628069047,14.824997872900514,148.29944070511755,0.7920519770408163
APTOS 2019,0,No DR,97.46788328969166,15.666375125192504,135.11591719657133,0.7938655931122449
APTOS 2019,0,No DR,95.24236851783743,21.70155809642951,95.05928595245871,0.4749083227040816
APTOS 2019,3,Severe NPDR,74.29399185634355,13.346556736739405,109.7611977970598,0.7199258609693877
APTOS 2019,0,No DR,103.62887592447977,19.982185424231027,272.70382622917754,0.47518734056122447
APTOS 2019,2,Moderate NPDR,60.70795818327331,12.79092310109647,62.25314092223523,0.8330476721938775
APTOS 2019,2,Moderate NPDR,89.44322014841467,9.564216264851204,83.17420094861859,0.7518534757653061
APTOS 2019,0,No DR,60.84304196043535,20.410375155937512,162.12955416590657,0.9043367346938775
APTOS 2019,0,No DR,93.61254188027287,41.11475281762917,148.33849187827263,0.9973692602040817
APTOS 2019,4,Proliferative DR,70.36757245320428,22.452903271084388,56.635656464163965,0.7234534438775511
APTOS 2019,0,No DR,46.74292039479753,17.113436515121624,110.76348827469258,0.47343351403061223
APTOS 2019,0,No DR,45.82210939303023,19.43291395843137,121.68626812121234,0.47305484693877553
APTOS 2019,1,Mild NPDR,51.880306940416105,25.71297876589626,108.72322800286906,0.9038982780612245
APTOS 2019,0,No DR,103.54095938977224,13.94799870367175,152.1066329540055,0.7913145727040817
APTOS 2019,2,Moderate NPDR,128.13262904220142,13.767074674240694,67.8196266664854,0.7463129783163265
APTOS 2019,0,No DR,51.86757864676892,9.350345788178268,125.00382190736471,0.47403140943877553
APTOS 2019,2,Moderate NPDR,113.71131271340627,23.2298756985418,85.2347177893173,0.8357979910714286
APTOS 2019,2,Moderate NPDR,61.85442055776165,19.573312768908295,59.66213687373343,0.9042370854591837
APTOS 2019,2,Moderate NPDR,60.932280731222534,14.49715674669983,81.94331859261253,0.7549625318877551
APTOS 2019,1,Mild NPDR,68.95955909920268,8.432814707064832,64.77639529906041,0.833625637755102
APTOS 2019,0,No DR,118.47079000964733,16.47804839547244,143.88206262981626,0.7925502232142857
APTOS 2019,0,No DR,96.1033180686109,17.65553552515882,152.2888688900404,0.7925302933673469
APTOS 2019,1,Mild NPDR,109.55114061798034,12.776484227503204,70.44302844498661,0.8346819196428571
APTOS 2019,0,No DR,53.73151858504905,13.391133793411703,188.0548834080573,0.47401147959183676
APTOS 2019,0,No DR,84.70723484593083,27.85364044070511,179.33131475109482,0.9365632971938775
APTOS 2019,0,No DR,101.32044020936787,13.629310887959402,93.18080308838665,0.7915537308673469
APTOS 2019,2,Moderate NPDR,61.28795120396923,24.18749254107647,71.836865842523,0.9060307716836735
APTOS 2019,0,No DR,91.17571297148115,24.676117994625493,90.74650022766339,0.474609375
APTOS 2019,2,Moderate NPDR,63.278754841486155,16.80170461015542,90.51441660319456,0.7344945790816326
APTOS 2019,1,Mild NPDR,94.63964909649846,11.382481375965764,82.05056825613491,0.8336057079081632
APTOS 2019,4,Proliferative DR,68.94688090307017,33.33103537829083,82.75980257593089,0.9059909119897959
APTOS 2019,0,No DR,102.86049950264807,14.168104927791815,71.02246692060821,0.7908163265306123
APTOS 2019,2,Moderate NPDR,116.39012761183565,13.08740808232334,140.10642024554758,0.7459343112244898
APTOS 2019,0,No DR,91.01139111278276,10.89386022942254,134.44300200955155,0.7909757653061225
APTOS 2019,2,Moderate NPDR,109.6650685507612,11.559691123942951,85.58836715309991,0.7460538903061225
APTOS 2019,0,No DR,43.03344806747418,15.717719354792623,75.6270563873793,0.7973134566326531
APTOS 2019,0,No DR,55.515904494234455,16.610232445910952,97.49969247331317,0.7975725446428571
APTOS 2019,0,No DR,50.546731995932326,20.40416401429651,108.36341655874693,0.47243702168367346
APTOS 2019,0,No DR,63.30858358950106,23.224676171987728,81.74032835456126,0.7973732461734694
APTOS 2019,0,No DR,102.58897197119134,17.506022095780594,90.23246367137365,0.47586495535714285
APTOS 2019,0,No DR,78.13023139462163,9.454354335115841,83.25399179114838,0.8328483737244898
APTOS 2019,4,Proliferative DR,61.21618509667608,18.516881542692566,71.84918096421357,0.9691286670918368
APTOS 2019,2,Moderate NPDR,112.65576460934295,15.729887465679527,23.22651605479624,0.7162388392857143
APTOS 2019,0,No DR,78.81266623864991,11.178842119141194,72.77683538611421,0.4760642538265306
APTOS 2019,0,No DR,68.52165990980731,24.32038760308239,159.0767929673986,0.9054727359693877
APTOS 2019,2,Moderate NPDR,80.04274744240726,14.131390204605081,129.4528559858417,0.8330078125
APTOS 2019,2,Moderate NPDR,97.88650513208817,11.479393666320847,93.23269105246892,0.7464923469387755
APTOS 2019,2,Moderate NPDR,70.26679280983917,16.29451006763989,73.68988843769455,0.7349529655612245
APTOS 2019,3,Severe NPDR,115.22704336530775,17.066024309215656,128.46226781501957,0.8338647959183674
APTOS 2019,2,Moderate NPDR,66.92236544616378,15.777876427714022,54.42054940496655,0.7180723852040817
APTOS 2019,0,No DR,99.56802939825448,14.063462285289347,94.28454985927333,0.47520727040816324
APTOS 2019,3,Severe NPDR,78.17642269575227,12.717644922370026,47.42584504962033,0.7456552933673469
APTOS 2019,0,No DR,100.4590126396776,21.933904940657538,41.96869912763067,0.47666214923469385
APTOS 2019,0,No DR,53.06499817484943,21.181195482651123,35.9243571643914,0.9044563137755102
APTOS 2019,0,No DR,95.09143959931994,36.80634930212356,110.92449823861722,0.47506776147959184
APTOS 2019,0,No DR,70.10847110153232,31.886267807488565,275.40199359409837,0.7970942283163265
APTOS 2019,4,Proliferative DR,86.64128261521543,17.341745511717864,94.40019304065822,0.8336057079081632
APTOS 2019,0,No DR,53.333639754162945,19.118525351456903,80.61715212322298,0.7976323341836735
APTOS 2019,2,Moderate NPDR,48.435498585895445,12.120284643349025,55.24588533315501,0.904655612244898
APTOS 2019,0,No DR,84.82359426681367,39.67893160231373,195.23020831349567,0.4751674107142857
APTOS 2019,1,Mild NPDR,86.27496067363745,22.89649558295788,82.13778433594369,0.8951291454081632
APTOS 2019,0,No DR,120.6040662166506,16.09402178782826,126.16878159961836,0.7925701530612245
APTOS 2019,0,No DR,42.75934404784152,17.330659955417232,109.30552545234113,0.47165975765306123
APTOS 2019,0,No DR,90.76322018397977,17.411728473381984,157.39024448729512,0.790397799744898
APTOS 2019,2,Moderate NPDR,127.25907142256717,10.148631522553918,120.04047749305626,0.7464126275510204
APTOS 2019,0,No DR,51.04449993428834,18.291833854031545,65.39794860037452,0.7970344387755102
APTOS 2019,0,No DR,41.43985728848114,15.326226482079194,191.93665165863902,0.47323421556122447
APTOS 2019,0,No DR,99.76925761847228,17.885773660897918,144.77021238961115,0.7911352040816326
APTOS 2019,0,No DR,102.51489244346388,12.465901597949761,95.95980929205261,0.4749282525510204
APTOS 2019,2,Moderate NPDR,90.92692980264802,18.617194519931672,184.89591085726425,0.8339245854591837
APTOS 2019,0,No DR,93.08799670012374,16.511254484438226,127.57305708197894,0.4763233418367347
APTOS 2019,1,Mild NPDR,73.36166595835104,13.046459834440073,130.38879493501025,0.8333266900510204
APTOS 2019,3,Severe NPDR,92.90655467226638,9.919420234531545,122.3024491618277,0.8333864795918368
APTOS 2019,1,Mild NPDR,82.39125106297834,16.333884246838252,83.52862715802021,0.8329480229591837
APTOS 2019,0,No DR,111.13059081900477,15.621352529794057,164.46070878571024,0.7927096619897959
APTOS 2019,4,Proliferative DR,73.06307760011735,14.459205849649733,92.07664909897765,0.7186503507653061
APTOS 2019,0,No DR,115.2133981051558,15.870336572064131,185.7172429908404,0.7917928890306123
APTOS 2019,0,No DR,116.03758777364726,17.21257436605598,264.0214778852683,0.4756457270408163
APTOS 2019,2,Moderate NPDR,115.60069561314933,15.451477692214967,233.56121794607935,0.7462332589285714
APTOS 2019,4,Proliferative DR,64.70989286528379,15.484619461139927,44.401003027730404,0.9049545599489796
APTOS 2019,0,No DR,63.075463037961015,15.795250281132704,140.45032307177186,0.7881257971938775
APTOS 2019,1,Mild NPDR,74.90642470364408,12.870526652333663,132.77093565504086,0.7204639668367347
APTOS 2019,0,No DR,109.35945821854912,16.214894695653676,234.5978094050953,0.47544642857142855
APTOS 2019,3,Severe NPDR,63.56976472648724,12.760592966613501,87.66111425442146,0.7225566007653061
APTOS 2019,0,No DR,96.5483489615519,13.703807701643438,140.20445886600862,0.7909956951530612
APTOS 2019,2,Moderate NPDR,98.65505284939321,8.559017084062884,87.954233251082,0.7560387436224489
APTOS 2019,2,Moderate NPDR,81.22658829414708,13.516771432966845,114.2098744970284,0.8329679528061225
APTOS 2019,0,No DR,66.74304121957306,17.359214019618474,125.78709332111974,0.9091398278061225
APTOS 2019,1,Mild NPDR,67.68989303209037,13.800147520844671,102.79633681374143,0.8334462691326531
APTOS 2019,0,No DR,91.31559161967634,23.411480952577342,102.6200652096796,0.47620376275510207
APTOS 2019,3,Severe NPDR,55.609969802342604,25.493119539033376,135.45462271584915,0.9114317602040817
APTOS 2019,3,Severe NPDR,108.4722833150055,20.562972931902845,155.50895282437463,0.8335857780612245
APTOS 2019,1,Mild NPDR,112.38609681770495,9.552751474606314,105.38131703304228,0.8340441645408163
APTOS 2019,2,Moderate NPDR,52.7293688767373,16.079254782098555,37.226963953411776,0.9052933673469388
APTOS 2019,0,No DR,44.825240422513005,12.236419256711784,51.014431590720385,0.7973134566326531
APTOS 2019,0,No DR,36.985530399853936,10.396978038114241,36.67345194499187,0.9042171556122449
APTOS 2019,2,Moderate NPDR,77.15418489846292,6.746802072315017,76.10957308997132,0.7455357142857143
APTOS 2019,2,Moderate NPDR,69.6365024818633,22.211784945201753,197.71252291677757,0.7147241709183674
APTOS 2019,0,No DR,98.6285154572778,15.75750155263444,151.77588814312338,0.7915338010204082
APTOS 2019,2,Moderate NPDR,62.094780563478956,7.976424896634485,96.7522347731247,0.8326889349489796
APTOS 2019,0,No DR,99.10356372976196,21.688663337644236,74.91639934079336,0.47598453443877553
APTOS 2019,0,No DR,79.33484893325083,13.864394459420337,137.14806118990748,0.7902782206632653
APTOS 2019,2,Moderate NPDR,105.6957293150411,21.299356173598287,378.03608827719603,0.8336654974489796
APTOS 2019,1,Mild NPDR,101.58349366582544,17.558890660040433,77.0641524715978,0.8337651466836735
APTOS 2019,0,No DR,107.19587486793147,29.787645373132758,147.24923058992243,0.47518734056122447
APTOS 2019,0,No DR,49.108143887519404,15.686870785853431,36.440310529996324,0.9041573660714286
APTOS 2019,1,Mild NPDR,65.08050635444812,16.09948784029755,112.68934282217307,0.8328284438775511
APTOS 2019,0,No DR,52.00732734099442,21.050446611671436,58.523152432457124,0.90625
APTOS 2019,0,No DR,105.14340441491642,16.152361185434724,184.77963880874543,0.7922911352040817
APTOS 2019,0,No DR,95.08576282080712,21.75614334914876,185.59146322198228,0.4754264987244898
APTOS 2019,2,Moderate NPDR,74.70136786635273,9.576698332346306,58.425033027153056,0.7540656887755102
APTOS 2019,2,Moderate NPDR,110.98525263246097,21.883144196552273,139.39048455838028,0.7486846301020408
APTOS 2019,0,No DR,111.67878332304223,16.16651523147547,124.2192866286272,0.7915138711734694
APTOS 2019,1,Mild NPDR,86.70038784744668,17.68018484652619,111.7479171383943,0.7177933673469388
APTOS 2019,0,No DR,94.8553619302949,14.553748655794168,153.55771549856607,0.7919523278061225
APTOS 2019,4,Proliferative DR,85.87125660598943,20.387641228511825,39.784015545086575,0.7149832589285714
APTOS 2019,1,Mild NPDR,81.121025,10.092419330833168,72.025405744375,0.8334263392857143
APTOS 2019,1,Mild NPDR,68.71212424348522,10.821521076799435,103.08698297242528,0.8331273915816326
APTOS 2019,2,Moderate NPDR,102.81173056430951,17.691421307760447,76.7328686735313,0.9094387755102041
APTOS 2019,4,Proliferative DR,77.58892381968225,15.116047282882915,80.21094544501409,0.7452367665816326
APTOS 2019,2,Moderate NPDR,68.9012456263121,16.351882504149813,65.30205586587145,0.7550223214285714
APTOS 2019,2,Moderate NPDR,76.37174711896608,16.164672018579164,106.91676230299775,0.8333266900510204
APTOS 2019,2,Moderate NPDR,67.7348393875713,18.211366554351862,98.49081855547657,0.8327487244897959
APTOS 2019,0,No DR,107.6122720800992,13.707451172640008,84.07379100027752,0.4752670599489796
APTOS 2019,2,Moderate NPDR,104.10390266492654,37.98414582412315,216.74934049371404,0.9884606186224489
APTOS 2019,0,No DR,111.47753065221474,14.747879322647234,123.94854014553064,0.7918327487244898
APTOS 2019,2,Moderate NPDR,70.32155452911329,19.88624260998318,39.00673393563438,0.9063695790816326
APTOS 2019,0,No DR,115.72855612108224,13.907638446447704,134.13008507035627,0.792610012755102
APTOS 2019,2,Moderate NPDR,128.82951196363456,9.728707049900033,87.79916437706272,0.8341637436224489
APTOS 2019,2,Moderate NPDR,81.13831285923588,13.465493278986182,96.2628699133403,0.7502790178571429
APTOS 2019,0,No DR,98.44555066552168,14.358627310777118,157.785468507829,0.7917131696428571
APTOS 2019,0,No DR,102.75770417057798,18.664797276019048,84.44265462047669,0.7918925382653061
APTOS 2019,0,No DR,90.4865051762361,41.01299540412429,200.80085204683,0.9953164859693877
APTOS 2019,0,No DR,107.40768015424578,18.508293575592084,175.45539212538014,0.7927694515306123
APTOS 2019,1,Mild NPDR,88.32070050964325,11.999806558388164,98.11035484164782,0.8338647959183674
APTOS 2019,1,Mild NPDR,80.12374765771393,10.79298599112663,62.51192962175029,0.8336654974489796
APTOS 2019,2,Moderate NPDR,88.45137435751579,20.547677356970553,121.348655571779,0.9895966198979592
APTOS 2019,0,No DR,117.10342421640189,13.249854584000351,103.49825921425574,0.7915138711734694
APTOS 2019,2,Moderate NPDR,43.75171330343116,15.543198691354796,38.50913838145415,0.9057318239795918
APTOS 2019,0,No DR,119.62072021268025,16.81697446171648,115.58405138106325,0.7912547831632653
APTOS 2019,2,Moderate NPDR,81.6701216893343,13.132628304501335,68.99273842988018,0.7355508609693877
APTOS 2019,1,Mild NPDR,100.61106112860499,8.288911357385254,85.01079404597054,0.8335857780612245
APTOS 2019,0,No DR,84.10915444388247,11.884915811333531,71.62909525065781,0.474788743622449
APTOS 2019,0,No DR,91.2977275783246,16.12630066570424,235.05035719902864,0.7905173788265306
APTOS 2019,0,No DR,117.73646190068493,13.301023404685452,163.4002685317807,0.7933474170918368
APTOS 2019,2,Moderate NPDR,73.52713449707397,20.825427268704242,113.24207847527809,0.8330476721938775
APTOS 2019,0,No DR,98.99664321392126,14.378230545721292,151.77174021178777,0.791015625
APTOS 2019,2,Moderate NPDR,86.68292892543043,16.013219552238247,196.67530952838996,0.7353316326530612
APTOS 2019,2,Moderate NPDR,71.17595783036305,23.72245859150902,48.76121958471235,0.9042769451530612
APTOS 2019,2,Moderate NPDR,79.83173317331733,14.52857346924039,129.58910513701136,0.8331871811224489
APTOS 2019,2,Moderate NPDR,52.78079132099553,17.25982027718332,36.71802853406871,0.9051538584183674
APTOS 2019,0,No DR,92.8028490794248,14.740461187560415,94.44919538681224,0.7908761160714286
APTOS 2019,2,Moderate NPDR,89.63897849462366,15.215681887467706,137.22986009943344,0.7905173788265306
APTOS 2019,2,Moderate NPDR,84.20547474516093,14.903820149029247,92.44868669190744,0.7356106505102041
APTOS 2019,2,Moderate NPDR,131.43457419969727,14.490134633156503,128.67040424817222,0.7467912946428571
APTOS 2019,0,No DR,85.16014428639488,36.119580825389505,185.84505794841732,0.9090202487244898
APTOS 2019,3,Severe NPDR,89.11031641586085,13.178451581339896,66.04999679664651,0.7358896683673469
APTOS 2019,2,Moderate NPDR,85.68214786371671,16.180253943933323,60.67099288056205,0.9895567602040817
APTOS 2019,0,No DR,102.08976081698468,15.827058667000541,153.95549536066463,0.7910355548469388
APTOS 2019,0,No DR,97.16840528540095,14.471396847176738,121.38545573987064,0.7933075573979592
APTOS 2019,0,No DR,103.89796685735772,20.349971184554047,225.16882316490137,0.7913544323979592
APTOS 2019,0,No DR,107.81956441830546,21.432776848258623,136.0372237462126,0.4750876913265306
APTOS 2019,2,Moderate NPDR,99.44567565293012,10.023685797302885,82.90218298190503,0.7461734693877551
APTOS 2019,2,Moderate NPDR,96.3417606402328,22.965659837800413,157.31170968100886,0.9067482461734694
APTOS 2019,0,No DR,101.34468302383704,16.710161716643857,165.23197293493564,0.7909757653061225
APTOS 2019,2,Moderate NPDR,116.83394420973111,14.748127793325624,146.65728271362812,0.7556002869897959
APTOS 2019,2,Moderate NPDR,94.41874119304838,22.56537074575917,81.37414735053885,0.7151028380102041
APTOS 2019,0,No DR,115.29263711495116,13.525393117350234,124.25933994116501,0.7914740114795918
APTOS 2019,3,Severe NPDR,60.329181494661924,16.508110045486745,115.0688467333694,0.5467554209183674
APTOS 2019,0,No DR,114.16358231339886,15.570137174185767,116.46496525015567,0.7929089604591837
APTOS 2019,1,Mild NPDR,93.926685129321,35.30917707611163,167.25855614142327,0.8426538584183674
APTOS 2019,2,Moderate NPDR,116.86742360527053,11.271885289867269,110.29128856086565,0.7467713647959183
APTOS 2019,0,No DR,92.09094335558906,19.384161415930762,137.43276522349075,0.7899992028061225
APTOS 2019,4,Proliferative DR,64.47963762048904,25.90662162199387,424.9536936969345,0.9747887436224489
APTOS 2019,3,Severe NPDR,115.17109696742793,18.320939139122494,67.67536434437181,0.8344427614795918
APTOS 2019,0,No DR,111.56252513067953,18.14821878489844,170.69746462797627,0.7922512755102041
APTOS 2019,0,No DR,109.47634171287075,21.868969084199268,278.8661197425262,0.7899792729591837
APTOS 2019,0,No DR,98.50632503424382,13.7065531220171,144.32943852308037,0.7913544323979592
APTOS 2019,0,No DR,66.40653353394428,26.75222190942932,138.47141691139313,0.9049944196428571
APTOS 2019,3,Severe NPDR,96.63394734628649,10.13379916753728,63.90501198808015,0.74609375
APTOS 2019,2,Moderate NPDR,89.7483614349327,17.676288848728998,159.04105973593397,0.8328483737244898
APTOS 2019,0,No DR,97.55109723625011,19.13885997879807,73.88542723764346,0.4754663584183674
APTOS 2019,4,Proliferative DR,68.48111423167306,14.493307802678517,91.93199194232703,0.7352120535714286
APTOS 2019,0,No DR,53.971594227079336,16.655205578090168,39.83467655355466,0.9901945153061225
APTOS 2019,0,No DR,64.887525329569,27.13531080002459,232.26268934860914,0.9058314732142857
APTOS 2019,0,No DR,103.1949626364174,17.702010861430363,184.3340823239781,0.7906768176020408
APTOS 2019,4,Proliferative DR,62.62149493361776,9.51434863000072,48.80065286363701,0.7458745216836735
APTOS 2019,3,Severe NPDR,76.85770701592142,13.937249283649274,83.95773089448736,0.8333266900510204
APTOS 2019,4,Proliferative DR,94.72730453034808,11.212569243785968,71.81444605061752,0.8336057079081632
APTOS 2019,2,Moderate NPDR,56.60537901772475,25.543973255797525,73.85951303594302,0.9043168048469388
APTOS 2019,1,Mild NPDR,105.6108930937086,14.072572181174984,64.46758847471395,0.833366549744898
APTOS 2019,0,No DR,112.61035407725322,15.445435596833029,129.80628723129914,0.7917530293367347
APTOS 2019,2,Moderate NPDR,91.87962199054977,18.405306391899508,75.5637330006727,0.8333864795918368
APTOS 2019,0,No DR,105.25916174099946,15.437424715074489,155.44427034846032,0.7910355548469388
APTOS 2019,0,No DR,95.0,24.4553951960582,295.7444309532976,0.4750478316326531
APTOS 2019,0,No DR,93.62911444704586,36.785857501308605,119.14799472249355,0.47548628826530615
APTOS 2019,0,No DR,47.3926218108028,27.167768927400417,72.07247600692065,0.9048549107142857
APTOS 2019,0,No DR,97.61175743571832,18.088253912536693,159.4450275157885,0.7910355548469388
APTOS 2019,2,Moderate NPDR,109.91801116754118,13.317861176644202,84.67005534431081,0.7458545918367347
APTOS 2019,1,Mild NPDR,120.32792086133247,14.19511521851374,146.8955635423615,0.8339644451530612
APTOS 2019,0,No DR,112.753365874591,13.602608157360445,120.8817255571115,0.7917530293367347
APTOS 2019,2,Moderate NPDR,95.8869154676259,10.026749129182843,48.47241027559148,0.8339046556122449
APTOS 2019,2,Moderate NPDR,70.01536202085475,23.064417740579163,184.7705424944795,0.7147241709183674
APTOS 2019,2,Moderate NPDR,80.12134207870838,9.62893180925816,83.60980207030396,0.7540856186224489
APTOS 2019,0,No DR,55.38133011136794,20.89213726983673,56.52501538582341,0.7975924744897959
APTOS 2019,0,No DR,50.58088834020646,16.132049987804514,44.77355784374658,0.7975526147959183
APTOS 2019,0,No DR,114.8166513761468,22.11113314532307,97.28836856956485,0.47580516581632654
APTOS 2019,0,No DR,115.08121718632809,12.073824387246072,81.97110859644171,0.7925701530612245
APTOS 2019,4,Proliferative DR,85.012321355055,14.58185622631386,171.3293452113299,0.7170360331632653
APTOS 2019,0,No DR,92.25839911878099,24.67215288919983,113.31696949919697,0.4756656568877551
APTOS 2019,2,Moderate NPDR,117.91344884320854,17.329187795158767,253.20994866887264,0.9896364795918368
APTOS 2019,0,No DR,52.94902212958446,24.108145207548876,97.61393845705865,0.962531887755102
APTOS 2019,0,No DR,105.15970786826513,18.214729913521037,112.59697676408352,0.47522720025510207
APTOS 2019,2,Moderate NPDR,48.215813232410746,21.156598013489795,179.35962293193506,0.9049346301020408
APTOS 2019,1,Mild NPDR,108.2257203842049,11.077331141378515,85.37401521291227,0.7524115114795918
APTOS 2019,0,No DR,111.11808088393049,14.23689591767969,112.98376794946114,0.7920719068877551
APTOS 2019,0,No DR,101.19075237634928,16.258990890863245,171.45495113175636,0.7913544323979592
APTOS 2019,0,No DR,123.77363515312916,24.14595678456258,178.75151208452098,0.47538663903061223
APTOS 2019,0,No DR,100.41006035304261,31.612178885120393,103.61599651986865,0.9087013711734694
APTOS 2019,2,Moderate NPDR,114.3842724978974,11.070150928146653,60.863213702625124,0.7460339604591837
APTOS 2019,2,Moderate NPDR,57.42542848666043,18.922245198245953,54.92179664312662,0.9042570153061225
APTOS 2019,0,No DR,87.96627357408342,22.369446885250575,40.24627173652612,0.47580516581632654
APTOS 2019,2,Moderate NPDR,97.15226175777303,11.427689750934643,63.794593397621966,0.7461734693877551
APTOS 2019,2,Moderate NPDR,59.10710205200859,27.454860524259132,96.6785755459719,0.9034996811224489
APTOS 2019,3,Severe NPDR,100.8469632591852,12.16034047347327,64.55041987128811,0.8337252869897959
APTOS 2019,0,No DR,98.54679590737749,23.773519470649504,134.60819316959595,0.7898796237244898
APTOS 2019,3,Severe NPDR,93.24728872007597,12.177876886477184,108.74947841578143,0.8338249362244898
APTOS 2019,2,Moderate NPDR,112.14733595064499,8.480970577934064,63.009440518966294,0.7463926977040817
APTOS 2019,1,Mild NPDR,65.1937475009996,14.930253075814074,77.20121754314567,0.8336057079081632
APTOS 2019,0,No DR,111.97007835981108,14.764526469846194,147.57466522735623,0.7917729591836735
APTOS 2019,2,Moderate NPDR,96.35346762428459,10.878512750063013,78.73486274641283,0.7454360650510204
APTOS 2019,2,Moderate NPDR,61.60072527197699,16.938934803915124,126.2708228578089,0.8330277423469388
APTOS 2019,1,Mild NPDR,107.680048965724,15.027195781264938,105.07172468716786,0.8338847257653061
APTOS 2019,0,No DR,108.07628368413997,17.086722306438197,170.96388615704808,0.7918526785714286
APTOS 2019,0,No DR,109.07476108665307,14.7783807173017,142.57362910497278,0.791374362244898
APTOS 2019,1,Mild NPDR,107.680048965724,15.027195781264938,105.07172468716786,0.8338847257653061
APTOS 2019,4,Proliferative DR,90.01893772571127,13.892141537546308,73.08012563325438,0.7151626275510204
APTOS 2019,1,Mild NPDR,85.4344794842321,10.805090473435602,66.25915157672775,0.8336057079081632
APTOS 2019,0,No DR,104.82860520094563,13.819843909227968,123.95581296452067,0.7912348533163265
APTOS 2019,0,No DR,66.4058878440837,27.980534285226177,151.33878164289524,0.9058314732142857
APTOS 2019,2,Moderate NPDR,71.72145221929185,14.133825121287844,168.4561580705112,0.7461136798469388
APTOS 2019,0,No DR,115.798448988354,16.107266313000277,239.1272341939688,0.7915537308673469
APTOS 2019,2,Moderate NPDR,78.79570553544185,23.58500198146765,92.05579394452806,0.9057517538265306
APTOS 2019,4,Proliferative DR,65.98213868783563,25.97731271706868,187.39557182084647,0.7227758290816326
APTOS 2019,4,Proliferative DR,89.26346045989905,12.476964516644838,162.1808848784982,0.7537866709183674
APTOS 2019,3,Severe NPDR,104.86196707471507,11.741028504554963,175.7231107106316,0.7445392219387755
APTOS 2019,0,No DR,71.58252029746879,21.328879289465103,227.62325759825984,0.9065688775510204
APTOS 2019,2,Moderate NPDR,89.77750357553492,10.836999305704031,111.04672844297993,0.746452487244898
APTOS 2019,0,No DR,101.82945924132365,15.961176618799673,199.56932821509758,0.7901785714285714
APTOS 2019,2,Moderate NPDR,92.35274481752644,11.833412726779644,41.15684166395181,0.7456154336734694
APTOS 2019,1,Mild NPDR,68.84291740925396,30.98203742845066,128.46306933129247,0.914421237244898
APTOS 2019,4,Proliferative DR,80.02634895176996,8.98760898865343,52.293883156178595,0.7355309311224489
APTOS 2019,0,No DR,80.6944457184791,19.05944660895256,102.98452485331299,0.4760044642857143
APTOS 2019,0,No DR,90.12899841274111,13.865404932621814,135.9171270732667,0.7903778698979592
APTOS 2019,2,Moderate NPDR,93.2910443490701,18.159545267353483,98.73443825862003,0.7359893176020408
APTOS 2019,3,Severe NPDR,67.34620193028954,15.385874072342324,98.1141645542976,0.8332469706632653
APTOS 2019,0,No DR,89.35276395427034,19.400058828316226,193.4391882201677,0.7903180803571429
APTOS 2019,0,No DR,48.785821228756795,14.309049780875188,22.717377671595038,0.7975725446428571
APTOS 2019,2,Moderate NPDR,100.50172680178133,30.823226194442846,61.076471057619486,0.9073262117346939
APTOS 2019,1,Mild NPDR,78.85060030015008,12.648945165377162,186.01790846398686,0.8328882334183674
APTOS 2019,2,Moderate NPDR,106.50715889949467,9.63655247401895,42.80677601332425,0.7454161352040817
APTOS 2019,4,Proliferative DR,70.65025237703956,10.589735427042818,53.81664403692149,0.7184510522959183
APTOS 2019,1,Mild NPDR,87.00679898015298,13.668951230170332,109.59345317631941,0.8334263392857143
APTOS 2019,2,Moderate NPDR,112.70017093059097,14.404416108757369,80.21227759981893,0.7471101721938775
APTOS 2019,0,No DR,96.89918900048337,13.02730027828581,149.00881585665968,0.7911750637755102
APTOS 2019,1,Mild NPDR,76.29962237727261,15.115772846559674,58.07216275191656,0.8330875318877551
APTOS 2019,0,No DR,64.64115126931316,29.100258341258048,110.49701540938456,0.9052136479591837
APTOS 2019,2,Moderate NPDR,76.49483504664715,13.975228993580187,64.06135406376758,0.8329878826530612
APTOS 2019,4,Proliferative DR,108.02516411378556,14.058568136209729,69.95025991901532,0.7461734693877551
APTOS 2019,2,Moderate NPDR,66.41633353977817,13.30711987295177,91.60611452628488,0.7508968431122449
APTOS 2019,2,Moderate NPDR,116.41395635487576,13.312130486078551,58.754982617738754,0.7466717155612245
APTOS 2019,2,Moderate NPDR,85.20756304878391,9.592925329204936,58.68104803719009,0.7456752232142857
APTOS 2019,2,Moderate NPDR,116.32571036533074,12.966234252582904,58.41913091686272,0.7365672831632653
APTOS 2019,0,No DR,93.98941116396571,13.311131197815206,143.26525673604155,0.7909159757653061
APTOS 2019,3,Severe NPDR,90.74921401302493,15.293330608256346,82.07079810583973,0.7456552933673469
APTOS 2019,0,No DR,79.19100420504606,14.518680610744026,111.95984228932149,0.8324896364795918
APTOS 2019,0,No DR,101.54041936263323,13.599978066365823,152.7814565315088,0.7914142219387755
APTOS 2019,0,No DR,53.099425769404476,17.86058937523278,91.06021891619176,0.9784956951530612
APTOS 2019,0,No DR,110.74206785570605,15.06794095925956,140.0912925096691,0.7917330994897959
APTOS 2019,0,No DR,77.6393601551139,15.789820226066885,133.5970754787911,0.7898995535714286
APTOS 2019,0,No DR,106.6289930794262,15.389862607400289,99.87986046410637,0.4763233418367347
APTOS 2019,2,Moderate NPDR,90.49607989012247,8.771850467257151,57.90774077214658,0.7359494579081632
APTOS 2019,0,No DR,70.60511266546672,19.45933310078011,127.43821043445719,0.9053132971938775
APTOS 2019,0,No DR,47.26025440132731,15.15757304515515,135.11823214355186,0.47377232142857145
APTOS 2019,1,Mild NPDR,58.99545585879016,24.35942922728807,78.36336187921918,0.7975725446428571
APTOS 2019,2,Moderate NPDR,89.48920177259214,10.014455450189566,44.88198910208629,0.7462531887755102
APTOS 2019,0,No DR,58.89772727272727,17.358294683420493,168.41540060188393,0.7884247448979592
APTOS 2019,0,No DR,61.3221916312089,14.762978102601664,96.37074408323357,0.9062898596938775
APTOS 2019,0,No DR,113.53281646838659,10.832450577049135,94.22787560755663,0.7934072066326531
APTOS 2019,0,No DR,109.29711739760589,13.33017101924187,168.45934869800652,0.7916533801020408
APTOS 2019,0,No DR,105.64854478514418,18.41388989231727,163.7029938445018,0.7909359056122449
APTOS 2019,2,Moderate NPDR,118.58101845350112,16.501824994056005,69.63459062360455,0.7523915816326531
APTOS 2019,1,Mild NPDR,82.31964448094806,21.081783082932006,72.70927103233434,0.7188496492346939
APTOS 2019,0,No DR,92.49080206033848,27.967277407915457,104.16482565530414,0.47470902423469385
APTOS 2019,2,Moderate NPDR,90.51336763801108,13.093359894762395,144.0913699529868,0.7560786033163265
APTOS 2019,0,No DR,106.9613007256114,17.41239389768629,207.68772696436426,0.7909159757653061
APTOS 2019,0,No DR,92.17330275229358,26.682381967141747,281.95345854515614,0.47592474489795916
APTOS 2019,2,Moderate NPDR,49.798678213309024,17.063682749959263,41.0857948331573,0.9051538584183674
APTOS 2019,0,No DR,112.57680006450398,15.241974857610165,151.72605391847512,0.7909359056122449
APTOS 2019,2,Moderate NPDR,94.59617572949688,19.731796012573803,101.75181674826575,0.9894371811224489
APTOS 2019,2,Moderate NPDR,85.01883658069602,9.87932366640697,117.62248127983408,0.7507374043367347
APTOS 2019,0,No DR,109.22834067547724,10.372985750013838,152.2281863306713,0.475765306122449
APTOS 2019,0,No DR,77.78237748131848,13.319829863683674,66.68443861317213,0.47620376275510207
APTOS 2019,0,No DR,96.93373817712812,16.097285415961263,195.55395758619227,0.7911750637755102
APTOS 2019,1,Mild NPDR,92.00977035907944,9.341848113986988,103.03290229976663,0.8336654974489796
APTOS 2019,2,Moderate NPDR,86.28956077859426,10.57983586201421,108.43866777158549,0.7457948022959183
APTOS 2019,0,No DR,93.8346074616617,25.78550130737519,99.71154940698582,0.47684151785714285
APTOS 2019,0,No DR,43.023546591220224,13.207246542273284,93.76938927190461,0.9043168048469388
APTOS 2019,2,Moderate NPDR,84.20547474516093,14.903820149029247,92.44868669190744,0.7356106505102041
APTOS 2019,2,Moderate NPDR,101.99230288641759,13.088025236089198,141.65353964773516,0.8336057079081632
APTOS 2019,2,Moderate NPDR,101.52427701887746,11.56964869253617,55.165205236119,0.7461933992346939
APTOS 2019,2,Moderate NPDR,105.89911564625851,30.2731376123441,83.27949294532628,0.9091398278061225
APTOS 2019,0,No DR,93.1979792463135,39.94058359635485,117.96034901823728,0.9062898596938775
APTOS 2019,0,No DR,67.15666545255873,23.259568104017696,248.92782319313855,0.9059709821428571
APTOS 2019,1,Mild NPDR,86.33205057724024,14.29141290359317,45.894973482633496,0.8336854272959183
APTOS 2019,0,No DR,106.11812392979452,16.06801538588313,122.80276341795317,0.7931281887755102
APTOS 2019,4,Proliferative DR,73.70029174147217,12.502277526991817,99.28696534297728,0.7460738201530612
APTOS 2019,0,No DR,57.084869976359336,21.25193097430815,95.98946677932602,0.7975526147959183
APTOS 2019,2,Moderate NPDR,112.7059730790802,18.578318048382283,88.16159086691188,0.7464923469387755
APTOS 2019,0,No DR,83.78588483790982,19.670427842779826,82.879371366887,0.47536670918367346
APTOS 2019,0,No DR,94.05704312680844,10.811876248058427,72.14615114169646,0.4752869897959184
APTOS 2019,4,Proliferative DR,82.2790308370044,16.53889460020529,75.48311182354703,0.7148636798469388
APTOS 2019,2,Moderate NPDR,92.83332397844634,10.082045987775404,78.22648683521031,0.7458545918367347
APTOS 2019,2,Moderate NPDR,75.29921635817206,11.62617874178591,159.91076338352514,0.7525310905612245
APTOS 2019,0,No DR,61.89785119403672,12.237224111960748,85.53078234514072,0.4744499362244898
APTOS 2019,0,No DR,104.77604796859455,11.479511571467414,72.62194334813887,0.7905373086734694
APTOS 2019,0,No DR,116.76898581750066,15.691280612199959,132.8081359530987,0.7928691007653061
APTOS 2019,2,Moderate NPDR,107.37903729423226,8.41584400980408,50.9802324380565,0.8339245854591837
APTOS 2019,0,No DR,53.35071588073033,24.377040716504307,157.70580040373878,0.7974529655612245
APTOS 2019,2,Moderate NPDR,87.87339001599462,13.818560926663322,35.21198975742414,0.7460339604591837
APTOS 2019,0,No DR,95.16973932233,22.195446032445254,108.81269750370383,0.47482860331632654
APTOS 2019,2,Moderate NPDR,105.60698549167114,15.365165547402702,90.47208979185008,0.7909159757653061
APTOS 2019,0,No DR,86.00486305454879,20.6359655462179,205.87329681921616,0.4758848852040816
APTOS 2019,0,No DR,105.91188365428395,11.685037880636836,94.04517819670416,0.7924705038265306
APTOS 2019,0,No DR,109.93728185576974,16.91116103387626,165.46077979550944,0.7913345025510204
APTOS 2019,4,Proliferative DR,87.50178025736633,13.213461431759555,185.6550070586366,0.7539660395408163
APTOS 2019,0,No DR,50.923285688438575,17.152937437482695,44.24876432252541,0.9303651147959183
APTOS 2019,2,Moderate NPDR,95.19883720930233,38.92114577197338,148.1508459748234,0.9887197066326531
APTOS 2019,1,Mild NPDR,78.88916940166625,12.738099104384506,144.4804893802827,0.7457150829081632
APTOS 2019,4,Proliferative DR,68.18273895863553,9.774916127803257,78.06032115054104,0.8331672512755102
APTOS 2019,0,No DR,115.88420545230572,15.372959036579477,157.8400491458786,0.7926897321428571
APTOS 2019,0,No DR,64.46939579339863,27.031829842143207,230.8768198255738,0.7978117028061225
APTOS 2019,2,Moderate NPDR,67.03917010373704,13.316237277822935,93.65773305333461,0.8333466198979592
APTOS 2019,2,Moderate NPDR,74.54085535031369,20.35498138973497,112.71124755657324,0.8333864795918368
APTOS 2019,2,Moderate NPDR,80.79315085614299,13.464288774359368,112.97836407119526,0.8334861288265306
APTOS 2019,2,Moderate NPDR,78.56014700106604,10.078230921508887,75.86493699434214,0.7454559948979592
APTOS 2019,0,No DR,102.7187324207763,15.248062404749795,179.29548380366114,0.792350924744898
APTOS 2019,2,Moderate NPDR,70.63530498558352,17.277028799454254,151.9679148124098,0.7550023915816326
APTOS 2019,4,Proliferative DR,94.9173447056843,15.801334964993135,54.00319837058978,0.74609375
APTOS 2019,0,No DR,67.8835366964123,17.779166360073795,145.11217534580268,0.9059311224489796
APTOS 2019,0,No DR,97.57581697591364,14.659205332461134,88.5958449581774,0.7911750637755102
APTOS 2019,0,No DR,67.44689237218627,24.5558723859451,200.58805686173486,0.9054129464285714
APTOS 2019,4,Proliferative DR,86.49407546429872,10.529279388683825,82.42729352001979,0.7547034438775511
APTOS 2019,2,Moderate NPDR,87.19894350696993,22.963722298526687,34.662998024835176,0.7153021364795918
APTOS 2019,0,No DR,52.315630419929576,19.12377491748997,49.75562129281344,0.797233737244898
APTOS 2019,2,Moderate NPDR,68.53289381399915,13.8970229169141,127.66092755077408,0.7535275829081632
APTOS 2019,0,No DR,88.35840083735323,25.464428200654794,246.75256371105863,0.9063496492346939
APTOS 2019,4,Proliferative DR,108.86110487941671,11.199309745159495,79.05047082591899,0.7458147321428571
APTOS 2019,4,Proliferative DR,73.63421849045442,26.248891010789198,75.64290590714268,0.9062101403061225
APTOS 2019,1,Mild NPDR,98.01196729728662,19.245532261357287,217.67206332032833,0.5471938775510204
APTOS 2019,0,No DR,75.13933593432496,29.557093749123297,46.641957250742145,0.9976084183673469
APTOS 2019,0,No DR,83.26156296541453,34.22647071648013,273.4138861844656,0.9926857461734694
APTOS 2019,2,Moderate NPDR,90.76684675723942,32.819239771935166,49.770255878050094,0.9125478316326531
APTOS 2019,4,Proliferative DR,106.41946283572767,8.975345004514056,45.46426110539127,0.8337850765306123
APTOS 2019,1,Mild NPDR,83.01781787285086,13.533113068938787,79.06032039340903,0.8334861288265306
APTOS 2019,2,Moderate NPDR,87.34704448507009,18.97165409899546,78.34722657258156,0.989616549744898
APTOS 2019,0,No DR,104.39329325317301,14.057262525194789,162.80581586312238,0.7935267857142857
APTOS 2019,2,Moderate NPDR,129.57150060225777,12.179705522258953,129.17845552067553,0.7463727678571429
APTOS 2019,0,No DR,113.41609103078983,14.616389298509471,133.6366833947123,0.7930086096938775
APTOS 2019,0,No DR,48.562767376604256,10.860076538756402,105.09222382865462,0.47458944515306123
APTOS 2019,4,Proliferative DR,99.03629228609894,17.3774079367114,141.37861913072842,0.7354910714285714
APTOS 2019,1,Mild NPDR,98.48779878612284,10.895151707835188,88.14982753586247,0.8341039540816326
APTOS 2019,2,Moderate NPDR,82.05803561276238,28.634890800678228,171.69237349363667,0.9066685267857143
APTOS 2019,0,No DR,86.02567878508974,20.649209685080056,83.89744907219062,0.47441007653061223
APTOS 2019,2,Moderate NPDR,77.29707154825319,11.86107814908858,80.9792030648138,0.8329280931122449
APTOS 2019,2,Moderate NPDR,113.20249571400467,11.65643911994276,44.14576963810092,0.7449577487244898
APTOS 2019,2,Moderate NPDR,97.25313577532357,15.361426582575149,65.12605467422681,0.8337452168367347
APTOS 2019,0,No DR,57.92247390729684,15.42451140479871,103.646531757989,0.9052335778061225
APTOS 2019,2,Moderate NPDR,90.18073739212117,19.100922686016823,103.33068116219457,0.7151227678571429
APTOS 2019,2,Moderate NPDR,61.23376331183441,13.686227067428366,88.72790130867438,0.8333266900510204
APTOS 2019,2,Moderate NPDR,80.75334137844669,23.939053432990555,207.74992942855357,0.9057118941326531
APTOS 2019,0,No DR,66.63690770823021,19.480433704565993,119.13511897223768,0.9347895408163265
APTOS 2019,3,Severe NPDR,91.48140495867769,27.295181303863828,75.07644557527577,0.9083027742346939
APTOS 2019,0,No DR,97.8799853136904,18.466548369250976,117.93492027109812,0.4755859375
APTOS 2019,2,Moderate NPDR,46.68360167771614,30.75299734340806,246.2243804682696,0.9140425701530612
APTOS 2019,2,Moderate NPDR,81.86745940488544,13.275342770267791,138.08071490058447,0.7458745216836735
APTOS 2019,2,Moderate NPDR,86.94787996901782,15.8114272357819,101.10022199094952,0.8337850765306123
APTOS 2019,0,No DR,97.97983567823005,17.093333170996928,150.31331616705356,0.7915138711734694
APTOS 2019,0,No DR,64.22071940922686,30.123284272948364,81.52276599994667,0.7942044005102041
APTOS 2019,0,No DR,85.79276174062903,19.786822396273774,198.15960161385442,0.7898198341836735
APTOS 2019,2,Moderate NPDR,136.7484301412873,16.521098402415305,153.9186464560539,0.7461933992346939
APTOS 2019,2,Moderate NPDR,112.55360227336045,15.144191315364733,84.12865366607011,0.7504982461734694
APTOS 2019,4,Proliferative DR,105.38408702234433,13.569910717425932,85.6371784914314,0.7461136798469388
APTOS 2019,4,Proliferative DR,61.41415809623902,7.151619849741615,91.40750061434382,0.8326889349489796
APTOS 2019,1,Mild NPDR,134.66947886255488,13.637637053846461,82.67020178400031,0.9044363839285714
APTOS 2019,0,No DR,94.90269502245852,24.00473799514656,150.87840239499627,0.4763034119897959
APTOS 2019,3,Severe NPDR,101.56280660443473,12.867501887377022,132.45657974215592,0.7467912946428571
APTOS 2019,1,Mild NPDR,76.93339598261483,19.16358549407854,42.51611965425175,0.7148636798469388
APTOS 2019,0,No DR,89.76759899857323,15.237318014958488,170.98375776262722,0.7899194834183674
APTOS 2019,0,No DR,73.4203010772279,25.707094050932366,169.34530018255737,0.9055923150510204
APTOS 2019,0,No DR,63.12425925543557,22.321837328258894,91.42404572820796,0.9924864477040817
APTOS 2019,2,Moderate NPDR,95.11272156363057,43.77689584297805,231.4395042722227,0.9064094387755102
APTOS 2019,0,No DR,107.73912578532281,18.83723711667662,217.81273220340705,0.7946029974489796
APTOS 2019,2,Moderate NPDR,76.8257910279848,11.791550702460889,196.2450610982753,0.7512954400510204
APTOS 2019,0,No DR,65.69233269980994,13.681209627778086,84.43987234882078,0.8329878826530612
APTOS 2019,4,Proliferative DR,80.21663486362105,14.436253699989884,76.28655671510097,0.74609375
APTOS 2019,0,No DR,50.857294258593676,11.525314503481026,142.21451633953504,0.47385204081632654
APTOS 2019,1,Mild NPDR,103.99749952948136,16.78324698254728,164.92273641454983,0.7907366071428571
APTOS 2019,0,No DR,106.11259880625907,19.18448262845656,133.60257509020374,0.7907963966836735
APTOS 2019,3,Severe NPDR,63.84686397638288,11.300804386871492,108.2312167289737,0.8327885841836735
APTOS 2019,0,No DR,103.82866844085528,12.976436964949986,99.26685803479296,0.475765306122449
APTOS 2019,4,Proliferative DR,76.39630092476881,14.667906102987574,229.60157081699336,0.8334263392857143
APTOS 2019,2,Moderate NPDR,88.40982902486911,29.27280472754037,190.04422127318574,0.9951570471938775
APTOS 2019,1,Mild NPDR,71.64779575404467,13.657956528324878,123.95067639562502,0.8330676020408163
APTOS 2019,2,Moderate NPDR,81.09594381825906,17.882408621803567,76.9531296737877,0.8335857780612245
APTOS 2019,0,No DR,51.16013824884793,15.364745869980734,207.22607874238147,0.4737922512755102
APTOS 2019,2,Moderate NPDR,74.57525929673666,12.394945441250691,104.9035044477732,0.7517936862244898
APTOS 2019,4,Proliferative DR,108.03698062325209,13.107184969894263,124.03351354922236,0.8342036033163265
APTOS 2019,4,Proliferative DR,97.18482170070101,21.970961995808057,86.34251347868329,0.9894371811224489
APTOS 2019,0,No DR,115.64796621063263,22.92737493454853,257.625784987172,0.47544642857142855
APTOS 2019,2,Moderate NPDR,123.69763616425003,27.51179250421909,128.49835411255987,0.9897361288265306
APTOS 2019,4,Proliferative DR,54.962101083243304,18.438977126247874,63.32681614456101,0.7224170918367347
APTOS 2019,3,Severe NPDR,89.54438033512488,14.463853471985805,104.60800974878329,0.5470942283163265
APTOS 2019,0,No DR,99.54297975056994,16.787405618291523,157.60064635491216,0.7919124681122449
APTOS 2019,0,No DR,47.999445463464575,13.803361233158547,51.167164360715894,0.9789540816326531
APTOS 2019,2,Moderate NPDR,90.26498139035296,25.647355668406313,96.46829980783053,0.8338847257653061
APTOS 2019,3,Severe NPDR,65.40835646989213,18.469555829718555,35.05039373144669,0.9061902104591837
APTOS 2019,2,Moderate NPDR,74.0302200083022,25.063910835982952,90.12190152906606,0.9895368303571429
APTOS 2019,0,No DR,93.68703027700236,15.049988971898586,183.61424771003877,0.7914142219387755
APTOS 2019,0,No DR,49.15883527804058,13.15726544398611,54.3903711583232,0.7971938775510204
APTOS 2019,0,No DR,83.49855511215083,16.832293228761866,150.75955054464416,0.47594467474489793
APTOS 2019,2,Moderate NPDR,79.85274668651418,11.470021974109263,58.10129794173082,0.7358896683673469
APTOS 2019,0,No DR,89.25146702557201,21.964012407824445,186.00441832446035,0.7899194834183674
APTOS 2019,2,Moderate NPDR,76.12932188705993,22.730107036407546,116.52926757381904,0.7979711415816326
APTOS 2019,2,Moderate NPDR,74.67593265842609,12.293514878674982,188.9120261729449,0.7558195153061225
APTOS 2019,2,Moderate NPDR,79.68536097574716,10.265007030903584,76.88032421829017,0.7504982461734694
APTOS 2019,0,No DR,100.9933050118305,20.448539182638775,203.44406827958406,0.7908362563775511
APTOS 2019,1,Mild NPDR,81.43928714257149,13.634653734335961,83.42759767382657,0.8334661989795918
APTOS 2019,0,No DR,59.74839482920983,20.78087463643363,107.69923044549549,0.9747090242346939
APTOS 2019,2,Moderate NPDR,91.80649776954802,9.947372127698292,74.07562270995204,0.745475924744898
APTOS 2019,1,Mild NPDR,76.55182583918618,10.80379133910494,78.16285812809767,0.8334661989795918
APTOS 2019,0,No DR,107.1218942222461,15.306603372367952,111.28568988484164,0.7909359056122449
APTOS 2019,2,Moderate NPDR,79.47531188279707,12.63806659581633,133.29084457642205,0.8331871811224489
APTOS 2019,2,Moderate NPDR,77.26558672066396,13.264055315355906,69.18784135352006,0.8334064094387755
APTOS 2019,4,Proliferative DR,88.46856186455497,14.206440153948899,78.22863423461291,0.8338448660714286
APTOS 2019,1,Mild NPDR,62.8032278243463,11.78273284448011,123.53131071133508,0.8327287946428571
APTOS 2019,0,No DR,44.756450680540226,11.607616385017604,30.807772447855495,0.7972935267857143
APTOS 2019,2,Moderate NPDR,106.49748793961056,22.16891250871657,101.20132736863033,0.8335857780612245
APTOS 2019,4,Proliferative DR,85.99087218255634,10.931150299961335,69.23917979397656,0.7549226721938775
APTOS 2019,0,No DR,114.87208119108826,17.892773619242664,150.77475373747302,0.7926498724489796
APTOS 2019,2,Moderate NPDR,91.58215988779804,15.280524004372648,106.82398141192716,0.7455955038265306
APTOS 2019,0,No DR,85.05702338831962,18.23091409238175,153.0827082542044,0.47506776147959184
APTOS 2019,0,No DR,109.8580470405235,10.146585202555032,96.94019735677195,0.7919124681122449
APTOS 2019,0,No DR,62.45067795067795,14.608674460787084,41.60370026118161,0.9064692283163265
APTOS 2019,0,No DR,120.82088201634153,14.811088321344297,120.10300697591657,0.7966159119897959
APTOS 2019,2,Moderate NPDR,104.85176913130363,19.880888939349717,147.08701407697092,0.7173349808673469
APTOS 2019,0,No DR,85.74195772058823,20.00482259480656,112.17675118944638,0.47498804209183676
APTOS 2019,2,Moderate NPDR,33.19659496146325,14.743168869781261,20.97694020990218,0.902702487244898
APTOS 2019,0,No DR,100.44797338984415,16.298490284273072,182.63491714682328,0.7916135204081632
APTOS 2019,0,No DR,88.04294815969199,16.550401460207404,103.48585264835793,0.47628348214285715
APTOS 2019,2,Moderate NPDR,93.9110829817159,7.8829337876203,66.16503179966806,0.7514548788265306
APTOS 2019,1,Mild NPDR,101.16034051639367,14.777583782854153,54.31938823968615,0.7523915816326531
APTOS 2019,2,Moderate NPDR,88.69041326960922,9.629674919105563,114.95390656317306,0.7518734056122449
APTOS 2019,0,No DR,66.60018310579746,13.734670744518027,137.17431282389623,0.7899992028061225
APTOS 2019,2,Moderate NPDR,118.20429516793607,14.544622794078508,78.16450993443962,0.8342235331632653
APTOS 2019,0,No DR,88.3817454363591,10.12708972710318,69.51806125387311,0.8331473214285714
APTOS 2019,0,No DR,85.67376560974999,17.193154885055026,76.52863050839979,0.8325494260204082
APTOS 2019,0,No DR,94.21703701718177,15.329533682523758,131.78503046785588,0.7920519770408163
APTOS 2019,2,Moderate NPDR,101.07896905671687,17.6222657351484,41.301345795143526,0.8339445153061225
APTOS 2019,2,Moderate NPDR,75.94694887300714,11.446626050931227,101.38903377332467,0.8336455676020408
APTOS 2019,2,Moderate NPDR,48.437363238512035,10.105490580601337,28.001243968844978,0.9050143494897959
APTOS 2019,0,No DR,87.43548516977587,14.416751512066249,142.61347854954522,0.7914540816326531
APTOS 2019,3,Severe NPDR,48.53628213609508,23.81376803715529,66.61459676486247,0.9045360331632653
APTOS 2019,1,Mild NPDR,71.11831746269776,11.535231042359296,65.43906804249711,0.8335857780612245
APTOS 2019,0,No DR,87.61507029758864,14.660940476851245,144.16888611613928,0.7905572385204082
APTOS 2019,1,Mild NPDR,95.99850009867772,21.80790051985803,187.2672418820098,0.547492825255102
APTOS 2019,4,Proliferative DR,98.72785730261687,13.544315134437825,111.23017130223172,0.7562579719387755
APTOS 2019,0,No DR,99.32379699954376,15.307225969530746,199.57858824083777,0.7913145727040817
APTOS 2019,2,Moderate NPDR,102.34319111958288,14.827188757997767,84.52010811391978,0.7468311543367347
APTOS 2019,0,No DR,100.91463917525773,14.177312713442243,42.72627216442361,0.4764429209183674
APTOS 2019,1,Mild NPDR,105.46134439087753,11.179642151350395,60.47408897301772,0.8339046556122449
APTOS 2019,2,Moderate NPDR,104.47432592115157,15.786817698680277,189.31244561274522,0.7913345025510204
APTOS 2019,0,No DR,76.12805460750853,12.255519346949649,157.48334955250886,0.9062101403061225
APTOS 2019,0,No DR,96.03085922825095,21.08087848664464,205.06155255247958,0.7917330994897959
APTOS 2019,2,Moderate NPDR,80.19600639776078,12.873899370268921,54.141931458092735,0.8335658482142857
APTOS 2019,2,Moderate NPDR,55.03374887690926,13.316463771380649,75.50377926768303,0.745475924744898
APTOS 2019,0,No DR,98.6071534061921,18.65964334592351,140.1904490995504,0.7911750637755102
APTOS 2019,2,Moderate NPDR,84.19153084691531,11.371944871184438,73.7876840253181,0.8334661989795918
APTOS 2019,2,Moderate NPDR,71.60369147659064,12.995233850130562,97.07970172800512,0.8329480229591837
APTOS 2019,0,No DR,53.76861024253094,22.160774785327234,69.55325001967138,0.7972935267857143
APTOS 2019,1,Mild NPDR,75.46025836435871,10.099824138974043,70.79507712237837,0.8337252869897959
APTOS 2019,0,No DR,100.04209536601746,17.43786284938133,140.18855067341838,0.7911949936224489
APTOS 2019,2,Moderate NPDR,63.128424804603625,19.77187648621689,154.44754660186024,0.9715800382653061
APTOS 2019,2,Moderate NPDR,84.67044914894149,12.944234134599093,73.99613199579771,0.8335658482142857
APTOS 2019,2,Moderate NPDR,56.25809810598599,10.804380618014886,53.133148821513295,0.7510164221938775
APTOS 2019,0,No DR,76.23711150897489,22.154731581207344,112.16306865449009,0.47548628826530615
APTOS 2019,2,Moderate NPDR,55.03374887690926,13.316463771380649,75.50377926768303,0.745475924744898
APTOS 2019,0,No DR,97.17628411283654,23.480147173830563,277.0980007132575,0.47512755102040816
APTOS 2019,0,No DR,117.39466688149521,17.85755147877403,152.1863993511744,0.7913942920918368
APTOS 2019,3,Severe NPDR,116.48712312342317,14.593236316822916,91.59676317271808,0.8340840242346939
APTOS 2019,0,No DR,106.54151905528717,13.334255976553072,90.13446725711218,0.7915338010204082
APTOS 2019,0,No DR,113.87546528192638,19.719013843446763,110.51501080093107,0.4750279017857143
APTOS 2019,2,Moderate NPDR,91.2902429445099,8.597985425525486,53.485390612438145,0.7462930484693877
APTOS 2019,2,Moderate NPDR,80.52099055425059,15.089907365899254,123.89419761607053,0.8337252869897959
APTOS 2019,3,Severe NPDR,84.05887139770464,14.583132265133942,130.99844098929432,0.7459741709183674
APTOS 2019,0,No DR,44.833884165659974,15.042135599943634,48.27798417953703,0.9050342793367347
APTOS 2019,4,Proliferative DR,117.8040032871566,20.330265843350848,83.12237892247684,0.7153619260204082
APTOS 2019,3,Severe NPDR,83.63025806960776,12.715191378379563,66.04071022483922,0.5479512117346939
APTOS 2019,2,Moderate NPDR,106.2200828389119,15.50128935584309,118.24295659282471,0.7480269451530612
APTOS 2019,2,Moderate NPDR,70.0382581298526,9.582549216782047,83.96274729225014,0.7511758609693877
APTOS 2019,2,Moderate NPDR,81.6701216893343,13.132628304501335,68.99273842988018,0.7355508609693877
APTOS 2019,0,No DR,37.58135871798384,11.919493158704954,54.72022062202263,0.9042171556122449
APTOS 2019,0,No DR,83.70245878994382,26.086728775581065,91.98575662371341,0.4741709183673469
APTOS 2019,0,No DR,111.5388408049519,13.299231899890783,188.79169219765697,0.7925701530612245
APTOS 2019,0,No DR,106.17749791448024,17.184558175454693,148.84388492958922,0.7904177295918368
APTOS 2019,0,No DR,104.73605580351177,14.934471513993723,164.4498054529671,0.7932876275510204
APTOS 2019,2,Moderate NPDR,96.93471552014364,14.515472498061353,139.88600986065006,0.7460140306122449
APTOS 2019,2,Moderate NPDR,101.00489634635208,11.856861346869028,109.02946539486412,0.7356106505102041
APTOS 2019,0,No DR,89.99674595536001,28.771606533938705,83.8976561497174,0.4763034119897959
APTOS 2019,2,Moderate NPDR,95.07238447942092,9.61576325100581,47.994181713187196,0.74609375
APTOS 2019,0,No DR,114.28566833616689,20.945077547948937,131.41618307757366,0.47506776147959184
APTOS 2019,0,No DR,66.05267470976554,15.057155022943977,105.65118591706515,0.9059111926020408
APTOS 2019,0,No DR,81.12345508844476,21.820556822206008,217.26003599736532,0.4751076211734694
APTOS 2019,0,No DR,56.96751766583086,14.909615013362318,31.181661120426,0.9051139987244898
APTOS 2019,0,No DR,94.85337068332109,22.027547307902964,158.2708053651844,0.4753268494897959
APTOS 2019,2,Moderate NPDR,76.24065055383151,23.435667476739905,60.77997049960463,0.9198421556122449
APTOS 2019,0,No DR,45.63930118926892,17.960288970206907,166.8083304575405,0.47367267219387754
APTOS 2019,1,Mild NPDR,84.69053700930738,15.704655289968743,118.08963852612585,0.7148836096938775
APTOS 2019,2,Moderate NPDR,85.11869195479467,12.019716130815471,68.76559201728875,0.7556401466836735
APTOS 2019,1,Mild NPDR,89.92377667816264,10.912823034137816,71.97825392554101,0.8336654974489796
APTOS 2019,0,No DR,110.24162929946567,14.794472678080359,114.78358806380216,0.7916733099489796
APTOS 2019,0,No DR,58.502154337170865,26.37550219560008,104.50490531676849,0.9048947704081632
APTOS 2019,0,No DR,51.01422746210442,18.935024868855592,58.54991438566536,0.9544802295918368
APTOS 2019,0,No DR,119.20291488847734,15.504189781546742,151.41024077570106,0.7919921875
APTOS 2019,4,Proliferative DR,109.07183730715288,14.244842598764407,67.37930191337394,0.7459542410714286
APTOS 2019,2,Moderate NPDR,91.36724579731366,16.43237450561751,36.51381411841628,0.7440409757653061
APTOS 2019,2,Moderate NPDR,37.626588824786815,18.102658481552986,39.42345439266777,0.902702487244898
APTOS 2019,0,No DR,93.92541080442487,15.193596199076861,106.47524319560357,0.7912747130102041
APTOS 2019,1,Mild NPDR,74.31780352021593,10.119953207760497,121.1506144278632,0.7516342474489796
APTOS 2019,0,No DR,54.59773501519197,13.990969058627195,179.6414590931887,0.47423070790816324
APTOS 2019,0,No DR,112.40712311119461,18.62529508615237,204.10834164958212,0.7914740114795918
APTOS 2019,0,No DR,72.51351227345721,13.20473677174517,67.03479617392476,0.4758848852040816
APTOS 2019,0,No DR,65.02746902332362,30.361582385592666,147.31546758772302,0.9056122448979592
APTOS 2019,4,Proliferative DR,77.14233567517564,16.122543605335775,103.4818264031252,0.8332071109693877
APTOS 2019,1,Mild NPDR,80.12877897526944,14.521543190400804,80.51674142748233,0.8331273915816326
APTOS 2019,3,Severe NPDR,69.72223989095866,20.786863723973045,54.18220237084007,0.9076052295918368
APTOS 2019,1,Mild NPDR,79.409041072784,14.009019745703148,101.65477803941062,0.7517538265306123
APTOS 2019,2,Moderate NPDR,81.81539969009206,33.526665058034375,88.63999895532542,0.9052335778061225
APTOS 2019,4,Proliferative DR,107.05287994051365,15.046038164799885,84.04283469474005,0.7363081951530612
APTOS 2019,0,No DR,105.67098612259903,18.79821926522094,124.70041403622876,0.4750478316326531
APTOS 2019,0,No DR,104.51602270646401,22.24961333458172,182.48240128659813,0.4768215880102041
APTOS 2019,0,No DR,39.86353699488404,9.855962406737197,31.997943511007154,0.9436184630102041
APTOS 2019,2,Moderate NPDR,112.83548214937782,18.41626834860672,173.28178032599973,0.7453563456632653
APTOS 2019,2,Moderate NPDR,88.23397787722705,9.811663293181015,60.35913300148311,0.7508171237244898
APTOS 2019,4,Proliferative DR,70.7438187815629,27.681075281910438,182.15300497340763,0.7226761798469388
APTOS 2019,0,No DR,113.33299408093848,15.521348379778955,91.27581980146962,0.7924705038265306
APTOS 2019,2,Moderate NPDR,82.80199925028114,11.804776521422554,84.2461989511649,0.8335658482142857
APTOS 2019,4,Proliferative DR,117.41180725070066,31.16363878080782,130.7657163077244,0.9155572385204082
APTOS 2019,0,No DR,101.95397124351142,17.31289982905468,125.87358407904837,0.47518734056122447
APTOS 2019,2,Moderate NPDR,88.73400550469022,12.028757232793932,62.644615980342614,0.7453762755102041
APTOS 2019,0,No DR,41.24519497833574,13.710465904262502,44.46257084521254,0.9497568558673469
APTOS 2019,2,Moderate NPDR,98.96354243109167,20.3436258922079,166.76034879040245,0.7152622767857143
APTOS 2019,1,Mild NPDR,107.1296476639948,13.386896621579407,119.91044194133394,0.8342235331632653
APTOS 2019,0,No DR,71.62945174444948,26.88446698948745,305.517014007209,0.9136240433673469
APTOS 2019,0,No DR,98.26069317571198,8.237343529846017,86.30145295440417,0.7909956951530612
APTOS 2019,2,Moderate NPDR,57.450102669404515,18.195626418848832,75.93715882860839,0.9043168048469388
APTOS 2019,1,Mild NPDR,115.06553282885042,11.256390498787331,94.19950176053936,0.8340640943877551
APTOS 2019,1,Mild NPDR,53.65513791982394,12.671355170283132,85.58013806408957,0.8330277423469388
APTOS 2019,0,No DR,102.09187847589281,21.48365484322745,95.30242501099819,0.47494818239795916
APTOS 2019,2,Moderate NPDR,93.9397165981017,15.42412575510937,160.9553999482729,0.7906967474489796
APTOS 2019,4,Proliferative DR,67.55115156668084,9.201064985962208,94.2523305114488,0.8330875318877551
APTOS 2019,2,Moderate NPDR,48.04986774899672,16.746787646050116,21.682222394431122,0.9047353316326531
APTOS 2019,0,No DR,91.82566293221568,11.35739885562156,143.41042392593158,0.7910953443877551
APTOS 2019,0,No DR,49.03451901975128,15.46554731391405,71.33781300018354,0.9031409438775511
APTOS 2019,2,Moderate NPDR,72.84654701407044,15.623293890088432,89.62667560105477,0.7146643813775511
APTOS 2019,2,Moderate NPDR,101.57440751192468,12.0001904737464,39.96595318000834,0.8341039540816326
APTOS 2019,0,No DR,106.2119297868337,16.04793358334289,144.20733817625762,0.7909558354591837
APTOS 2019,3,Severe NPDR,84.25909079549146,17.425412205200747,65.61470333602855,0.8336854272959183
APTOS 2019,0,No DR,115.80114197283812,12.062230149181282,102.01749473884337,0.7946827168367347
APTOS 2019,0,No DR,96.13382575583796,19.185584336680325,91.06136446620634,0.4757453762755102
APTOS 2019,2,Moderate NPDR,59.26784061632357,17.195047997802295,208.49468060453842,0.8328683035714286
APTOS 2019,1,Mild NPDR,88.29178894236412,23.581866043811914,46.371101212330515,0.7153021364795918
APTOS 2019,4,Proliferative DR,89.54018888336599,13.61172711118119,95.66741392327573,0.7212213010204082
APTOS 2019,3,Severe NPDR,66.37734520254662,9.604847612940517,86.47866140924855,0.750358737244898
APTOS 2019,0,No DR,110.87131396066435,17.52939506884528,157.0692213757245,0.7918925382653061
APTOS 2019,2,Moderate NPDR,117.47794763661922,25.01540080575036,52.64728040716995,0.7169363839285714
APTOS 2019,0,No DR,108.42000215192597,15.538774749736303,145.97395751643384,0.7905572385204082
APTOS 2019,0,No DR,58.85190049646694,18.828532082979176,52.22267047637655,0.7975526147959183
APTOS 2019,0,No DR,103.84240633812273,18.09355247989213,196.75296617938872,0.7916533801020408
APTOS 2019,2,Moderate NPDR,97.0310226732995,12.941037525548062,106.96263601793248,0.8333466198979592
APTOS 2019,0,No DR,104.83649995968933,14.65282598468365,153.05764025121684,0.7908561862244898
APTOS 2019,0,No DR,103.59020757152075,19.99452855465643,114.88290702231009,0.7907565369897959
APTOS 2019,1,Mild NPDR,68.71212424348522,10.821521076799435,103.08698297242528,0.8331273915816326
APTOS 2019,0,No DR,88.82544283413849,27.20146423117487,103.51218091437374,0.47450972576530615
APTOS 2019,2,Moderate NPDR,109.77549389345388,8.694528044565537,66.94494064121542,0.8339046556122449
APTOS 2019,0,No DR,104.5345802406281,13.987125419065364,126.07963730734173,0.7922114158163265
APTOS 2019,0,No DR,108.28975369194072,14.76959862244233,98.68615778873813,0.7921316964285714
APTOS 2019,0,No DR,104.43858520900322,26.91043207650281,275.17735387435647,0.4752869897959184
APTOS 2019,3,Severe NPDR,91.31817773788151,27.33972425524095,268.9639885578801,0.9328762755102041
APTOS 2019,0,No DR,82.87454603962672,27.717653473520382,272.43290548698707,0.4748684630102041
APTOS 2019,1,Mild NPDR,97.15894502859712,16.594975247723767,79.54301771861746,0.8340242346938775
APTOS 2019,0,No DR,99.12313962540642,21.74423243861086,126.41127522047503,0.4766820790816326
APTOS 2019,0,No DR,50.17060476256275,15.23810993761959,113.4000055680544,0.4741709183673469
APTOS 2019,0,No DR,113.88287916322598,25.445877963182408,168.74523401528742,0.47578523596938777
APTOS 2019,0,No DR,65.78660564795177,21.87742551457178,85.3699983503124,0.9388552295918368
APTOS 2019,2,Moderate NPDR,95.93147912137341,12.55951682080533,102.20976496688934,0.8335658482142857
APTOS 2019,1,Mild NPDR,100.53399364805942,21.923208114825037,196.27499203872569,0.7899792729591837
APTOS 2019,2,Moderate NPDR,107.70364726455159,11.389540945765459,120.85042881903024,0.8338448660714286
APTOS 2019,2,Moderate NPDR,87.36158248569215,6.480765040671018,68.67083213575512,0.8335060586734694
APTOS 2019,0,No DR,82.34735538327446,19.572430649191276,206.58104719105393,0.47592474489795916
APTOS 2019,3,Severe NPDR,84.91271160491667,21.86225805143727,286.69637076434344,0.9704838966836735
APTOS 2019,0,No DR,77.18956137755218,31.263651635965346,141.20725639583466,0.9059311224489796
APTOS 2019,1,Mild NPDR,84.0408885315107,33.814237983066434,134.17778430130363,0.9990632971938775
APTOS 2019,2,Moderate NPDR,76.89279283785136,15.236774030524108,75.46797794152191,0.8329878826530612
APTOS 2019,0,No DR,97.36978564320486,20.264268163226657,162.99118809086767,0.7904775191326531
APTOS 2019,0,No DR,87.14231799110249,40.31145306607939,159.79443953057685,0.9779376594387755
APTOS 2019,2,Moderate NPDR,48.119075066115144,12.010977168228052,56.77354758389644,0.9257613201530612
APTOS 2019,0,No DR,105.5286653487196,22.12889741144327,125.58506018189358,0.47482860331632654
APTOS 2019,0,No DR,100.4588192085208,21.810136560375028,193.2179228921782,0.47554607780612246
APTOS 2019,0,No DR,44.904792288585554,19.33190000187547,120.057671793033,0.9051937181122449
APTOS 2019,3,Severe NPDR,90.15626563566067,43.5951517885672,394.53026519208083,0.9066485969387755
APTOS 2019,0,No DR,131.31257526694677,12.783909773683044,75.50821627341486,0.79296875
APTOS 2019,2,Moderate NPDR,91.1060550971892,8.450985366146943,80.09713738174588,0.7558195153061225
APTOS 2019,0,No DR,76.4730477501552,12.108272976233593,118.65861905335495,0.788444674744898
APTOS 2019,0,No DR,84.96669241604944,23.58064523919765,97.32083334887955,0.9074457908163265
APTOS 2019,0,No DR,105.63133591065292,14.116885103897694,100.25110696846728,0.7914939413265306
APTOS 2019,0,No DR,74.2769482786401,14.861395569198837,194.83751194492285,0.7910554846938775
APTOS 2019,1,Mild NPDR,78.62579774522759,12.95073718932843,89.54032994255154,0.7517737563775511
APTOS 2019,0,No DR,53.27670357265152,17.030641779185313,119.98408387109443,0.903938137755102
APTOS 2019,0,No DR,91.23461869420242,15.33720677247024,159.47296179918763,0.7904974489795918
APTOS 2019,1,Mild NPDR,76.49483504664715,13.975228993580187,64.06135406376758,0.8329878826530612
APTOS 2019,0,No DR,92.09626228451748,15.999454487396102,235.6677729117917,0.7912946428571429
APTOS 2019,0,No DR,91.39363331094694,14.888583833664423,180.47729571890753,0.7911750637755102
APTOS 2019,0,No DR,103.04886945792988,16.97650986460714,187.80910535012367,0.7921914859693877
APTOS 2019,1,Mild NPDR,78.69866746668667,11.873750486816073,76.61966098141178,0.8331672512755102
APTOS 2019,0,No DR,98.1216285123856,12.743651528985147,173.24095908751625,0.7914740114795918
APTOS 2019,0,No DR,61.32331149762819,16.01948034982527,149.58568315135437,0.9226124043367347
APTOS 2019,1,Mild NPDR,113.8863312589038,10.612794270526708,99.02270200405594,0.8336455676020408
APTOS 2019,0,No DR,70.47536697247706,13.207092152408567,71.33320818112954,0.47594467474489793
APTOS 2019,2,Moderate NPDR,80.53177463303156,19.1329750953645,145.23006657764174,0.7196269132653061
APTOS 2019,1,Mild NPDR,105.8987804222855,11.552624525117281,101.01754846108952,0.7910355548469388
APTOS 2019,1,Mild NPDR,105.35085046332142,10.44424788810286,99.06113285503638,0.8340242346938775
APTOS 2019,2,Moderate NPDR,96.37925014771446,16.344556732988394,139.78865487912813,0.7909956951530612
APTOS 2019,3,Severe NPDR,64.56991584021495,12.469140118286102,104.84102145121525,0.5470742984693877
APTOS 2019,0,No DR,107.37384582349152,13.419651575388674,128.52858177985888,0.7914740114795918
APTOS 2019,0,No DR,62.26187257424447,19.617862125561814,105.75868214992086,0.9715999681122449
APTOS 2019,2,Moderate NPDR,75.44600469741643,13.889000072939504,89.46248073941122,0.8336455676020408
APTOS 2019,3,Severe NPDR,92.77382791204798,25.338821124895702,209.98012001496866,0.9077248086734694
APTOS 2019,0,No DR,50.46444152431012,19.119354277787135,47.75142549898898,0.7971540178571429
APTOS 2019,2,Moderate NPDR,79.85274668651418,11.470021974109263,58.10129794173082,0.7358896683673469
APTOS 2019,0,No DR,98.49971746091542,23.294335639721105,186.15141037489826,0.7902582908163265
APTOS 2019,0,No DR,102.36687152787097,16.41490967731123,183.613378423792,0.7917131696428571
APTOS 2019,0,No DR,106.99075978101214,18.480346735372333,135.84799972598793,0.7939652423469388
APTOS 2019,0,No DR,77.70244302269985,24.81319943933367,168.24941655748907,0.9058713329081632
APTOS 2019,4,Proliferative DR,87.64616275702288,25.98404398929855,169.57729256947522,0.7281369579081632
APTOS 2019,2,Moderate NPDR,109.28439260982927,10.767433505987619,47.442294964754154,0.7459741709183674
APTOS 2019,4,Proliferative DR,83.1525657585721,16.250360508116426,187.66536258796884,0.7151028380102041
APTOS 2019,4,Proliferative DR,61.57068062827225,23.233376423336246,39.74092810256409,0.9060706313775511
APTOS 2019,4,Proliferative DR,104.83968876338297,21.341345309171665,141.98135782554652,0.9895368303571429
APTOS 2019,0,No DR,96.04116033982149,16.062386759228747,194.29301086711314,0.790656887755102
APTOS 2019,2,Moderate NPDR,93.79303094864319,16.239465979893456,95.89355482841448,0.7467315051020408
APTOS 2019,3,Severe NPDR,115.18014843691431,14.071226243634818,84.44365594481157,0.8336654974489796
APTOS 2019,4,Proliferative DR,120.6558654519972,11.121902178278061,122.53543296785541,0.7462332589285714
APTOS 2019,0,No DR,92.789759146902,14.386737968613586,91.51966817682187,0.4749282525510204
APTOS 2019,1,Mild NPDR,100.80125387151564,7.785498496450747,90.0551793543419,0.833984375
APTOS 2019,0,No DR,83.14522058823529,19.13823204182233,148.1274844877778,0.47498804209183676
APTOS 2019,3,Severe NPDR,99.12333766623338,15.096133510742831,168.0632809900442,0.8335259885204082
APTOS 2019,1,Mild NPDR,73.48769139666695,12.312377121564676,78.33678367916548,0.75
APTOS 2019,2,Moderate NPDR,96.85765796703296,12.426093314647694,55.40587946912732,0.7358896683673469
APTOS 2019,0,No DR,109.62599419604472,11.0914222631067,104.91252035290691,0.7908761160714286
APTOS 2019,0,No DR,51.668429120476304,14.01437759230951,75.66371356343862,0.9569316007653061
APTOS 2019,0,No DR,43.014425729826314,9.815711403320094,39.667645432000384,0.7972735969387755
APTOS 2019,0,No DR,104.89391016809039,21.19356757449721,251.94713312399494,0.4752869897959184
APTOS 2019,2,Moderate NPDR,106.0836021882452,8.243214930027916,65.93461354674582,0.7458545918367347
APTOS 2019,0,No DR,90.96189376443418,13.03170612803392,161.98061465432548,0.7909757653061225
APTOS 2019,1,Mild NPDR,101.06027758351713,16.743679304507594,82.7844923823832,0.7902981505102041
APTOS 2019,0,No DR,89.12475486903962,19.344780022716332,231.159181878842,0.7909359056122449
APTOS 2019,1,Mild NPDR,99.47680536912752,15.345707888517321,134.43044329102293,0.7914740114795918
APTOS 2019,2,Moderate NPDR,67.30996578991643,7.606480841150081,94.10085848268372,0.7537468112244898
APTOS 2019,0,No DR,65.632612388178,20.560888492884438,85.39963723544625,0.9218550701530612
APTOS 2019,2,Moderate NPDR,86.28956077859426,10.57983586201421,108.43866777158549,0.7457948022959183
APTOS 2019,0,No DR,96.46322046206396,16.032209311320848,199.29830176515227,0.7903778698979592
APTOS 2019,2,Moderate NPDR,93.51525042205965,11.361768290171694,99.28787655542955,0.7442004145408163
APTOS 2019,0,No DR,103.3704478412443,8.810776565236278,79.98352840517607,0.7922114158163265
APTOS 2019,2,Moderate NPDR,99.97280089196643,27.119393940150808,95.03846333375736,0.7153619260204082
APTOS 2019,3,Severe NPDR,60.53763342760697,19.8859688880861,238.48585842177872,0.9044762436224489
APTOS 2019,2,Moderate NPDR,62.28418774208248,21.072584649098353,154.54565174976835,0.9266183035714286
APTOS 2019,0,No DR,109.14234684285445,18.36758511916993,253.630245365246,0.7912348533163265
APTOS 2019,0,No DR,104.50669390827464,16.923355555460677,147.79799897101898,0.7908362563775511
APTOS 2019,2,Moderate NPDR,96.94760260056887,19.16829264837576,106.17089461879188,0.9895966198979592
APTOS 2019,2,Moderate NPDR,48.01710674157303,12.893932662078866,99.99438197197323,0.7450972576530612
APTOS 2019,4,Proliferative DR,83.58967561213515,12.651858954505231,62.36778176431909,0.8329679528061225
APTOS 2019,0,No DR,111.16790955015637,13.750116516814032,134.72748183085253,0.7934470663265306
APTOS 2019,2,Moderate NPDR,93.42033374662087,26.89401389635591,74.84288068965934,0.9892378826530612
APTOS 2019,0,No DR,48.89187690601608,14.576317824015845,104.50455069912567,0.47265625
APTOS 2019,4,Proliferative DR,46.59676610107645,24.53777560445348,28.130621969303423,0.9048150510204082
APTOS 2019,2,Moderate NPDR,94.89776477647764,27.33063245428672,223.895313580638,0.8333466198979592
APTOS 2019,0,No DR,105.30105737748913,15.467768363560602,118.80142833253639,0.7915138711734694
APTOS 2019,4,Proliferative DR,126.03149429796296,11.656288092713801,63.53228337292156,0.7468710140306123
APTOS 2019,0,No DR,114.09743990439858,15.639403949472548,97.77472603506038,0.47494818239795916
APTOS 2019,0,No DR,116.78572387318461,17.432194058880572,162.18651396857646,0.7912946428571429
APTOS 2019,3,Severe NPDR,64.24333257351265,20.450890447601278,116.3254969962489,0.9050741390306123
APTOS 2019,0,No DR,105.43425577646427,17.889724388200825,193.91830920668343,0.7911949936224489
APTOS 2019,0,No DR,61.29533093355054,21.640544309226676,129.5452610832748,0.7973134566326531
APTOS 2019,4,Proliferative DR,89.27321482986288,17.49965190613864,76.45438061409439,0.9895766900510204
APTOS 2019,4,Proliferative DR,135.58999910023394,28.603701917715405,308.8834532147069,0.916374362244898
APTOS 2019,0,No DR,95.31196834284484,11.560091546471277,169.4203670702167,0.7898796237244898
APTOS 2019,4,Proliferative DR,53.21758618615005,18.196688250968013,99.99533598511398,0.7081473214285714
APTOS 2019,2,Moderate NPDR,112.25157673440785,13.372935568263518,148.32462522981305,0.7459941007653061
APTOS 2019,0,No DR,114.00902662452457,18.47606345872196,119.8020011974853,0.79296875
APTOS 2019,1,Mild NPDR,79.34359141021474,12.37432276509922,65.04019244097783,0.833366549744898
APTOS 2019,0,No DR,101.76648167511193,12.188031534847957,124.20006409920414,0.7919124681122449
APTOS 2019,2,Moderate NPDR,110.07075577483741,15.200799047063844,87.78561399035549,0.7460339604591837
APTOS 2019,0,No DR,99.90046426750396,16.929015742215068,187.70256633252427,0.7913942920918368
APTOS 2019,0,No DR,113.23769436997318,14.348863442221965,169.09411994551817,0.7922512755102041
APTOS 2019,2,Moderate NPDR,52.22607129010924,18.16577153409357,40.14755107456964,0.904655612244898
APTOS 2019,0,No DR,115.64746389432223,15.202452600027085,105.72018425256321,0.7923907844387755
APTOS 2019,2,Moderate NPDR,78.69721055788843,13.576740574988108,84.76227557927726,0.8333864795918368
APTOS 2019,0,No DR,148.51419659648639,27.905738390765883,168.33374450889164,0.47594467474489793
APTOS 2019,0,No DR,130.90027033537646,19.27041108893542,91.88867408659968,0.7932079081632653
APTOS 2019,2,Moderate NPDR,85.20756304878391,9.592925329204936,58.68104803719009,0.7456752232142857
APTOS 2019,1,Mild NPDR,103.73615086714935,10.344727847698092,95.89182164201426,0.7459343112244898
APTOS 2019,1,Mild NPDR,97.49130854659585,11.371203668384766,109.66194852441632,0.7917530293367347
APTOS 2019,4,Proliferative DR,93.77903492312431,14.140839045626505,128.95582195650877,0.7549226721938775
APTOS 2019,0,No DR,105.58786319288089,13.710971965432861,119.16248934151878,0.7923309948979592
APTOS 2019,0,No DR,105.10238944460833,15.624975380581198,198.1139128198122,0.7920918367346939
APTOS 2019,4,Proliferative DR,53.21758618615005,18.196688250968013,99.99533598511398,0.7081473214285714
APTOS 2019,0,No DR,84.64673514306676,20.40404242189169,95.9652716174616,0.47610411352040816
APTOS 2019,0,No DR,101.66875150994551,15.477786384241309,172.0563070729156,0.7914540816326531
APTOS 2019,4,Proliferative DR,103.43477407230809,12.015254992712503,78.5332033393121,0.7462531887755102
APTOS 2019,2,Moderate NPDR,73.71228050073047,12.278216265826638,123.02017275296805,0.7353515625
APTOS 2019,0,No DR,113.01170438377493,15.389456917041041,169.90776714377913,0.7916135204081632
APTOS 2019,2,Moderate NPDR,77.06381914574372,12.41314844085762,74.84953505207308,0.8330476721938775
APTOS 2019,0,No DR,95.64861021924594,13.772379029432013,55.80859657466606,0.4759048150510204
APTOS 2019,0,No DR,78.10635365461478,17.769304635333928,100.00032849144804,0.4751474808673469
APTOS 2019,0,No DR,101.44430200082414,15.938969630052187,68.19536474952783,0.47676179846938777
APTOS 2019,2,Moderate NPDR,75.4296553904521,19.350798385141342,172.0522890825557,0.5470543686224489
APTOS 2019,2,Moderate NPDR,87.32445996712843,21.228486267942063,65.5535467728492,0.7152423469387755
APTOS 2019,1,Mild NPDR,78.26577367205543,16.367275324185456,326.6352643296406,0.8967633928571429
APTOS 2019,2,Moderate NPDR,86.55784184375263,16.437761376485856,126.924904632385,0.7458944515306123
APTOS 2019,2,Moderate NPDR,64.24308737377191,20.45116271067308,116.42999674758887,0.9050542091836735
APTOS 2019,1,Mild NPDR,79.84090284200265,16.504573260175377,67.9429288628958,0.833366549744898
APTOS 2019,0,No DR,108.4306579159718,13.170198648722296,168.07052214527306,0.7904775191326531
APTOS 2019,2,Moderate NPDR,133.68855567475862,17.461879155301148,48.08788632997472,0.8348214285714286
APTOS 2019,2,Moderate NPDR,67.377626558852,18.304484954145362,83.90997032281214,0.7376036352040817
APTOS 2019,3,Severe NPDR,92.0611260991207,9.46445850701568,83.44485022930397,0.833984375
APTOS 2019,0,No DR,48.97157729869173,16.808031577797454,105.86521889958176,0.47397161989795916
APTOS 2019,2,Moderate NPDR,71.47949756519364,27.147941746577267,77.3306396842118,0.9061902104591837
APTOS 2019,2,Moderate NPDR,70.26679280983917,16.29451006763989,73.68988843769455,0.7349529655612245
APTOS 2019,1,Mild NPDR,78.20125534521993,12.411050190069226,65.95492267337933,0.8331074617346939
APTOS 2019,4,Proliferative DR,89.32494942178485,13.244472445287771,69.97576701425797,0.8340640943877551
APTOS 2019,0,No DR,83.73082223242994,19.11351461387735,141.76194732418872,0.47518734056122447
APTOS 2019,2,Moderate NPDR,74.97537619699042,28.297238108939144,181.40166367503537,0.9048748405612245
APTOS 2019,0,No DR,92.14379624075185,12.230201467681791,43.69884167287719,0.8333864795918368
APTOS 2019,2,Moderate NPDR,87.47349867493375,13.98975950055718,64.66183205405082,0.8333067602040817
APTOS 2019,3,Severe NPDR,52.12712714996122,24.612984358888664,87.02623068192328,0.9046356823979592
APTOS 2019,2,Moderate NPDR,97.36812774622227,14.693033018735452,173.9749478425151,0.7921914859693877
APTOS 2019,0,No DR,111.6303718010623,17.07504501355398,184.56085391182773,0.7916733099489796
APTOS 2019,0,No DR,107.65071564757378,12.670239657163185,120.07726804364655,0.7911352040816326
APTOS 2019,1,Mild NPDR,78.08640648048603,9.019187070365144,66.46773259225785,0.8332071109693877
APTOS 2019,4,Proliferative DR,77.7498687204621,11.937528511058469,98.45175361750786,0.8332469706632653
APTOS 2019,0,No DR,101.2738926667892,16.027636955582434,81.50853214585995,0.4750876913265306
APTOS 2019,2,Moderate NPDR,100.61791739057334,16.409576645126027,206.32142090902414,0.7543845663265306
APTOS 2019,0,No DR,102.59534871230228,14.409305233056132,118.83432741883973,0.7912747130102041
APTOS 2019,3,Severe NPDR,79.0993948789758,12.436353171647378,75.85796206988446,0.8331672512755102
APTOS 2019,2,Moderate NPDR,70.91425712856429,13.0996279321933,141.6029748516079,0.8330078125
APTOS 2019,0,No DR,118.71959523104664,16.04016866697603,89.18482859209429,0.7900988520408163
APTOS 2019,2,Moderate NPDR,59.49406449078102,15.318551285569223,87.33035923429956,0.7453962053571429
APTOS 2019,0,No DR,94.35280620439632,16.309534041243932,111.2417018837668,0.4757055165816326
APTOS 2019,2,Moderate NPDR,111.04054319463539,11.42267707493048,49.25882259893668,0.7460538903061225
APTOS 2019,2,Moderate NPDR,117.76050777150283,13.04519214097494,104.20241275315857,0.8337053571428571
APTOS 2019,0,No DR,106.4671466179552,14.61116424046609,190.44602150500796,0.7909159757653061
APTOS 2019,1,Mild NPDR,67.46099062133646,17.03562235524117,61.201138437677386,0.7194276147959183
APTOS 2019,0,No DR,55.858004512178276,8.249605554238514,92.09554621270534,0.4741709183673469
APTOS 2019,0,No DR,91.20858333715019,20.26005312766694,110.13302043879598,0.47660235969387754
APTOS 2019,0,No DR,110.85550667882625,14.575421475086333,188.72399217929038,0.7920121173469388
APTOS 2019,2,Moderate NPDR,79.65181204698825,13.070371119075666,80.09833877696535,0.8335060586734694
APTOS 2019,3,Severe NPDR,67.34689685655599,8.494303173318292,72.85249471072481,0.8129982461734694
APTOS 2019,4,Proliferative DR,47.580707830053214,10.771231337653267,62.57920599482144,0.7505978954081632
APTOS 2019,0,No DR,112.8696154259319,11.994681367456264,132.28270189967787,0.7913544323979592
APTOS 2019,0,No DR,101.73759060464263,10.017717624452862,102.33153287042373,0.4758848852040816
APTOS 2019,1,Mild NPDR,72.24144481939757,17.85661263469048,88.36737209873515,0.8334462691326531
APTOS 2019,0,No DR,45.99986139345777,15.594349811826168,105.3118124874718,0.47267617984693877
APTOS 2019,0,No DR,94.78681671299121,22.491289590581793,284.64918737931407,0.9213169642857143
APTOS 2019,0,No DR,103.0985565872943,18.68363889490705,92.7941886399147,0.47488839285714285
APTOS 2019,0,No DR,51.85674579669203,18.593772433226654,75.64701320731272,0.9054328762755102
APTOS 2019,0,No DR,125.9181492760592,15.001792567447815,124.86994092809343,0.7940250318877551
APTOS 2019,0,No DR,96.52401781880636,17.026364037869257,171.19580461738218,0.7912547831632653
APTOS 2019,2,Moderate NPDR,30.372412374902893,12.076371858737923,78.91472390915024,0.9033203125
APTOS 2019,2,Moderate NPDR,71.60139055622248,15.696570548942402,117.90916364294819,0.8330078125
APTOS 2019,2,Moderate NPDR,85.28568624151663,9.768520471951687,95.561737165067,0.7464724170918368
APTOS 2019,0,No DR,98.33663802137917,34.250249187618046,161.56912810405527,0.9894571109693877
APTOS 2019,0,No DR,89.99816614707501,25.91822962927096,124.53268159936258,0.47618383290816324
APTOS 2019,0,No DR,138.3086432967621,10.227066289346016,51.060077078909686,0.7931481186224489
APTOS 2019,0,No DR,90.28290339033099,13.30337247650506,185.91168594782974,0.7913544323979592
APTOS 2019,2,Moderate NPDR,67.58524737462795,15.608359900224547,72.42355745479722,0.7455157844387755
APTOS 2019,2,Moderate NPDR,64.71534478432446,26.053862123555984,252.98090665985293,0.9045758928571429
APTOS 2019,2,Moderate NPDR,126.19969047975638,13.97902255678136,48.96104362086801,0.8344626913265306
APTOS 2019,0,No DR,83.94651301593132,17.142712184524303,162.30853709862515,0.4755062181122449
APTOS 2019,2,Moderate NPDR,115.57871564778463,15.77069458751774,153.10134181443178,0.7458545918367347
APTOS 2019,3,Severe NPDR,125.47482597634956,13.25425689522903,102.74295058813689,0.7479671556122449
APTOS 2019,0,No DR,80.77910522369407,8.618725119964195,69.03487171758673,0.8333864795918368
APTOS 2019,2,Moderate NPDR,37.77304026631401,14.663670430337511,147.74770832616377,0.9047552614795918
APTOS 2019,2,Moderate NPDR,96.97362302172662,19.99317405598372,190.18068329897852,0.8332270408163265
APTOS 2019,0,No DR,60.59167708288436,20.44020342335924,32.03388786195622,0.977180325255102
APTOS 2019,2,Moderate NPDR,69.32933263321081,17.735991174423095,78.5303925611531,0.8330875318877551
APTOS 2019,2,Moderate NPDR,104.72474074074074,13.139342444821187,84.22446198206534,0.789680325255102
APTOS 2019,0,No DR,106.82922374429224,17.39420668277763,256.4698682017374,0.7911152742346939
APTOS 2019,0,No DR,56.704618640169286,19.54671533126333,234.3020024855259,0.47456951530612246
APTOS 2019,3,Severe NPDR,74.68580904568275,15.243515584723992,55.51325481392483,0.9074856505102041
APTOS 2019,0,No DR,99.82778262667095,15.016791797178287,148.61240578895377,0.47518734056122447
APTOS 2019,0,No DR,89.21512582424977,14.649447476918736,93.53822166379895,0.790397799744898
APTOS 2019,0,No DR,103.00473215106129,16.585565275062486,285.43888377864613,0.47512755102040816
APTOS 2019,2,Moderate NPDR,105.6957293150411,21.299356173598287,378.03608827719603,0.8336654974489796
APTOS 2019,3,Severe NPDR,89.73217528622187,23.421688381962014,171.82198502078134,0.5477120535714286
APTOS 2019,2,Moderate NPDR,53.04637965220959,17.2757199751222,52.20147918103148,0.9050940688775511
APTOS 2019,0,No DR,116.99173136110984,37.14529831858252,140.72486810270468,0.47518734056122447
APTOS 2019,0,No DR,36.97490365635868,20.28128704772167,201.9217815767406,0.4731345663265306
APTOS 2019,2,Moderate NPDR,51.38545537444432,14.650243343139294,68.39800695711453,0.904914700255102
APTOS 2019,2,Moderate NPDR,106.14514074481104,15.712797795581317,145.88939267319296,0.8340840242346939
APTOS 2019,0,No DR,114.3726272352132,23.442231627554936,106.01692101831479,0.4760044642857143
APTOS 2019,2,Moderate NPDR,73.38668533986895,14.501947595109133,87.57960729410398,0.8330277423469388
APTOS 2019,1,Mild NPDR,63.4314718803182,15.338535554454623,112.90785611630818,0.5463368941326531
APTOS 2019,0,No DR,115.80480544903597,13.471452787049625,173.45356114916163,0.7922512755102041
APTOS 2019,2,Moderate NPDR,83.46722228437186,10.170498884466538,82.98349498967664,0.755859375
APTOS 2019,0,No DR,71.93237146655625,24.09723704988902,167.88158507216386,0.9694276147959183
APTOS 2019,0,No DR,104.83117121246849,10.10383225547972,107.10695479862147,0.4762436224489796
APTOS 2019,2,Moderate NPDR,82.49669004207574,14.36658710163297,75.11346700998683,0.7457150829081632
APTOS 2019,0,No DR,107.93827491814717,14.810241253816084,178.94191338177646,0.7916533801020408
APTOS 2019,0,No DR,102.2995628972138,13.17034375190441,117.88296455655048,0.7917928890306123
APTOS 2019,2,Moderate NPDR,122.78501920973667,12.64771822413072,117.99604911204644,0.7464325573979592
APTOS 2019,0,No DR,50.74619102658401,13.793648134040524,44.061153760795854,0.797492825255102
APTOS 2019,2,Moderate NPDR,85.80340560421027,27.56197279375038,197.72468388975503,0.9894571109693877
APTOS 2019,0,No DR,76.49360062388183,11.471673243202526,123.37400582711905,0.4758848852040816
APTOS 2019,0,No DR,103.40013957108731,16.454598461816367,150.03984098660294,0.7915935905612245
APTOS 2019,4,Proliferative DR,114.06770249046444,10.33220436842737,82.24670992889878,0.7463528380102041
APTOS 2019,0,No DR,77.43225695858064,19.44943797878045,146.22862849076304,0.9812858737244898
APTOS 2019,2,Moderate NPDR,98.30623001598721,10.416192946343397,70.02513220987957,0.8339445153061225
APTOS 2019,2,Moderate NPDR,92.82730786948946,37.547487120992564,270.5992427980243,0.999641262755102
APTOS 2019,0,No DR,87.48452332929945,15.563222217523375,146.19746699961087,0.7905572385204082
APTOS 2019,2,Moderate NPDR,90.81088439192793,13.131954273814733,101.95859654610523,0.7458545918367347
APTOS 2019,0,No DR,67.23622426539887,23.38737276615625,101.52889400723579,0.9862484056122449
APTOS 2019,0,No DR,96.13527208042477,19.46200511612647,256.5187183518184,0.7893813775510204
APTOS 2019,0,No DR,109.00058944886531,12.286015312292877,135.44942685899312,0.7923110650510204
APTOS 2019,2,Moderate NPDR,113.22745867189688,7.131073778825017,36.331299638138915,0.7463528380102041
APTOS 2019,2,Moderate NPDR,100.15312359802603,9.786474825129481,36.83995381973818,0.7460140306122449
APTOS 2019,2,Moderate NPDR,116.06933166770769,14.722901810342268,80.46145863020496,0.8337053571428571
APTOS 2019,4,Proliferative DR,68.37805854390793,11.760601078893794,77.86794258127921,0.8329081632653061
APTOS 2019,2,Moderate NPDR,106.10155098778691,11.577294348908177,56.93814243168656,0.8340043048469388
APTOS 2019,0,No DR,54.32737267066579,12.329712490420588,48.82680756369856,0.9045161033163265
APTOS 2019,0,No DR,91.75230098498305,21.907588020881455,265.54161883101193,0.7900390625
APTOS 2019,0,No DR,110.82103454755321,16.145745409239403,156.3159165974846,0.7914341517857143
APTOS 2019,2,Moderate NPDR,96.95266921264322,16.262176728750898,45.88973291126821,0.9895766900510204
APTOS 2019,2,Moderate NPDR,79.87205321059722,13.654808562717418,56.59441279290331,0.7458944515306123
APTOS 2019,0,No DR,119.1628643562084,17.43832590417824,283.5652963800203,0.47560586734693877
APTOS 2019,0,No DR,98.04068914956012,16.903273897089548,89.98499591767127,0.47642299107142855
APTOS 2019,0,No DR,60.59688844186694,26.62353936437624,121.4489218025038,0.9743502869897959
APTOS 2019,0,No DR,101.34034267912773,18.26029688403618,165.9850764608251,0.7910754145408163
APTOS 2019,3,Severe NPDR,55.50418519785608,23.37274378053806,49.18919748929979,0.9045360331632653
APTOS 2019,2,Moderate NPDR,118.91156348138179,14.213235684346582,163.0812888539886,0.7465122767857143
APTOS 2019,2,Moderate NPDR,49.11669785913178,14.337332321355667,165.6632305941318,0.9041175063775511
APTOS 2019,1,Mild NPDR,76.88560073983354,14.071269833310819,122.67789768047523,0.8334661989795918
APTOS 2019,2,Moderate NPDR,96.56977400370837,15.366345769830584,155.41296392971464,0.7907764668367347
APTOS 2019,0,No DR,93.38899221045254,20.580996708746248,163.11036949853084,0.7892418686224489
APTOS 2019,0,No DR,110.15008968970041,14.794130073430562,129.3634787014385,0.7930883290816326
APTOS 2019,2,Moderate NPDR,85.46902190219022,12.494812022842478,105.35100136926383,0.8332669005102041
APTOS 2019,1,Mild NPDR,77.89783668875829,11.372360816615572,80.62649648176026,0.8330676020408163
APTOS 2019,2,Moderate NPDR,72.42182145626454,10.850286523903668,89.20499701598948,0.8328683035714286
APTOS 2019,4,Proliferative DR,77.30266743331417,9.231296480655022,69.63557811257213,0.8332669005102041
APTOS 2019,2,Moderate NPDR,72.18961292258452,10.56642839430635,92.78338090039992,0.8332669005102041
APTOS 2019,0,No DR,105.99065121000054,12.473366816774305,129.08915876232427,0.7945830676020408
APTOS 2019,2,Moderate NPDR,75.37509957892341,29.1217332371911,61.881787396361275,0.9060905612244898
APTOS 2019,4,Proliferative DR,75.82547792156753,10.737190420517184,104.10298046546608,0.7459143813775511
APTOS 2019,4,Proliferative DR,69.79562617557059,15.098241083654964,99.48176132985328,0.7455556441326531
APTOS 2019,2,Moderate NPDR,103.07102798497,15.172648838833432,245.44347186127834,0.7536670918367347
APTOS 2019,0,No DR,99.2595932640103,23.187178084335713,107.50628903487018,0.4744897959183674
APTOS 2019,0,No DR,76.45714154748808,21.96839907061593,80.67927906957668,0.4762635522959184
APTOS 2019,0,No DR,101.91559278350516,15.380871730771174,194.5422595137145,0.7913942920918368
APTOS 2019,0,No DR,74.58696262995224,26.42325497186436,102.13498987122416,0.9738719706632653
APTOS 2019,2,Moderate NPDR,98.90422004944932,11.524352539467817,65.23845228756001,0.752311862244898
APTOS 2019,0,No DR,117.42776203966005,14.996373179221436,119.19838563392256,0.7936662946428571
APTOS 2019,2,Moderate NPDR,108.93332833920144,13.812186188075774,51.18753332963715,0.8341039540816326
APTOS 2019,1,Mild NPDR,120.44121172768592,13.38187858269728,58.91899851055697,0.8341836734693877
APTOS 2019,2,Moderate NPDR,100.30225741904574,10.337523587012264,64.81555460639923,0.7435626594387755
APTOS 2019,2,Moderate NPDR,75.5727522113985,7.99352049246571,68.29802229623797,0.7551020408163265
APTOS 2019,0,No DR,69.61061824867846,14.975021794232587,208.70879800177497,0.4749083227040816
APTOS 2019,0,No DR,102.28228614280358,13.748084273904867,101.20337439971469,0.7924306441326531
APTOS 2019,0,No DR,106.16174240683729,20.666492749436497,103.96566204659165,0.47506776147959184
APTOS 2019,2,Moderate NPDR,91.8562184580023,16.196665479302325,160.24699724672294,0.8337452168367347
APTOS 2019,0,No DR,35.8833325718463,12.429328874886387,70.52581377108217,0.9034199617346939
APTOS 2019,0,No DR,56.640881510861284,18.43952775323576,79.13099825764509,0.7975725446428571
APTOS 2019,0,No DR,100.68362203281093,16.087905980563544,116.22769655806827,0.476383131377551
APTOS 2019,2,Moderate NPDR,101.20788077797424,8.95540613951862,87.09162262773539,0.7452965561224489
APTOS 2019,2,Moderate NPDR,62.56877400295421,12.233033219384387,68.03043883673082,0.714225924744898
APTOS 2019,2,Moderate NPDR,112.62625480697199,10.438454069953206,165.76807461074162,0.8342036033163265
APTOS 2019,2,Moderate NPDR,95.65411593064363,13.683632256820003,156.94791422026498,0.7459143813775511
APTOS 2019,0,No DR,102.66137083355697,18.785690935355003,139.5728142023281,0.7919523278061225
APTOS 2019,0,No DR,112.65791025572294,18.167413246117526,140.19417897814182,0.7921914859693877
APTOS 2019,1,Mild NPDR,86.05523895220956,11.611301976142649,109.26613336600828,0.8334861288265306
APTOS 2019,0,No DR,75.37463735267453,20.416701949061896,131.96011232398823,0.9160754145408163
APTOS 2019,2,Moderate NPDR,86.3611438513779,11.205994975580355,80.96017521058552,0.7459941007653061
APTOS 2019,1,Mild NPDR,71.1771635817909,14.590985305483889,108.06928156674637,0.8329878826530612
APTOS 2019,0,No DR,111.28264484978541,17.083414367106066,126.99777762803579,0.7919722576530612
APTOS 2019,1,Mild NPDR,75.64193056562273,12.581841650399664,90.54307317083004,0.8334462691326531
APTOS 2019,0,No DR,103.0578441377088,18.454835400722,144.88875048435867,0.7912747130102041
APTOS 2019,0,No DR,91.62928926508128,15.940994984600168,122.23107403268287,0.7909956951530612
APTOS 2019,0,No DR,109.33740135804734,20.93854314478689,109.81342321983581,0.4758450255102041
APTOS 2019,3,Severe NPDR,87.80986286919831,21.558933174662833,120.06301425132438,0.7195870535714286
APTOS 2019,4,Proliferative DR,82.18866981532848,9.793394538019562,67.69537357498442,0.8334661989795918
APTOS 2019,2,Moderate NPDR,90.69144814419676,13.575365768967869,111.60852813263958,0.7456552933673469
APTOS 2019,1,Mild NPDR,82.6342889994251,12.368160213468622,54.73750964153923,0.833366549744898
APTOS 2019,2,Moderate NPDR,81.3955,13.049008765036524,102.6882954975,0.8333266900510204
APTOS 2019,0,No DR,38.54256456934805,10.170576844961552,22.29307455076197,0.9063496492346939
APTOS 2019,0,No DR,98.22815066293526,9.139969244589713,32.77371741704127,0.4758450255102041
APTOS 2019,0,No DR,53.65284565662935,23.522091881351304,79.7173566038108,0.7972935267857143
APTOS 2019,2,Moderate NPDR,132.0427838950996,15.952710288139487,140.21961841442777,0.7462930484693877
APTOS 2019,2,Moderate NPDR,100.73305190588,12.76942847526491,39.09665084872693,0.8339445153061225
APTOS 2019,0,No DR,87.12953367875647,14.559062518092556,132.24967566922749,0.4761240433673469
APTOS 2019,1,Mild NPDR,82.41572052401747,6.7205035311564405,70.86608312148864,0.7504583864795918
APTOS 2019,4,Proliferative DR,107.48525619464066,13.948290418715946,85.29016678488375,0.7461336096938775
APTOS 2019,2,Moderate NPDR,78.17642269575227,12.717644922370026,47.42584504962033,0.7456552933673469
APTOS 2019,0,No DR,98.28740175575676,24.589783201968405,105.9749690139501,0.47494818239795916
APTOS 2019,2,Moderate NPDR,63.39808016781431,16.152926230827457,122.89720697888772,0.9048150510204082
APTOS 2019,0,No DR,98.58923969072166,15.881005310196192,111.95070930490239,0.7913942920918368
APTOS 2019,0,No DR,104.04947224236564,19.30715616460485,163.7160293905973,0.7912348533163265
APTOS 2019,4,Proliferative DR,34.121964048849655,18.054688912921872,144.4419064675494,0.9028021364795918
APTOS 2019,4,Proliferative DR,30.24030740203861,10.41937430619669,38.24203257836271,0.9008290816326531
APTOS 2019,0,No DR,87.78443608332569,24.423627793600282,42.14001259838246,0.4758250956632653
APTOS 2019,1,Mild NPDR,102.00447343429799,14.009832568177808,77.50697006697426,0.8335658482142857
APTOS 2019,0,No DR,105.11832164058283,19.31950670795999,205.38843797517427,0.7888034119897959
APTOS 2019,0,No DR,92.09508285059948,17.947095042559507,107.99599976980424,0.7896603954081632
APTOS 2019,4,Proliferative DR,119.37920015976833,14.615813246066887,94.04687972273943,0.8343829719387755
APTOS 2019,2,Moderate NPDR,106.31778817858243,11.330159397676974,38.53709403595025,0.7467912946428571
APTOS 2019,0,No DR,71.52654562169616,12.986529130610368,86.8617483275361,0.4749083227040816
APTOS 2019,2,Moderate NPDR,86.06906439086065,40.157480832040235,156.05924977933728,0.9161949936224489
APTOS 2019,0,No DR,100.08558389261745,17.775282709350208,224.7896697705509,0.7914142219387755
APTOS 2019,2,Moderate NPDR,48.981052055544154,17.349112544915204,55.27552790697895,0.9048150510204082
APTOS 2019,2,Moderate NPDR,91.2856862635207,17.836396512057007,144.37590378013283,0.7461734693877551
APTOS 2019,3,Severe NPDR,102.66029102910291,13.703510972616039,66.68579165834875,0.8331871811224489
APTOS 2019,0,No DR,46.18901878365953,21.863871384676933,60.164190774148,0.7974330357142857
APTOS 2019,0,No DR,83.37440714647511,18.62965354309115,87.3886667170072,0.4741310586734694
APTOS 2019,0,No DR,99.70414885321718,21.233718358996757,227.83778112164612,0.7906369579081632
APTOS 2019,0,No DR,94.35379284409584,16.43289553678396,164.57661959618704,0.7913145727040817
APTOS 2019,4,Proliferative DR,68.27770199976881,19.014653587680804,104.9430778630745,0.8955676020408163
APTOS 2019,0,No DR,97.0241122550469,19.716535981658247,166.1289971994446,0.7906170280612245
APTOS 2019,1,Mild NPDR,100.23187247014143,11.641036166907806,62.16761509519172,0.8336455676020408
APTOS 2019,0,No DR,125.37397809243922,16.035602800155694,109.42770265828479,0.7938456632653061
APTOS 2019,0,No DR,112.14344111703105,18.793316103763683,209.86527625383826,0.47524713010204084
APTOS 2019,1,Mild NPDR,126.34484309414351,14.554511726725966,86.05726275345627,0.8339245854591837
APTOS 2019,2,Moderate NPDR,68.48170014759962,15.30454838609517,106.95746540455097,0.8328882334183674
APTOS 2019,0,No DR,46.62166520757499,17.225557495711932,214.33845787708017,0.4738719706632653
APTOS 2019,3,Severe NPDR,86.05408586481336,16.453289272881648,195.6830156267998,0.7543048469387755
APTOS 2019,0,No DR,123.80561426077368,12.803673339869643,73.10836207953906,0.47512755102040816
APTOS 2019,3,Severe NPDR,49.684849314443454,25.66851460075867,94.1998159715133,0.9043765943877551
APTOS 2019,0,No DR,51.04032999658443,18.80377104069179,25.60250103897296,0.7973533163265306
APTOS 2019,0,No DR,87.94120623821135,14.65292575014184,104.72102510311548,0.4745495854591837
APTOS 2019,0,No DR,57.20627790911479,19.53368182126984,125.3862849448043,0.7975526147959183
APTOS 2019,2,Moderate NPDR,75.43319251056171,19.453755974823917,68.30638355074397,0.833366549744898
APTOS 2019,3,Severe NPDR,48.52353330745164,21.98053184927424,31.08048363737956,0.9038783482142857
APTOS 2019,1,Mild NPDR,98.27678283317199,12.834369522604531,85.46838473121217,0.7905771683673469
APTOS 2019,0,No DR,101.34087571140077,16.268285691367065,107.07661512709771,0.4756457270408163
APTOS 2019,4,Proliferative DR,91.30927441964786,27.350804175863747,271.19994902159823,0.9328563456632653
APTOS 2019,0,No DR,50.35031796920166,15.976709304962899,55.3521895671963,0.797233737244898
APTOS 2019,0,No DR,108.86308915999355,20.517193200685625,158.8384100710643,0.7908761160714286
APTOS 2019,2,Moderate NPDR,113.14072931276297,11.6962191191894,40.44434892292803,0.7461933992346939
APTOS 2019,0,No DR,81.62094774543117,16.93849641054749,90.57736332686491,0.47536670918367346
APTOS 2019,0,No DR,107.05891522872655,11.950075394560175,92.40136914337288,0.7907963966836735
APTOS 2019,2,Moderate NPDR,93.99204497540407,9.467483648057037,91.54018453466763,0.744758450255102
APTOS 2019,0,No DR,111.68093426903091,13.816298633065799,199.89523953205585,0.7926698022959183
APTOS 2019,0,No DR,60.28076695089143,26.603640970645042,144.54256401903822,0.904914700255102
APTOS 2019,2,Moderate NPDR,115.40638692281766,10.850814222719464,205.35621174425248,0.7524115114795918
APTOS 2019,0,No DR,57.062287504722114,25.226783834075,134.25328450772395,0.9395328443877551
APTOS 2019,2,Moderate NPDR,130.10293294525914,12.125227464571372,69.40414616356331,0.7472098214285714
APTOS 2019,0,No DR,102.40421830250796,17.52162207221794,159.5265200624046,0.7929288903061225
APTOS 2019,3,Severe NPDR,59.08986148825959,22.881537360221543,124.30812586529056,0.9042171556122449
APTOS 2019,1,Mild NPDR,69.73872428219383,11.948916150389403,61.05323587779707,0.7351323341836735
APTOS 2019,3,Severe NPDR,94.72696151924038,11.2139939755012,71.85867487545582,0.8336455676020408
APTOS 2019,1,Mild NPDR,104.32714133506276,29.017077992241855,294.74959454274637,0.8944515306122449
APTOS 2019,2,Moderate NPDR,120.13646582733813,8.317350511070943,58.735682626335986,0.7450374681122449
APTOS 2019,2,Moderate NPDR,102.34549289832654,15.346628221098905,90.5376905517805,0.7515545280612245
APTOS 2019,4,Proliferative DR,82.28091061934839,25.20072859110925,126.92984317559835,0.9073062818877551
APTOS 2019,0,No DR,79.53569954601734,21.69953057298221,51.0314280103343,0.4760642538265306
APTOS 2019,0,No DR,95.23331185220987,19.231586563168555,125.67639064513165,0.7910355548469388
APTOS 2019,1,Mild NPDR,74.05188148518565,14.416841343104426,76.92125030818252,0.8333067602040817
APTOS 2019,4,Proliferative DR,92.84600377979638,34.64916437926277,93.13954957969328,0.9893574617346939
APTOS 2019,0,No DR,89.24961088980928,56.09642060148721,253.90221038141144,0.7972735969387755
APTOS 2019,1,Mild NPDR,56.80723926657774,17.61996897771086,31.963592161824934,0.9222138073979592
APTOS 2019,3,Severe NPDR,63.27439789978313,23.6168497619317,220.06576300231484,0.9040377869897959
APTOS 2019,1,Mild NPDR,67.12486084921734,27.186063178435617,99.29852512662025,0.9076650191326531
APTOS 2019,0,No DR,112.09977856628338,15.35813761175265,127.43837466880886,0.7948620854591837
APTOS 2019,0,No DR,93.22907335389567,19.553787606210975,235.89377457873942,0.7915935905612245
APTOS 2019,2,Moderate NPDR,79.49441096301483,13.011802697891415,87.0437722170341,0.8331473214285714
APTOS 2019,0,No DR,107.31573006530678,17.931547663310294,197.64437875100708,0.7911152742346939
APTOS 2019,0,No DR,106.79046981662428,10.289381394856346,99.26053808272816,0.7925502232142857
APTOS 2019,1,Mild NPDR,64.4963722351144,11.763382970894295,95.53020298885404,0.7145049426020408
APTOS 2019,2,Moderate NPDR,74.38316799520229,10.989815463790706,82.65337627761824,0.8336455676020408
APTOS 2019,1,Mild NPDR,96.26327582343716,12.85845137088867,143.17174534267212,0.7547831632653061
APTOS 2019,0,No DR,57.46771397047234,19.659111384908037,79.21971417770752,0.7974529655612245
APTOS 2019,0,No DR,82.68451207773754,19.50757113194033,68.11445125337637,0.47628348214285715
APTOS 2019,0,No DR,50.031889400921656,12.092569094519998,100.15067472021066,0.473812181122449
APTOS 2019,0,No DR,102.13867119118795,16.846056992896823,185.2892227990022,0.7898995535714286
APTOS 2019,0,No DR,118.34653828519028,21.81102706404003,76.60453742367969,0.4760044642857143
APTOS 2019,1,Mild NPDR,67.01781380569942,11.089578055042205,82.92881606202599,0.8328085140306123
APTOS 2019,2,Moderate NPDR,140.87430269391416,14.180374269267075,172.33116455964276,0.7462133290816326
APTOS 2019,2,Moderate NPDR,82.60377187209224,34.77058143718154,75.90428014812547,0.9099768813775511
APTOS 2019,2,Moderate NPDR,88.8717617625696,14.199602129098734,108.16199448522077,0.7902981505102041
APTOS 2019,0,No DR,57.135096661615464,15.039350117743414,89.55810234997139,0.4753467793367347
APTOS 2019,1,Mild NPDR,109.54321913186895,13.154426859834345,69.85511092313592,0.8338448660714286
APTOS 2019,3,Severe NPDR,62.555924826904054,18.07647858822702,87.71061156790634,0.5465959821428571
APTOS 2019,2,Moderate NPDR,51.441626335494476,20.406451015536483,97.02166468763518,0.903938137755102
APTOS 2019,2,Moderate NPDR,110.76299557001066,10.531793716996246,120.17884549787387,0.7466318558673469
APTOS 2019,0,No DR,98.62317246894759,10.618183106026946,66.40646389303679,0.833625637755102
APTOS 2019,2,Moderate NPDR,96.95151787217328,12.011194373260231,88.58351869426973,0.7460140306122449
APTOS 2019,0,No DR,93.81628370015606,13.509344303054988,96.19423576298524,0.7903778698979592
APTOS 2019,1,Mild NPDR,121.29761993956195,19.188513557611536,84.00791387075046,0.8340840242346939
APTOS 2019,1,Mild NPDR,95.5337667208401,16.151417499309225,141.3171351782143,0.8332071109693877
APTOS 2019,0,No DR,101.57119845360825,15.26761487403045,166.69641903096252,0.7912348533163265
APTOS 2019,0,No DR,107.25200421457694,8.804348240066709,54.49084623184658,0.47652264030612246
APTOS 2019,3,Severe NPDR,78.74655564723827,10.109429375558868,161.27451298926428,0.8331273915816326
APTOS 2019,3,Severe NPDR,76.29507139050183,15.592473342751338,97.46690141893332,0.7463129783163265
APTOS 2019,0,No DR,97.28425113672898,29.12804201238802,116.78428995114704,0.4752670599489796
APTOS 2019,0,No DR,99.42631675536796,28.32315280473524,113.20496625459839,0.4758450255102041
APTOS 2019,0,No DR,113.07129647002064,16.346274341837237,122.41132068366481,0.7921914859693877
APTOS 2019,0,No DR,103.80728160549474,21.166809500246664,217.5279456201813,0.7916733099489796
APTOS 2019,0,No DR,61.29878657351473,21.99730830875155,51.48880840499685,0.7976323341836735
APTOS 2019,0,No DR,59.39169658473718,13.344100633915444,98.80170907330024,0.47433035714285715
APTOS 2019,0,No DR,110.0459693359688,12.727619740429844,114.63706382928557,0.7937858737244898
APTOS 2019,0,No DR,52.92090677454097,14.85496604822942,26.909880446673707,0.7975326849489796
APTOS 2019,1,Mild NPDR,88.11421747042766,27.684663927702488,182.57531199262132,0.9065090880102041
APTOS 2019,1,Mild NPDR,78.44808630993111,33.567204634306286,136.7406491509449,0.9046755420918368
APTOS 2019,0,No DR,134.57682608097574,21.2521630178202,115.59291883600355,0.4760642538265306
APTOS 2019,0,No DR,113.30715475998495,16.62536071214312,98.05858293405976,0.7908362563775511
APTOS 2019,3,Severe NPDR,106.64625049077345,11.423105819413484,83.0136331961645,0.7462930484693877
APTOS 2019,0,No DR,117.15992098130197,28.517702432062777,160.1355257150309,0.4751474808673469
APTOS 2019,2,Moderate NPDR,51.25620909070176,29.625319199022446,184.86783725599815,0.9045958227040817
APTOS 2019,0,No DR,64.2739080361713,22.43569323605042,79.84850487991422,0.9833386479591837
APTOS 2019,0,No DR,99.20651874942698,18.175885770856727,101.66473917582316,0.47622369260204084
APTOS 2019,2,Moderate NPDR,88.50391227528957,11.189613060921257,55.87233320894948,0.7457150829081632
APTOS 2019,2,Moderate NPDR,58.014122424767855,16.21501751058248,76.0381215032063,0.9043367346938775
APTOS 2019,1,Mild NPDR,96.97362302172662,19.99317405598372,190.18068329897852,0.8332270408163265
APTOS 2019,0,No DR,71.05038230475151,32.07293540154452,221.29877065073455,0.9063695790816326
APTOS 2019,3,Severe NPDR,87.22229722972297,11.85612165277195,161.64769080168344,0.8331871811224489
APTOS 2019,1,Mild NPDR,96.04636950869764,14.926269768276573,153.60083019423723,0.7925502232142857
APTOS 2019,2,Moderate NPDR,113.58012443248697,12.479694200604694,115.3304274794923,0.7469507334183674
APTOS 2019,2,Moderate NPDR,98.77814866760168,9.735414707030714,50.775420837226505,0.7463926977040817
APTOS 2019,2,Moderate NPDR,113.79034834515035,16.624779109534902,170.87725557775536,0.7463926977040817
APTOS 2019,2,Moderate NPDR,114.93463154945363,8.207266179409041,35.44889640259383,0.7470304528061225
APTOS 2019,4,Proliferative DR,97.52009535829477,11.962718874657753,54.31369964276725,0.7462332589285714
APTOS 2019,0,No DR,84.54461538461538,11.814242326623651,105.25269318373248,0.47538663903061223
APTOS 2019,0,No DR,97.03485312281832,13.206191336864242,146.10416705113883,0.7911551339285714
APTOS 2019,4,Proliferative DR,93.945424654317,16.990677813471905,111.19991801621447,0.7150231186224489
APTOS 2019,0,No DR,55.35036918306751,17.64056060597645,72.19503915974911,0.7972935267857143
APTOS 2019,0,No DR,94.26554491050103,15.88933145269645,143.8540041343501,0.7912547831632653
APTOS 2019,4,Proliferative DR,82.78248896171878,21.48176348624829,72.57616323545516,0.9061304209183674
APTOS 2019,0,No DR,88.94458519756347,18.590458423347894,151.85743512630506,0.7892617984693877
APTOS 2019,2,Moderate NPDR,97.5723543934463,10.485114037222658,41.2500346195846,0.7455755739795918
APTOS 2019,2,Moderate NPDR,33.63995338314938,12.187983861443886,25.794131321998464,0.9033203125
APTOS 2019,2,Moderate NPDR,85.7305016584965,18.406231241377768,79.53629169603757,0.7151825573979592
APTOS 2019,2,Moderate NPDR,121.46045501086333,11.811193257039097,183.35781848862047,0.8341039540816326
APTOS 2019,3,Severe NPDR,48.154773318723464,15.571462756550781,83.07343663604823,0.9040178571428571
APTOS 2019,0,No DR,89.67385321100917,18.059447064404573,62.28999206927026,0.47594467474489793
APTOS 2019,0,No DR,45.36621532798738,21.544664711687105,37.004119838768744,0.7968351403061225
APTOS 2019,2,Moderate NPDR,66.66422408698736,11.750655043041908,70.26532975517122,0.7141262755102041
APTOS 2019,2,Moderate NPDR,91.00709751586945,8.453995215006568,77.14982133421293,0.8336455676020408
APTOS 2019,1,Mild NPDR,46.83961381325177,17.622150952481284,68.58904761005432,0.9041573660714286
APTOS 2019,2,Moderate NPDR,93.41919730564132,10.268865047516286,78.31495298334325,0.7456154336734694
APTOS 2019,2,Moderate NPDR,81.8254070895303,14.187795563303277,137.5781644179923,0.7172154017857143
APTOS 2019,2,Moderate NPDR,103.43004120994645,14.974474995805382,133.25337196832598,0.7461136798469388
APTOS 2019,0,No DR,75.21808636303977,19.166850606881926,145.8420072145401,0.7980508609693877
APTOS 2019,2,Moderate NPDR,83.41672498250524,11.539815336028813,79.99075586918545,0.8335259885204082
APTOS 2019,0,No DR,59.966756018080524,22.77436002318273,60.88650148478677,0.7971739477040817
APTOS 2019,0,No DR,61.61722525740702,18.304643145866724,41.339820037484635,0.7975924744897959
APTOS 2019,2,Moderate NPDR,105.71666526457474,9.980195731002494,55.39053672099972,0.7464325573979592
APTOS 2019,2,Moderate NPDR,89.21748581994453,13.017279441743819,118.06071568179935,0.8335857780612245
APTOS 2019,2,Moderate NPDR,106.28809423643247,8.408316188438762,55.99863739905565,0.7463329081632653
APTOS 2019,0,No DR,87.22078398971817,10.220487712955554,27.52876132749154,0.47560586734693877
APTOS 2019,0,No DR,102.36982359901043,18.63248756266895,144.77019582026833,0.7905771683673469
APTOS 2019,0,No DR,125.3191113016911,15.357272771230488,110.18707895206315,0.7921715561224489
APTOS 2019,0,No DR,100.67919362199018,11.673125513718405,92.44253309373146,0.7914341517857143
APTOS 2019,1,Mild NPDR,77.17308894501262,16.538494168474703,158.784663101172,0.8331074617346939
APTOS 2019,2,Moderate NPDR,112.71047902510249,13.85524502135495,38.993825750932345,0.745735012755102
APTOS 2019,0,No DR,107.0529043693101,15.986642262926141,186.32375532223952,0.791374362244898
APTOS 2019,0,No DR,92.60493362712957,14.370110419616632,138.60340826373314,0.7908163265306123
APTOS 2019,2,Moderate NPDR,63.41218074656189,14.165164539515459,119.62540346179654,0.7457150829081632
APTOS 2019,1,Mild NPDR,68.42597318122687,13.357147458864402,68.3840023326045,0.8328483737244898
APTOS 2019,0,No DR,107.08364447070832,18.121420181078506,256.05846259534144,0.7911551339285714
APTOS 2019,0,No DR,103.7915260592426,17.549329965532692,172.17950782942148,0.7924505739795918
APTOS 2019,2,Moderate NPDR,47.68371678992057,15.467058458854519,69.9033597079873,0.9041573660714286
APTOS 2019,0,No DR,99.76758672537858,10.645252474422442,107.86655240735476,0.7912547831632653
APTOS 2019,1,Mild NPDR,68.72880781228808,17.509108095467003,78.7708922409532,0.9213568239795918
APTOS 2019,0,No DR,113.59309293242737,13.239390468216781,89.53096708946204,0.7932676977040817
APTOS 2019,1,Mild NPDR,69.32208688692694,12.929205272369536,113.19397039542523,0.8330875318877551
APTOS 2019,3,Severe NPDR,84.23085429914293,15.446792767243524,245.6524210499751,0.5473134566326531
APTOS 2019,0,No DR,55.883963528391625,17.53822516260118,67.04125627891834,0.7972735969387755
APTOS 2019,0,No DR,101.5953921703612,30.51535486032098,117.00588795587744,0.4755859375
APTOS 2019,0,No DR,98.19371727748691,17.766153577477887,123.59476208492617,0.4753268494897959
APTOS 2019,1,Mild NPDR,94.72672545150252,14.298945067773136,76.4657240608162,0.8339644451530612
APTOS 2019,0,No DR,104.5491433481927,20.700091426114216,189.51972430985464,0.7911551339285714
APTOS 2019,0,No DR,105.06833890236646,17.86316697767815,68.47114883645433,0.4768813775510204
APTOS 2019,2,Moderate NPDR,53.60664551383748,22.37241239260762,70.3550130714399,0.7145846619897959
APTOS 2019,0,No DR,94.00658991876917,17.97673599097697,187.58253960781659,0.7905970982142857
APTOS 2019,0,No DR,113.32894555795075,35.32396816979081,176.6453871255692,0.4759048150510204
APTOS 2019,0,No DR,99.44166514930808,22.28943027367501,234.27362171733338,0.9060905612244898
APTOS 2019,1,Mild NPDR,100.32756121134021,15.380286809367124,136.16519574830374,0.7914939413265306
APTOS 2019,2,Moderate NPDR,90.91548704750181,10.857540618536898,66.47198103302755,0.7556002869897959
APTOS 2019,2,Moderate NPDR,89.6923571868181,12.214867318399085,96.73342062032388,0.7556202168367347
APTOS 2019,0,No DR,93.58305996235548,16.2172456645627,178.08733586118854,0.7907366071428571
APTOS 2019,0,No DR,100.94771181768057,11.924532374138318,87.18429611213249,0.4750876913265306
APTOS 2019,2,Moderate NPDR,69.33843672625673,13.062373307343703,32.50795963584009,0.9075454400510204
APTOS 2019,0,No DR,88.68465987331314,15.201966027677424,152.32404465395174,0.4755261479591837
APTOS 2019,2,Moderate NPDR,109.67770235827543,17.72444840068588,170.13378723682447,0.7915736607142857
APTOS 2019,2,Moderate NPDR,124.94356788554052,24.150579408105795,80.86276102219368,0.8357979910714286
APTOS 2019,0,No DR,101.00380768877879,33.54924614460594,141.3410567624473,0.475765306122449
APTOS 2019,2,Moderate NPDR,97.15410939691445,14.678577116681321,171.55644724914382,0.7460140306122449
APTOS 2019,2,Moderate NPDR,79.28463192638527,13.282483229490532,129.15276838124177,0.8332469706632653
APTOS 2019,0,No DR,93.37377591834858,14.020068767692656,111.03051946703168,0.47482860331632654
APTOS 2019,1,Mild NPDR,31.781832723948813,10.09059528855064,35.063089825485704,0.9032405931122449
APTOS 2019,0,No DR,111.0096673986396,14.974471259947677,130.76772693880142,0.7923708545918368
APTOS 2019,0,No DR,101.91263383297644,11.952780979695769,105.30936677228107,0.7925900829081632
APTOS 2019,1,Mild NPDR,75.63161711385062,12.532410517475933,59.01187603048749,0.8332071109693877
APTOS 2019,4,Proliferative DR,89.86200974181378,18.557460259931716,80.88856089680894,0.7509367028061225
APTOS 2019,0,No DR,58.90824119457426,21.340235917224714,50.1669924591826,0.9049545599489796
APTOS 2019,2,Moderate NPDR,61.31065170112242,12.464875061527144,112.810858852861,0.8334263392857143
APTOS 2019,1,Mild NPDR,104.56337289194254,16.542447061113982,70.38750050799761,0.8338647959183674
APTOS 2019,0,No DR,102.65782486254525,17.288608322482503,144.51535024111868,0.7919722576530612
APTOS 2019,1,Mild NPDR,90.63187485944177,11.811976810955299,77.50213648516954,0.8335857780612245
APTOS 2019,0,No DR,91.9599119346849,17.17324717254331,118.11637782044555,0.47598453443877553
APTOS 2019,2,Moderate NPDR,111.58814619505765,11.7429479344971,102.83728396091526,0.7462930484693877
APTOS 2019,1,Mild NPDR,94.07825261632989,17.29201428803333,67.79548957177644,0.8340242346938775
APTOS 2019,0,No DR,119.64680965147453,17.20454696300874,159.10891872722436,0.7919523278061225
APTOS 2019,2,Moderate NPDR,60.86276299575556,20.667479071591483,69.49212689000862,0.9043566645408163
APTOS 2019,0,No DR,103.65762211486849,18.064353326916596,159.39243032307826,0.7914939413265306
APTOS 2019,0,No DR,103.29948143729062,16.032167860927892,207.17597829018354,0.47562579719387754
APTOS 2019,2,Moderate NPDR,71.51073251275893,18.336442334216144,91.53402774404307,0.8327487244897959
APTOS 2019,4,Proliferative DR,68.48111423167306,14.493307802678517,91.93199194232703,0.7352120535714286
APTOS 2019,2,Moderate NPDR,77.84167391731455,14.07906994707905,77.95879812860973,0.7450773278061225
APTOS 2019,1,Mild NPDR,73.90196225471816,11.780118462910298,80.8720823632829,0.8333466198979592
APTOS 2019,1,Mild NPDR,73.87150760399065,24.174943654808633,166.01743313387337,0.8946308992346939
APTOS 2019,0,No DR,97.03418175135532,16.0158118266093,102.36512374031986,0.47512755102040816
APTOS 2019,2,Moderate NPDR,82.11409339503577,11.410893672567758,45.88010639914397,0.7464325573979592
APTOS 2019,0,No DR,106.89624670645803,16.10549306670095,145.23891259537353,0.7904775191326531
APTOS 2019,2,Moderate NPDR,66.26321844830174,11.28406601327102,74.37336859175043,0.8330476721938775
APTOS 2019,0,No DR,120.03783798268886,12.31950923165275,129.57031740732864,0.7922911352040817
APTOS 2019,0,No DR,73.33393734079151,20.41734754822027,215.47450187974226,0.7977319834183674
APTOS 2019,2,Moderate NPDR,55.74435627308797,20.247128373523953,31.128744149547053,0.9047552614795918
APTOS 2019,0,No DR,69.12169919632606,16.119615304714134,143.74779277365712,0.47536670918367346
APTOS 2019,0,No DR,103.74856866381744,15.350536044027937,148.82581551952808,0.7908163265306123
APTOS 2019,1,Mild NPDR,126.59651882928779,9.303257129391993,43.90887551911856,0.8341438137755102
APTOS 2019,1,Mild NPDR,76.69200960048002,17.01612908652148,122.0790148862911,0.8333067602040817
APTOS 2019,2,Moderate NPDR,64.16969621202651,8.581508438561926,80.51485060085567,0.8332469706632653
APTOS 2019,2,Moderate NPDR,74.00143182009602,8.868000072056981,60.14942444819487,0.7456552933673469
APTOS 2019,0,No DR,105.16667559890669,16.766433048780467,139.08418084704408,0.792350924744898
APTOS 2019,1,Mild NPDR,76.64738815296175,11.919054821360248,57.714464048946525,0.8334462691326531
APTOS 2019,1,Mild NPDR,92.10673261008296,24.95346163903306,171.33439291418082,0.9052335778061225
APTOS 2019,0,No DR,107.2607422924052,22.3094149884901,267.2882260967175,0.7912747130102041
APTOS 2019,0,No DR,108.19697662533287,19.605726193151384,173.64947569389145,0.7905572385204082
APTOS 2019,0,No DR,111.7623999140201,17.8315524277004,180.32524812646597,0.7909757653061225
APTOS 2019,4,Proliferative DR,63.66170425182053,15.622805220235367,46.656850320154206,0.7149633290816326
APTOS 2019,0,No DR,109.73811314672541,13.851584028031727,122.1919410650448,0.7914740114795918
APTOS 2019,1,Mild NPDR,70.95264985882412,13.513654460847961,60.77534994135574,0.8335459183673469
APTOS 2019,0,No DR,39.87519131765688,15.150475299667814,116.81143313691545,0.47303491709183676
APTOS 2019,0,No DR,102.15223675154851,13.571975766142488,110.80094054586203,0.47580516581632654
APTOS 2019,2,Moderate NPDR,67.43307965730952,31.32848054690079,153.6020007515028,0.9053132971938775
APTOS 2019,2,Moderate NPDR,74.72344166691089,14.745858796284748,61.96560202686354,0.7194874043367347
APTOS 2019,1,Mild NPDR,113.8863312589038,10.612794270526708,99.02270200405594,0.8336455676020408
APTOS 2019,0,No DR,107.9309511015583,19.90911681644436,271.6664977084134,0.7911152742346939
APTOS 2019,0,No DR,77.93546759620236,22.141512614975934,50.198914380542035,0.47598453443877553
APTOS 2019,0,No DR,93.31644522090939,16.994901305539138,85.24025591042968,0.47482860331632654
APTOS 2019,0,No DR,92.52340738020929,23.093212215763014,132.17760654441693,0.47556600765306123
APTOS 2019,0,No DR,102.88975680463842,14.852858447762564,172.7886335027057,0.7914939413265306
APTOS 2019,2,Moderate NPDR,88.45822322181614,10.28379481282335,167.42495339840372,0.7517538265306123
APTOS 2019,0,No DR,104.39542940007519,22.958682184625733,173.69964532637113,0.7911152742346939
APTOS 2019,1,Mild NPDR,96.194354939428,16.60629158783336,45.7277041599466,0.8340242346938775
APTOS 2019,2,Moderate NPDR,56.609460156547875,33.7831157630914,251.9392977769313,0.9184470663265306
APTOS 2019,2,Moderate NPDR,94.5692247279255,7.913854018073168,59.26466760745876,0.7463727678571429
APTOS 2019,4,Proliferative DR,35.77852410326708,15.318227462400303,66.99442505267606,0.9034398915816326
APTOS 2019,2,Moderate NPDR,98.08728154611596,12.522953698339803,131.9973517052707,0.8333266900510204
APTOS 2019,1,Mild NPDR,92.9024487756122,13.757012804379075,145.08228827302992,0.8337053571428571
APTOS 2019,0,No DR,100.82613024757804,17.876330053965795,135.0831404852145,0.7901586415816326
APTOS 2019,2,Moderate NPDR,88.37789591494125,13.042548142635333,112.8777510358183,0.7554807079081632
APTOS 2019,0,No DR,59.35722169662567,31.55371117453027,182.86991328632058,0.7971938775510204
APTOS 2019,0,No DR,63.69576643103041,31.422180046748597,78.86822667182628,0.7971938775510204
APTOS 2019,2,Moderate NPDR,67.5720824370967,12.685058288281803,109.54110126218796,0.8329679528061225
APTOS 2019,2,Moderate NPDR,92.35274481752644,11.833412726779644,41.15684166395181,0.7456154336734694
APTOS 2019,0,No DR,103.91164065228487,15.382572918156171,147.27367082228946,0.7911152742346939
APTOS 2019,2,Moderate NPDR,106.53276937777528,11.627513470161102,47.30284341781579,0.7450773278061225
APTOS 2019,0,No DR,44.809755328375076,21.071493227414855,95.99083977207009,0.7971540178571429
APTOS 2019,0,No DR,111.20906381722018,19.262699759112177,163.46209754850193,0.7914341517857143
APTOS 2019,0,No DR,95.89024717893605,13.851582081530024,154.13551979371823,0.7910355548469388
APTOS 2019,1,Mild NPDR,73.35126416085228,10.207863084027819,137.13873919644837,0.8331074617346939
APTOS 2019,1,Mild NPDR,61.09132762848421,7.9709266509499646,94.69273544538079,0.8327088647959183
APTOS 2019,0,No DR,133.43032749289057,29.047314435158203,193.56883832173847,0.47592474489795916
APTOS 2019,0,No DR,84.24100372259754,16.207629806938517,89.90953322884125,0.47500797193877553
APTOS 2019,2,Moderate NPDR,31.536639017460246,10.65092852320287,17.88710221204565,0.9024433992346939
APTOS 2019,0,No DR,93.26395161290323,16.175817656547498,104.75871453274945,0.790656887755102
APTOS 2019,0,No DR,101.53199464524766,21.01553276922259,187.34759554129053,0.7929288903061225
APTOS 2019,3,Severe NPDR,61.429418089974746,14.905326135964257,74.59829730452125,0.8330476721938775
APTOS 2019,0,No DR,89.98019166399193,22.852491999983904,166.0838642304582,0.4761240433673469
APTOS 2019,4,Proliferative DR,74.41045775367088,32.06445366975403,94.42647788528576,0.9091198979591837
APTOS 2019,2,Moderate NPDR,78.53140012009608,14.75288727563544,157.77050937938102,0.8326889349489796
APTOS 2019,1,Mild NPDR,70.992799279928,14.83350266912569,76.43731625075198,0.8331871811224489
APTOS 2019,4,Proliferative DR,92.73942940014503,16.818174358934062,110.63365696803307,0.8330875318877551
APTOS 2019,1,Mild NPDR,46.38559377710036,11.921767320963873,61.62791578697687,0.7971938775510204
APTOS 2019,0,No DR,105.95756502133827,14.701773545279284,150.3776851195557,0.7915138711734694
APTOS 2019,0,No DR,104.93763083033653,22.00511737417744,214.08204268926383,0.7915736607142857
APTOS 2019,0,No DR,81.9514603232917,15.858224058117244,38.18156798070839,0.4753467793367347
APTOS 2019,4,Proliferative DR,68.13308697964783,13.671993816702793,61.93478311086334,0.7550621811224489
APTOS 2019,0,No DR,110.46326852619474,12.956468549301043,103.36604531183981,0.7934072066326531
APTOS 2019,0,No DR,70.23459682977257,12.633035046313198,118.06889820777872,0.4751076211734694
APTOS 2019,0,No DR,131.7732063560002,14.079662113315777,103.78710446569158,0.7933872767857143
APTOS 2019,2,Moderate NPDR,91.31967305524239,10.045124048127109,40.93594403106248,0.7436623086734694
APTOS 2019,4,Proliferative DR,46.92609389243391,12.683606264708342,28.97364997633806,0.9052335778061225
APTOS 2019,0,No DR,92.91064562101697,18.053572697502602,145.01369667497798,0.7905572385204082
APTOS 2019,2,Moderate NPDR,87.97578155694,9.720084872973183,63.20960995684522,0.7457549426020408
APTOS 2019,0,No DR,102.71312686346666,17.948203696353733,111.27289170305785,0.7910554846938775
APTOS 2019,0,No DR,114.26860187396656,20.796697525655173,91.61820597631176,0.47524713010204084
APTOS 2019,0,No DR,93.51609873893211,14.497403929917287,151.64233293346857,0.7912946428571429
APTOS 2019,1,Mild NPDR,47.444028201130834,26.499306052312175,127.24774639605927,0.8908242984693877
APTOS 2019,0,No DR,100.84869215291751,16.875503916259756,145.76728156715836,0.7917330994897959
APTOS 2019,2,Moderate NPDR,62.215600091095425,17.602854467402082,23.63540962884424,0.9054926658163265
APTOS 2019,2,Moderate NPDR,91.53587679383969,12.5835693557475,90.30218966321084,0.8333864795918368
APTOS 2019,0,No DR,101.3475665748393,16.725709359622815,160.43702223630407,0.4754264987244898
APTOS 2019,2,Moderate NPDR,69.06866928691745,18.256656416417997,185.22316454710509,0.7455755739795918
APTOS 2019,2,Moderate NPDR,113.40038695566834,9.706430081220788,52.13703465429252,0.7462731186224489
APTOS 2019,0,No DR,37.99014376954819,15.227624584115874,61.83326633308373,0.7970742984693877
APTOS 2019,0,No DR,109.68145087235996,18.390054886807192,172.65363598418443,0.4754663584183674
APTOS 2019,0,No DR,104.42646426652337,17.649844947508086,253.37133017990539,0.7909757653061225
APTOS 2019,0,No DR,94.57333975490982,12.992096666596309,110.6137905301128,0.7929089604591837
APTOS 2019,4,Proliferative DR,87.9871418506341,29.2254624068211,46.38574095102612,0.7151028380102041
APTOS 2019,0,No DR,98.6519621358331,23.374173523884775,115.60001025075466,0.4750478316326531
APTOS 2019,0,No DR,91.17491855800554,15.407026931094387,155.56333470962113,0.7897600446428571
APTOS 2019,0,No DR,90.7565493151944,26.466641399739,137.93855388702312,0.47496811224489793
APTOS 2019,2,Moderate NPDR,92.25618305198812,15.633407848687613,121.98756205252398,0.7464325573979592
APTOS 2019,4,Proliferative DR,102.89758064516128,20.405067222145348,84.64683757587582,0.7908960459183674
APTOS 2019,0,No DR,92.4653314028314,13.666518713202203,132.07987455116339,0.7920519770408163
APTOS 2019,2,Moderate NPDR,67.87470325111828,13.947776322954736,105.10539400293571,0.8337850765306123
APTOS 2019,0,No DR,111.84856972312778,21.991116196278863,162.08002043477202,0.47538663903061223
APTOS 2019,0,No DR,100.03394199785177,15.165567713540169,176.70455811636657,0.7912946428571429
APTOS 2019,2,Moderate NPDR,56.516264474498364,21.954573403294948,251.24432121406943,0.9575095663265306
APTOS 2019,2,Moderate NPDR,92.52937208387206,15.750035853373467,183.9601292440548,0.7449378188775511
APTOS 2019,2,Moderate NPDR,81.62037268321926,10.239925924072804,71.87747577283494,0.8338647959183674
APTOS 2019,4,Proliferative DR,50.85827059220137,15.511864294820732,78.79659044645065,0.7451371173469388
APTOS 2019,0,No DR,57.45235530567743,17.919662198610784,56.334992647933426,0.7974131058673469
APTOS 2019,0,No DR,100.67678475577026,17.53560331889808,147.3469606850816,0.791633450255102
APTOS 2019,0,No DR,53.34515739135004,15.085176920851362,49.31354524846161,0.7973134566326531
APTOS 2019,2,Moderate NPDR,67.06272724670045,15.282973704518785,96.8266540387015,0.7355707908163265
APTOS 2019,0,No DR,102.086770866903,18.425699686607633,224.6987145691438,0.7909558354591837
APTOS 2019,2,Moderate NPDR,65.096215891754,11.21419273229381,81.7289658799535,0.8329480229591837
APTOS 2019,1,Mild NPDR,102.00363334781407,18.699623203982835,321.2153637933069,0.547233737244898
APTOS 2019,3,Severe NPDR,87.69690998110639,14.492929426180773,67.43079074356403,0.9895966198979592
APTOS 2019,0,No DR,96.8047469290111,15.864012734068059,185.83727606619735,0.7907166772959183
APTOS 2019,0,No DR,113.95461239791136,10.08595548302068,101.16360268921422,0.7925900829081632
APTOS 2019,0,No DR,104.25582767778106,13.785554123538603,106.23478952895073,0.7918526785714286
APTOS 2019,2,Moderate NPDR,79.23280645703716,12.498314528776966,109.41673044743416,0.7543845663265306
APTOS 2019,0,No DR,59.81899608625988,26.033451214229636,121.36553667067501,0.7975725446428571
APTOS 2019,1,Mild NPDR,82.08670101030309,10.822843913456596,86.32372825531765,0.8330676020408163
APTOS 2019,3,Severe NPDR,109.55733112373737,21.141415886063626,79.8939857992782,0.5479711415816326
APTOS 2019,0,No DR,59.890310882190626,21.101917933397146,126.95831063909358,0.7972138073979592
APTOS 2019,3,Severe NPDR,51.77992207614664,19.59189871088263,127.39781837155641,0.9053930165816326
APTOS 2019,0,No DR,54.67758371634931,17.397330394751204,41.72569453608901,0.7976522640306123
APTOS 2019,0,No DR,65.03207143182543,19.648078467345773,176.76678771955795,0.9054926658163265
APTOS 2019,2,Moderate NPDR,87.2993550967355,12.213463791217071,102.57836869950185,0.8334861288265306
APTOS 2019,0,No DR,59.90766398158803,9.71258487220317,94.70393589923208,0.4743104272959184
APTOS 2019,2,Moderate NPDR,117.07186283024683,12.655070315534703,50.03708691023113,0.7469905931122449
APTOS 2019,4,Proliferative DR,68.567376446885,22.577370486825725,133.9954886786383,0.5471938775510204
APTOS 2019,0,No DR,92.0101212272841,30.01081847377339,332.9630626431511,0.9068279655612245
APTOS 2019,0,No DR,100.08553834570291,18.32764506090741,182.25348314563163,0.7906369579081632
APTOS 2019,4,Proliferative DR,93.50518581461026,15.395217608494285,79.55173056498121,0.8336057079081632
APTOS 2019,4,Proliferative DR,89.89589837442136,12.551921807529668,146.49054829256926,0.7898397640306123
APTOS 2019,1,Mild NPDR,81.64792781082838,14.384014272809862,77.04036424731761,0.8333466198979592
APTOS 2019,0,No DR,106.75145364487994,17.98978432720992,139.36982368544847,0.7898796237244898
APTOS 2019,1,Mild NPDR,80.77910522369407,8.618725119964195,69.03487171758673,0.8333864795918368
APTOS 2019,0,No DR,106.98450089675295,11.013200053638045,107.82764038378517,0.7927096619897959
APTOS 2019,3,Severe NPDR,58.822305890995914,24.974635485643468,187.966748802958,0.9030213647959183
APTOS 2019,4,Proliferative DR,109.8553449894391,27.65054784060239,74.71587314048938,0.7156010841836735
APTOS 2019,0,No DR,47.376111699921665,13.73581799598619,109.12566092970756,0.47383211096938777
APTOS 2019,2,Moderate NPDR,74.77086757454802,15.581175016178593,77.07742500071394,0.7184111926020408
APTOS 2019,4,Proliferative DR,103.47955613316005,14.39268779916725,62.93570306582223,0.8335259885204082
APTOS 2019,1,Mild NPDR,73.5873678422355,13.3958238108443,79.2063626057553,0.8335060586734694
APTOS 2019,2,Moderate NPDR,51.16573578023481,17.968488889599715,97.04754763863183,0.9049744897959183
APTOS 2019,0,No DR,119.94300337638673,10.239280141761375,114.13823191527075,0.7925103635204082
APTOS 2019,0,No DR,89.49598163030998,18.601291757167132,173.41414449047704,0.4753467793367347
APTOS 2019,0,No DR,55.33725421731445,18.559534548626704,46.307702133050306,0.9727160395408163
APTOS 2019,4,Proliferative DR,96.32491076196632,14.572734746152538,122.49322626435874,0.7519132653061225
APTOS 2019,4,Proliferative DR,65.32126604168563,28.7151100694252,164.87716617383995,0.9063097895408163
APTOS 2019,4,Proliferative DR,79.18351582420878,15.039819993905832,80.6257981661189,0.8332868303571429
APTOS 2019,2,Moderate NPDR,100.8253579549714,19.17412783568028,99.71423186295661,0.8337252869897959
APTOS 2019,3,Severe NPDR,64.96020706551806,19.326334084493592,90.75353625156887,0.5470344387755102
APTOS 2019,0,No DR,90.00638082996694,17.9403622367104,137.56236602679613,0.47548628826530615
APTOS 2019,0,No DR,89.56863913461979,17.028478559206036,94.56747347164166,0.47628348214285715
APTOS 2019,1,Mild NPDR,79.20495565254117,9.252841058618975,55.41426876536752,0.7504783163265306
APTOS 2019,2,Moderate NPDR,71.94029222873489,15.166320331750791,137.11426470448592,0.7458545918367347
APTOS 2019,0,No DR,101.59290631386469,15.95029321108441,140.8315235196692,0.7907166772959183
APTOS 2019,0,No DR,113.24615549482934,13.061539866990447,136.7081477778624,0.7924306441326531
APTOS 2019,2,Moderate NPDR,121.56616556087455,19.995215034456344,285.9972185687645,0.7478077168367347
APTOS 2019,2,Moderate NPDR,108.54721930745016,14.574947769069936,83.95930489895004,0.8339046556122449
APTOS 2019,2,Moderate NPDR,92.60524336520898,13.50594966222206,184.40254253944707,0.7909359056122449
APTOS 2019,0,No DR,97.70715264161586,16.126960696459097,169.43798890657774,0.7910953443877551
APTOS 2019,1,Mild NPDR,66.4974497449745,17.939215424367195,81.84221195084304,0.8332669005102041
APTOS 2019,0,No DR,60.00623410712821,26.844713241263136,103.4086000704035,0.9960339604591837
APTOS 2019,2,Moderate NPDR,94.07009817671809,12.879684716307436,73.08863573034547,0.7455357142857143
APTOS 2019,1,Mild NPDR,96.50145821648907,7.382644994610929,63.36364302477849,0.746452487244898
APTOS 2019,0,No DR,106.12702456290893,17.849517026764214,180.9459410684253,0.7923708545918368
APTOS 2019,1,Mild NPDR,77.78266089697091,13.356113433200385,83.94684092011809,0.8329878826530612
APTOS 2019,4,Proliferative DR,76.27754734895807,16.962345900642553,58.169042682538795,0.8337252869897959
APTOS 2019,0,No DR,96.18542030934768,15.8848384974579,132.21512521277205,0.7904575892857143
APTOS 2019,0,No DR,98.27801197540478,20.792117536529037,210.3886675296226,0.7911949936224489
APTOS 2019,2,Moderate NPDR,108.73015195839427,15.40246189043658,106.24458478034815,0.989616549744898
APTOS 2019,0,No DR,66.99357089118391,20.23448265421622,173.1554454128837,0.9049545599489796
APTOS 2019,2,Moderate NPDR,92.05803984302747,17.276449216781867,84.44030731270615,0.8334263392857143
APTOS 2019,0,No DR,93.89636182682737,23.627257883299613,155.85264314210912,0.9520487882653061
APTOS 2019,1,Mild NPDR,80.21292918186816,10.725523258979118,87.89991690505228,0.8336057079081632
APTOS 2019,2,Moderate NPDR,108.09651805504896,12.80962641681322,193.52894349198664,0.7459143813775511
APTOS 2019,0,No DR,75.55783126984858,16.811774346054367,82.57591710271078,0.4743702168367347
APTOS 2019,0,No DR,114.19736877361271,14.288328256470821,106.9953490453009,0.7920918367346939
APTOS 2019,4,Proliferative DR,92.8994070682165,16.485606514308657,119.01984258144577,0.7151825573979592
APTOS 2019,0,No DR,65.07414170152232,24.508584122885953,90.55571427992547,0.9843351403061225
APTOS 2019,1,Mild NPDR,107.16610696091197,36.08454044060882,177.02538636617598,0.9062300701530612
APTOS 2019,4,Proliferative DR,50.92559571314559,22.06291323546824,84.20640185541119,0.9047951211734694
APTOS 2019,0,No DR,108.36044854384596,20.288823012948964,193.122833312103,0.7905970982142857
APTOS 2019,0,No DR,102.36463673206474,12.631574410533396,108.0452899566078,0.7915537308673469
APTOS 2019,2,Moderate NPDR,107.16245548108472,10.581324965296309,46.23123247671661,0.7463727678571429
APTOS 2019,2,Moderate NPDR,106.6622546270331,11.715591371150275,65.37777756772459,0.746452487244898
APTOS 2019,2,Moderate NPDR,102.12804780022506,12.164176056435238,136.60021802835234,0.7922712053571429
APTOS 2019,1,Mild NPDR,119.4172845053546,18.87692686092829,68.35263237230588,0.8344626913265306
APTOS 2019,2,Moderate NPDR,94.6319434708241,17.019625014809545,93.00638700770753,0.7466916454081632
APTOS 2019,0,No DR,72.53473848555815,19.271021564446908,116.35870064652742,0.47544642857142855
APTOS 2019,0,No DR,60.58856356356356,16.430370397837166,124.28274667998832,0.8325693558673469
APTOS 2019,0,No DR,95.02100387763895,16.97598667765336,171.94512425672903,0.7901586415816326
APTOS 2019,4,Proliferative DR,77.58892381968225,15.116047282882915,80.21094544501409,0.7452367665816326
APTOS 2019,0,No DR,91.57377425124983,18.41842462186671,95.0445298966601,0.4760044642857143
APTOS 2019,0,No DR,54.982433226670146,19.828568719861327,76.65910265196686,0.9749083227040817
APTOS 2019,4,Proliferative DR,100.82612608108784,12.427555942481035,84.29209517300096,0.8334462691326531
APTOS 2019,1,Mild NPDR,80.01592898224555,18.966018264073142,174.06371582893226,0.8331074617346939
APTOS 2019,2,Moderate NPDR,82.11836716119049,31.39870217929969,188.78659850609586,0.9066884566326531
APTOS 2019,0,No DR,64.53422971741112,17.50254349725754,98.75243711770062,0.9051339285714286
APTOS 2019,0,No DR,101.99533098988381,13.3138226639003,108.48773207863994,0.7915537308673469
APTOS 2019,0,No DR,105.95609834830796,19.401610991849246,164.84080894426734,0.7903778698979592
APTOS 2019,4,Proliferative DR,57.80568385749169,16.191109497752922,108.7651715337368,0.7166772959183674
APTOS 2019,0,No DR,71.86447928280506,17.343653382403108,75.2144160705726,0.9061902104591837
APTOS 2019,4,Proliferative DR,82.1847228874926,13.507392867474083,103.29633029323914,0.7502391581632653
APTOS 2019,0,No DR,94.78095468863582,21.179901062384065,220.7479992288706,0.7898995535714286
APTOS 2019,2,Moderate NPDR,53.25952408061027,20.5694914432002,68.77764828235702,0.9057118941326531
APTOS 2019,0,No DR,37.75605568445476,12.413017238825423,115.29842474146886,0.47243702168367346
APTOS 2019,4,Proliferative DR,117.86660497462213,13.10534209027846,71.62420397175774,0.7464126275510204
APTOS 2019,0,No DR,88.25483124293481,16.74581209083241,178.55804795894412,0.7900191326530612
APTOS 2019,1,Mild NPDR,81.48475,10.077376515616553,75.72076503999999,0.8334263392857143
APTOS 2019,2,Moderate NPDR,62.2257575332079,14.030927248899653,60.531129173560885,0.7453364158163265
APTOS 2019,0,No DR,102.29240945390013,15.771927755411093,211.87052830402325,0.7905173788265306
APTOS 2019,2,Moderate NPDR,44.375895750604776,20.00946739559955,91.51152294202141,0.9040975765306123
APTOS 2019,4,Proliferative DR,68.26303027272955,13.732809822896263,72.30522431713554,0.8332868303571429
APTOS 2019,0,No DR,91.15438774101514,24.335137841013932,99.80615758641252,0.474430006377551
APTOS 2019,2,Moderate NPDR,56.37385401974612,11.2069141181278,49.4666787207825,0.7175741390306123
APTOS 2019,0,No DR,115.71175855691656,18.02117267397749,146.47400251156805,0.7922114158163265
APTOS 2019,1,Mild NPDR,86.32306769323068,9.154536376829233,64.75100094730054,0.8334861288265306
APTOS 2019,2,Moderate NPDR,53.996713454296476,23.917417319438307,26.088024512616972,0.9041573660714286
APTOS 2019,2,Moderate NPDR,84.09607544372606,34.916601243175194,82.58918067503343,0.9942203443877551
APTOS 2019,3,Severe NPDR,86.4413893720891,11.621972979885356,135.14688550646653,0.7460738201530612
APTOS 2019,2,Moderate NPDR,59.21763486894542,21.678993401255063,129.4273363479188,0.9056919642857143
APTOS 2019,0,No DR,100.79388998305318,18.958831635365623,235.81328503665904,0.47660235969387754
APTOS 2019,1,Mild NPDR,85.93760311984401,12.588492083169923,81.35717334927214,0.8333864795918368
APTOS 2019,1,Mild NPDR,77.1740630547291,12.344528479414587,81.81035259395586,0.8332868303571429
APTOS 2019,2,Moderate NPDR,98.71002808988764,12.014356603911526,176.37671667403106,0.7451969068877551
APTOS 2019,2,Moderate NPDR,89.63216012896292,14.990361316882368,137.76815650281912,0.7909159757653061
APTOS 2019,0,No DR,99.64746945898779,21.253559371630097,146.07238928448305,0.47530691964285715
APTOS 2019,0,No DR,89.55715072011742,18.07522743713282,75.55940115937484,0.47598453443877553
APTOS 2019,1,Mild NPDR,98.41606021957136,12.530562837710422,91.62149921446854,0.8331074617346939
APTOS 2019,2,Moderate NPDR,105.9857483518025,12.230452738737572,76.69884082096402,0.74609375
APTOS 2019,2,Moderate NPDR,48.36052373457424,10.13714766924649,22.52622376656948,0.9045161033163265
APTOS 2019,0,No DR,89.3336990349954,37.603206403177616,180.6101223936841,0.9395727040816326
APTOS 2019,0,No DR,124.46278612875223,30.31816288990735,68.7292827429475,0.4778380102040816
APTOS 2019,1,Mild NPDR,80.89858767654043,11.289107970085507,87.46955186032315,0.8333466198979592
APTOS 2019,0,No DR,51.58453535114684,17.076399110211515,37.868061900257665,0.7973732461734694
APTOS 2019,0,No DR,98.12484203167433,17.822599646831808,177.22954968556763,0.7908163265306123
APTOS 2019,2,Moderate NPDR,84.82883261826646,8.007997030530362,41.2465942834953,0.7459542410714286
APTOS 2019,3,Severe NPDR,70.0189221229254,21.828573055673207,202.17931500275967,0.9048748405612245
APTOS 2019,2,Moderate NPDR,45.8490962205587,14.180350823099701,62.39050693090005,0.9040975765306123
APTOS 2019,0,No DR,105.92413275427592,16.99404855635374,222.96598234197808,0.7922313456632653
APTOS 2019,0,No DR,107.11355882115896,17.594566995579836,197.9908287624821,0.7910754145408163
APTOS 2019,0,No DR,93.27242194637003,12.7340645711439,151.34500011638926,0.7909558354591837
APTOS 2019,0,No DR,131.75769302623502,17.988973506521567,157.80081963168428,0.7951211734693877
APTOS 2019,2,Moderate NPDR,92.59755379134289,8.95574145349914,85.62243872702055,0.7455556441326531
APTOS 2019,0,No DR,120.38132337533246,19.354649659020833,118.91467772979843,0.791015625
APTOS 2019,3,Severe NPDR,90.41503694046067,22.820203463214416,157.29168131338955,0.5472536670918368
APTOS 2019,2,Moderate NPDR,138.96149673030118,22.152117213383452,117.67906947805965,0.7158203125
APTOS 2019,2,Moderate NPDR,93.53328457960063,20.02757875341204,110.15953550539027,0.9896763392857143
APTOS 2019,0,No DR,103.3029401516979,11.090055426026751,123.02829645976126,0.7925302933673469
APTOS 2019,0,No DR,111.74774568590654,17.90948136840636,145.15529565293306,0.4768813775510204
APTOS 2019,2,Moderate NPDR,97.92979738676394,12.583081612029424,71.87222657858567,0.8338647959183674
APTOS 2019,0,No DR,115.50819747416763,16.0109209094833,230.68613558402458,0.47530691964285715
APTOS 2019,4,Proliferative DR,84.43003575089378,11.213195007212647,54.68031394027183,0.8333466198979592
APTOS 2019,3,Severe NPDR,155.97256370138578,8.366171240928033,29.134959870460012,0.7485650510204082
APTOS 2019,0,No DR,104.39263539846795,19.06280750074572,172.7123295262516,0.7907963966836735
APTOS 2019,0,No DR,64.15805289789425,30.82056753753322,110.5384929692343,0.9443757971938775
APTOS 2019,0,No DR,97.30618498508184,17.96311425750887,159.68585782558722,0.7908362563775511
APTOS 2019,0,No DR,117.52510925811727,14.896175466218981,108.4946398363703,0.7922512755102041
APTOS 2019,2,Moderate NPDR,85.60679966282663,10.22886949418232,74.69162639962906,0.7521723533163265
APTOS 2019,0,No DR,55.418409660514925,21.3258621741495,77.04452978850324,0.9054328762755102
APTOS 2019,1,Mild NPDR,80.21292918186816,10.725523258979118,87.89991690505228,0.8336057079081632
APTOS 2019,1,Mild NPDR,54.138435669057564,18.63891347327189,37.83446759292609,0.7973732461734694
APTOS 2019,3,Severe NPDR,110.41263075240472,14.91251261072917,124.09168590667575,0.7464325573979592
APTOS 2019,0,No DR,99.54604809416524,21.04850683810465,133.6688739782781,0.474788743622449
APTOS 2019,0,No DR,112.07298565491352,13.107188872345404,104.84648197903824,0.7918327487244898
APTOS 2019,0,No DR,98.69013502342243,25.16768813368531,197.3643167751413,0.4752869897959184
APTOS 2019,0,No DR,109.08234254498714,16.12540211985581,133.17126229404525,0.7926698022959183
APTOS 2019,2,Moderate NPDR,49.51870597086383,20.59827330362379,34.591875073857004,0.9050342793367347
APTOS 2019,2,Moderate NPDR,60.57994695225703,13.903955452197172,90.99268921400694,0.8326690051020408
APTOS 2019,0,No DR,92.81944380602161,20.0989928582818,92.80052027549651,0.4749282525510204
APTOS 2019,2,Moderate NPDR,80.99322081575247,11.08398493210589,184.02162623432062,0.7512755102040817
APTOS 2019,3,Severe NPDR,62.260502860790076,17.764249372695314,101.78768466028268,0.9049744897959183
APTOS 2019,0,No DR,107.36977155727156,16.366267619692028,168.0837776293254,0.7918726084183674
APTOS 2019,0,No DR,78.3370807886562,29.55815740290245,285.7867891586176,0.9868662308673469
APTOS 2019,0,No DR,38.96285147431073,10.512231002013978,77.3810004994612,0.9048549107142857
APTOS 2019,0,No DR,98.66987664511396,19.99494644500836,132.35685149280084,0.4760841836734694
APTOS 2019,0,No DR,92.85352801979133,17.07821598097787,127.54171978076414,0.7904177295918368
APTOS 2019,4,Proliferative DR,96.85996552843903,12.098498497518102,65.46976737472129,0.8337850765306123
APTOS 2019,2,Moderate NPDR,80.69284197376639,16.976123732908384,73.32087205896065,0.8338249362244898
APTOS 2019,0,No DR,90.17632761625241,13.231656091917069,155.54959494818647,0.4760243941326531
APTOS 2019,2,Moderate NPDR,104.20764372601182,27.880958434102318,122.26188081403347,0.9898158482142857
APTOS 2019,0,No DR,110.51946940522036,24.9375717259455,291.93650086804263,0.7938456632653061
APTOS 2019,4,Proliferative DR,57.739350200021626,15.526112089346539,137.8484359141385,0.7876076211734694
APTOS 2019,0,No DR,43.1101076445904,12.489733423279347,61.03409755636571,0.904655612244898
APTOS 2019,0,No DR,47.08224428538444,10.336737510725063,121.19800062705382,0.4729751275510204
APTOS 2019,1,Mild NPDR,64.19959612514268,14.604981149931088,94.25846468840047,0.7205237563775511
APTOS 2019,0,No DR,91.91931270367078,16.664895217749557,142.24300656836417,0.7898596938775511
APTOS 2019,0,No DR,38.91775377565811,14.884556506382864,124.99810887216366,0.47134088010204084
APTOS 2019,2,Moderate NPDR,62.56877400295421,12.233033219384387,68.03043883673082,0.714225924744898
APTOS 2019,2,Moderate NPDR,92.8989898989899,14.187602240727205,138.998006977746,0.7460738201530612
APTOS 2019,0,No DR,88.34805960718235,51.112883877942885,74.58563454453693,0.7973333864795918
APTOS 2019,4,Proliferative DR,86.52201331651659,9.940306285853529,45.70280060334087,0.7187898596938775
APTOS 2019,1,Mild NPDR,68.28163553048995,15.28934083240167,55.65758963815666,0.7178132971938775
APTOS 2019,0,No DR,77.5633448855921,33.616035520215526,134.53197693132014,0.9963528380102041
APTOS 2019,4,Proliferative DR,103.55759354365371,16.773066243700672,53.56601750680521,0.715461575255102
APTOS 2019,0,No DR,94.77995042687965,17.289151672462246,47.961845010253,0.47554607780612246
APTOS 2019,3,Severe NPDR,92.4626798561151,11.174788828802592,87.28181811502738,0.8340043048469388
APTOS 2019,0,No DR,63.410095232956536,12.860951867600015,140.1718699949166,0.788703762755102
APTOS 2019,4,Proliferative DR,94.94446320054017,7.511777777468051,82.20792745572764,0.7513751594387755
APTOS 2019,1,Mild NPDR,66.25206342854284,11.63533042205903,106.56358353855903,0.8328483737244898
APTOS 2019,2,Moderate NPDR,77.65552859965486,15.434980281717317,77.2821901475298,0.8330078125
APTOS 2019,2,Moderate NPDR,106.92035907181436,12.780469540334874,68.35688410686738,0.8332071109693877
APTOS 2019,0,No DR,91.77748234093411,11.44560344352411,102.1277883461174,0.7914142219387755
APTOS 2019,0,No DR,45.00253049128006,13.323827348853468,51.05379305377086,0.9050741390306123
APTOS 2019,0,No DR,94.51359142218271,21.607034692365414,167.9249371834384,0.7894810267857143
APTOS 2019,0,No DR,99.01510915152167,15.277326209583059,138.3504136269285,0.7907963966836735
APTOS 2019,4,Proliferative DR,89.41453864011412,12.945072122456919,133.28636988260186,0.7558195153061225
APTOS 2019,0,No DR,50.482258358385714,14.249481305766933,89.79809322867678,0.9055723852040817
APTOS 2019,4,Proliferative DR,58.433320596102405,18.343352648734143,81.30195259129631,0.7143056441326531
APTOS 2019,0,No DR,99.31474124973158,15.295592744326775,158.47611272823417,0.7913145727040817
APTOS 2019,0,No DR,82.77756327756327,10.520368827049268,134.04197303731272,0.7917729591836735
APTOS 2019,2,Moderate NPDR,102.19432755428379,11.633865399454427,47.03932916763165,0.7461136798469388
APTOS 2019,0,No DR,97.12501722316631,17.796506493440805,248.04506690494642,0.4752670599489796
APTOS 2019,0,No DR,53.54513516596327,16.443380081064298,100.76901651722906,0.9044762436224489
APTOS 2019,2,Moderate NPDR,59.24207103551776,9.472222147371811,91.96749188188392,0.8329081632653061
APTOS 2019,0,No DR,92.92130714789614,24.72215763125362,241.1388837928054,0.9061702806122449
APTOS 2019,2,Moderate NPDR,78.25104325815794,23.69234646995977,79.92921177748774,0.9047751913265306
APTOS 2019,0,No DR,98.52521436227224,14.513864341608352,159.51903463455594,0.7920320471938775
APTOS 2019,0,No DR,76.9510323445986,26.244368125541165,119.02992361687502,0.9700055803571429
APTOS 2019,0,No DR,72.13921199025332,12.78766097404609,233.5512210042755,0.47482860331632654
APTOS 2019,0,No DR,50.319800289055316,19.424804587280466,75.76953792425512,0.7972536670918368
APTOS 2019,0,No DR,103.02766088611327,15.47410569249085,155.1407765413589,0.7922512755102041
APTOS 2019,2,Moderate NPDR,100.6772510518934,9.488640067970621,59.951901328365814,0.7461933992346939
APTOS 2019,4,Proliferative DR,80.15198639897993,17.394021049332867,85.20439767412638,0.8332270408163265
APTOS 2019,0,No DR,101.80420029347029,17.37849804758215,40.19381856468364,0.47598453443877553
APTOS 2019,3,Severe NPDR,56.32187166676023,13.322880041060266,86.94038396233853,0.7452367665816326
APTOS 2019,1,Mild NPDR,111.66543282577605,11.888503265171408,48.24755114154168,0.7464923469387755
APTOS 2019,3,Severe NPDR,61.69664432590161,25.59815326097972,100.06363072726373,0.9049944196428571
APTOS 2019,2,Moderate NPDR,125.93689197902941,20.242083173339925,72.34492608016687,0.7461336096938775
APTOS 2019,0,No DR,95.18298180647238,16.486516242497622,164.85003455858552,0.7914939413265306
APTOS 2019,0,No DR,50.71268352901006,14.749135429097558,56.80485766108713,0.7976124043367347
APTOS 2019,0,No DR,93.29457322648308,14.427694640410715,155.9605350199531,0.7904177295918368
APTOS 2019,4,Proliferative DR,34.057952468007315,16.578612403523397,56.10260486608023,0.9032804528061225
APTOS 2019,2,Moderate NPDR,90.75955191038207,18.676058345119774,108.43732267095048,0.8331672512755102
APTOS 2019,0,No DR,106.05473678558965,17.691238806741186,187.05008546107513,0.791374362244898
APTOS 2019,4,Proliferative DR,100.31501099340396,14.48336452024126,55.64905333234199,0.8337053571428571
APTOS 2019,3,Severe NPDR,77.78837999494539,15.4763470680675,143.48076420772318,0.7526905293367347
APTOS 2019,0,No DR,62.11530178074276,16.854192905323284,20.15653307535256,0.7976323341836735
APTOS 2019,0,No DR,101.73158474644595,14.341580440178731,192.35319272194766,0.7908761160714286
APTOS 2019,4,Proliferative DR,123.23261046887745,12.459300390248691,58.707354219491414,0.7448381696428571
APTOS 2019,0,No DR,97.47846477278853,20.803835882936742,264.1702329078948,0.7893415178571429
APTOS 2019,1,Mild NPDR,89.32494942178485,13.244472445287771,69.97576701425797,0.8340640943877551
APTOS 2019,4,Proliferative DR,108.52609097494567,13.067792163024462,103.37596383066402,0.8338647959183674
APTOS 2019,0,No DR,100.10898126211501,19.072717300515023,224.79366375211535,0.7900191326530612
APTOS 2019,2,Moderate NPDR,99.03496524009269,17.651424868867064,147.10352163482787,0.7156608737244898
APTOS 2019,0,No DR,41.51555697385517,11.40018192383149,37.55254686886513,0.9049944196428571
APTOS 2019,4,Proliferative DR,91.00700393297775,12.519890084521561,135.1992401159556,0.7896603954081632
APTOS 2019,2,Moderate NPDR,90.16388444622152,7.412543613626325,117.11959308389798,0.8337252869897959
APTOS 2019,2,Moderate NPDR,88.95903115675152,14.76535247961335,192.02539153016568,0.790656887755102
APTOS 2019,2,Moderate NPDR,91.30655682393297,14.487870902136326,62.00978980861924,0.7516342474489796
APTOS 2019,4,Proliferative DR,59.1411812889448,27.381592205358327,56.030271121466164,0.7226363201530612
APTOS 2019,1,Mild NPDR,96.26037846560071,16.596087933490107,52.85703719629039,0.7153021364795918
APTOS 2019,2,Moderate NPDR,68.2921941456092,15.667968136726788,126.37725342105155,0.8327088647959183
APTOS 2019,0,No DR,56.8877564422496,15.076387828106043,47.55803876240126,0.7975326849489796
APTOS 2019,0,No DR,59.62259343891997,25.083652258387335,71.32692182724104,0.7976124043367347
APTOS 2019,3,Severe NPDR,95.37355886560633,13.216122355348867,355.07679207520374,0.7461336096938775
APTOS 2019,1,Mild NPDR,78.07659819063328,9.469713261203077,67.53959225244823,0.8334661989795918
APTOS 2019,0,No DR,87.4913642627469,18.947264867438925,212.28692623154038,0.47520727040816324
APTOS 2019,2,Moderate NPDR,93.19847371079064,20.11048267193186,163.67134904805815,0.7453962053571429
APTOS 2019,0,No DR,97.70106560464991,16.235206874182797,153.45043118324273,0.7902782206632653
APTOS 2019,1,Mild NPDR,76.35858964741185,15.190076702207847,131.231107502432,0.8331473214285714
APTOS 2019,0,No DR,42.71307277006137,16.238940623816347,145.28973619168536,0.47325414540816324
APTOS 2019,0,No DR,89.67887740029542,13.587804207418557,129.22066718791578,0.7910554846938775
APTOS 2019,0,No DR,39.82125670923561,15.733224608835537,211.565852502529,0.4733936543367347
APTOS 2019,2,Moderate NPDR,87.71126503827925,8.87441503933758,67.70869271531542,0.7465122767857143
APTOS 2019,3,Severe NPDR,86.66703081615003,14.828431972301187,102.5873679367876,0.9061902104591837
APTOS 2019,0,No DR,43.470680507497114,17.49339914062102,228.5589456362937,0.47397161989795916
APTOS 2019,0,No DR,38.432070831283816,15.458741384257062,221.46035455805577,0.47008529974489793
APTOS 2019,0,No DR,51.78608206798718,15.730025297227147,80.22124559925781,0.7974529655612245
APTOS 2019,4,Proliferative DR,112.0785792380365,8.935495879247604,80.59357774708647,0.7467713647959183
APTOS 2019,0,No DR,48.73209827880699,12.690313668924789,55.43855335964872,0.797233737244898
APTOS 2019,0,No DR,98.8070307258822,15.883124515770342,166.38302352436827,0.7917729591836735
APTOS 2019,4,Proliferative DR,86.45796155037014,13.292806590630684,75.40418371923056,0.7507573341836735
APTOS 2019,2,Moderate NPDR,98.817916041979,24.655677898379377,124.12900809465332,0.8339046556122449
APTOS 2019,1,Mild NPDR,75.32623926362383,15.78602958941003,148.67612145101694,0.7191485969387755
APTOS 2019,0,No DR,122.53272454608752,14.769428788620488,148.1860291573208,0.7928093112244898
APTOS 2019,1,Mild NPDR,114.79066340293735,17.637097359445534,67.3135536263691,0.8341039540816326
APTOS 2019,2,Moderate NPDR,100.12249943807598,12.003883037094225,87.68095676757127,0.8341238839285714
APTOS 2019,2,Moderate NPDR,75.01755562328559,15.722622882413104,126.11583840903424,0.9894969706632653
APTOS 2019,0,No DR,90.11052197183803,18.49199003367968,85.2281969067777,0.8329878826530612
APTOS 2019,0,No DR,112.40841226521111,13.873971185224338,145.81252023799306,0.7935666454081632
APTOS 2019,1,Mild NPDR,106.26838951310862,15.945083722246586,124.91411300418797,0.8344029017857143
APTOS 2019,0,No DR,78.394478583876,15.966437178370365,67.32198581331484,0.4760642538265306
APTOS 2019,0,No DR,114.52001716139758,13.721977397419993,103.3951117387385,0.7920320471938775
APTOS 2019,0,No DR,98.46983443262889,18.386359520989988,157.88362695798682,0.7898995535714286
APTOS 2019,2,Moderate NPDR,62.73511775837304,22.348383193643702,37.29252578019252,0.9049944196428571
APTOS 2019,0,No DR,66.32608923006129,20.898153946097082,101.00882422398195,0.9868064413265306
APTOS 2019,0,No DR,53.49068464446773,22.92768497780928,159.67062890372654,0.9055923150510204
APTOS 2019,1,Mild NPDR,90.93708492506612,20.0194163016167,57.34687851180386,0.7177734375
APTOS 2019,0,No DR,66.09642084089468,24.32808218210739,132.69359588119465,0.9478037308673469
APTOS 2019,2,Moderate NPDR,72.55876821154872,7.923604152027343,69.23879785799117,0.7456353635204082
APTOS 2019,2,Moderate NPDR,82.22213787674313,12.705496949723162,91.30346529445336,0.7516940369897959
APTOS 2019,0,No DR,49.60424073677447,16.39607167659216,106.50144945762898,0.9799705038265306
APTOS 2019,3,Severe NPDR,89.82489066600024,18.827095577901925,70.7388040118468,0.8336455676020408
APTOS 2019,0,No DR,104.98934851476056,23.76120192462063,242.76794054102697,0.4755062181122449
APTOS 2019,0,No DR,94.02264626269665,15.844896738617953,174.76532642877416,0.7921715561224489
APTOS 2019,3,Severe NPDR,73.71228050073047,12.278216265826638,123.02017275296805,0.7353515625
APTOS 2019,0,No DR,86.02755206371415,21.1791454394826,250.46425442993976,0.7902184311224489
APTOS 2019,0,No DR,48.79194577980928,16.074180668762402,74.1626717322065,0.797492825255102
APTOS 2019,0,No DR,105.41573999462798,14.456675461085029,175.57341783682517,0.7910953443877551
APTOS 2019,4,Proliferative DR,56.38348045712571,9.284708653415766,79.44772090826564,0.8330875318877551
APTOS 2019,2,Moderate NPDR,83.94864243240211,12.679611600045028,94.8458404212472,0.7457549426020408
APTOS 2019,0,No DR,55.57310723008156,16.675141139727607,140.0994817439165,0.47383211096938777
APTOS 2019,1,Mild NPDR,83.02280456091218,15.529258244627684,115.71054308631278,0.8331473214285714
APTOS 2019,2,Moderate NPDR,89.2940087512622,9.098267707009267,50.784492470812104,0.7463727678571429
APTOS 2019,0,No DR,86.67619457366426,15.059106913829181,176.29716953809145,0.7905771683673469
APTOS 2019,0,No DR,105.62307093588126,15.876325618203651,202.34266840094122,0.7914740114795918
APTOS 2019,0,No DR,65.1667959076469,10.063208947568896,72.80751805627908,0.8328284438775511
APTOS 2019,2,Moderate NPDR,66.45394275993195,14.981796393348365,91.7301533087321,0.8328483737244898
APTOS 2019,0,No DR,111.76391611396042,15.593928336480566,160.53742221922747,0.7914142219387755
APTOS 2019,0,No DR,106.14141739901636,21.74297504211593,192.88011961976306,0.7908761160714286
APTOS 2019,0,No DR,98.20089393898597,19.204353343238306,176.07382741474973,0.7897002551020408
APTOS 2019,2,Moderate NPDR,102.52450331125827,13.47978871676554,131.62851439144657,0.8336854272959183
APTOS 2019,3,Severe NPDR,74.56091345192884,12.527873672489383,78.97930310372642,0.8337651466836735
APTOS 2019,0,No DR,93.56091954022989,25.503781808013642,89.18283657022063,0.47480867346938777
APTOS 2019,0,No DR,103.08977046712896,15.178456235551748,149.3865468634846,0.7907764668367347
APTOS 2019,0,No DR,97.11522357614471,18.058837002722857,158.75579980789573,0.7915338010204082
APTOS 2019,2,Moderate NPDR,107.84948196230184,15.379361710248991,52.1375448939957,0.8343032525510204
APTOS 2019,0,No DR,111.97960493148173,8.48932578503466,87.404637348175,0.4763034119897959
APTOS 2019,0,No DR,68.12650020692509,14.004927559622736,156.90830528241958,0.4747289540816326
APTOS 2019,0,No DR,108.02724182285924,17.236642354428977,105.44750368212596,0.4751674107142857
APTOS 2019,1,Mild NPDR,84.08368336833684,12.075086068617106,144.9935405306707,0.8331672512755102
APTOS 2019,2,Moderate NPDR,111.10600459586372,9.899416866841486,48.04150435541673,0.8341039540816326
APTOS 2019,0,No DR,46.716599190283404,18.352468671766168,19.764751655068398,0.7969148596938775
APTOS 2019,0,No DR,93.45071198897566,17.977485043439756,179.54544030178113,0.47524713010204084
APTOS 2019,2,Moderate NPDR,64.96020706551806,19.326334084493592,90.75353625156887,0.5470344387755102
APTOS 2019,0,No DR,100.39875160638884,18.14209873635748,91.4677121847161,0.4756457270408163
APTOS 2019,1,Mild NPDR,92.96375942854289,13.324156779214478,52.85708760814796,0.8340640943877551
APTOS 2019,0,No DR,93.01477593863545,15.060540715303743,104.65294421973321,0.7902184311224489
APTOS 2019,2,Moderate NPDR,113.13522603066058,11.354479482639686,48.90313051245838,0.7469308035714286
APTOS 2019,0,No DR,84.42135244395443,13.94979934129014,235.41745104838154,0.4751674107142857
APTOS 2019,2,Moderate NPDR,130.44530352690703,12.99193008076445,85.4225496875928,0.7464724170918368
APTOS 2019,3,Severe NPDR,68.56710521117301,22.577902374382596,133.59086620221694,0.5471540178571429
APTOS 2019,2,Moderate NPDR,100.38392055655297,11.310925767628317,136.97997288364422,0.7459542410714286
APTOS 2019,2,Moderate NPDR,93.49814096182368,22.150115461174817,57.79317579780223,0.9895169005102041
APTOS 2019,0,No DR,73.56527780746949,27.294963010696375,161.1551461591328,0.9796516262755102
APTOS 2019,1,Mild NPDR,72.24144481939757,17.85661263469048,88.36737209873515,0.8334462691326531
APTOS 2019,0,No DR,122.73375702985689,18.87063577793485,65.0575653763026,0.47739955357142855
APTOS 2019,0,No DR,109.67566262474514,18.65940161477452,182.8967032667724,0.7919124681122449
APTOS 2019,0,No DR,99.89987649017291,15.771928305173526,195.36456312244778,0.7914740114795918
APTOS 2019,2,Moderate NPDR,27.790257289879932,6.863133836053579,13.549525254290533,0.9027423469387755
APTOS 2019,0,No DR,139.7208757917929,28.336983833681366,152.065392213598,0.4755261479591837
APTOS 2019,2,Moderate NPDR,88.60241482238416,13.197008862701788,143.75793381351428,0.7905771683673469
APTOS 2019,2,Moderate NPDR,69.4845313921747,25.23076546526681,40.87558716160609,0.9065489477040817
APTOS 2019,0,No DR,100.40587840558314,14.763999234726716,148.21796581147592,0.7914540816326531
APTOS 2019,0,No DR,123.16074567243675,13.560035409104568,99.18346619172661,0.7973333864795918
APTOS 2019,0,No DR,104.48160472293037,17.109771513087,188.10333132957228,0.7917131696428571
APTOS 2019,0,No DR,102.2121228390422,17.384987220726405,206.47273077012696,0.791374362244898
APTOS 2019,0,No DR,115.89448017148982,15.20213612411786,176.9321098249087,0.7924306441326531
APTOS 2019,0,No DR,100.6474250597107,18.9325104084101,175.74861617960553,0.7916932397959183
APTOS 2019,4,Proliferative DR,78.77916524508132,38.66904865525266,114.37097465987006,0.9065688775510204
APTOS 2019,2,Moderate NPDR,72.61671720575022,16.727285431369527,143.67551828969803,0.7457549426020408
APTOS 2019,3,Severe NPDR,57.41756162072189,21.981718237177905,43.881807318293156,0.9047552614795918
APTOS 2019,0,No DR,95.21679732269747,13.071382306889788,209.67504669314752,0.47618383290816324
APTOS 2019,4,Proliferative DR,105.0832491865814,8.217379498833074,59.77733971603079,0.7462930484693877
APTOS 2019,0,No DR,90.18906658113,11.15096161680405,56.074264229746305,0.4764030612244898
APTOS 2019,0,No DR,103.26354071608782,15.603960454981804,136.20612534073592,0.7914341517857143
APTOS 2019,2,Moderate NPDR,77.37752003470399,27.7111736754273,122.79889951773255,0.9040577168367347
APTOS 2019,4,Proliferative DR,59.8100006843534,24.678271765482716,43.468116865663255,0.9045559630102041
APTOS 2019,1,Mild NPDR,78.33600563826975,12.41209116749607,106.97611928044483,0.7147042410714286
APTOS 2019,2,Moderate NPDR,101.42310818499553,30.316161674059742,205.0108092549389,0.9894371811224489
APTOS 2019,2,Moderate NPDR,106.31903319874384,9.49835001412469,77.47142058038804,0.7464923469387755
APTOS 2019,2,Moderate NPDR,94.5179858132167,12.34727454171732,67.51454156997026,0.7458147321428571
APTOS 2019,0,No DR,108.69200408119428,14.396630437815574,98.08055256544975,0.7913345025510204
APTOS 2019,2,Moderate NPDR,127.22782756296648,10.600067888978938,67.64201207696092,0.8344029017857143
APTOS 2019,0,No DR,44.32644570794619,11.675473243878365,111.06447483167625,0.4724170918367347
APTOS 2019,2,Moderate NPDR,104.03143842723729,12.725030576046432,139.31229948405573,0.7464325573979592
APTOS 2019,0,No DR,106.2502284086634,16.209980650821873,118.80966566189166,0.7910554846938775
APTOS 2019,1,Mild NPDR,78.07659819063328,9.469713261203077,67.53959225244823,0.8334661989795918
APTOS 2019,4,Proliferative DR,65.33099353631073,12.481084100757887,164.2427374931937,0.7210020727040817
APTOS 2019,0,No DR,90.29564867042707,13.288265353595406,175.1757013509174,0.7911551339285714
APTOS 2019,2,Moderate NPDR,87.08784863349685,18.064288124991872,193.41883615388278,0.7466916454081632
APTOS 2019,0,No DR,54.832815994887476,18.118249700983817,82.02766213888945,0.9040975765306123
APTOS 2019,4,Proliferative DR,98.00452262562155,11.481541533793411,55.701759788174876,0.8336854272959183
APTOS 2019,0,No DR,110.16654609758058,18.81277913622907,194.90866846162044,0.792350924744898
APTOS 2019,1,Mild NPDR,86.8238455961399,10.880711380638848,50.185721237195786,0.833366549744898
APTOS 2019,0,No DR,93.62536341121998,22.900184850897723,261.5507775594864,0.7900191326530612
APTOS 2019,0,No DR,91.99573589358506,13.787651850200895,127.9825346200338,0.7918327487244898
APTOS 2019,0,No DR,80.63341968911917,26.17573608254205,220.92899498083827,0.9074457908163265
APTOS 2019,3,Severe NPDR,46.78939805205173,15.870245888166565,60.501489631593955,0.904655612244898
APTOS 2019,0,No DR,105.94436549856557,15.797476839997884,147.74094533267467,0.7919722576530612
APTOS 2019,0,No DR,104.69279013669258,15.123372530330297,184.6816010762939,0.7921914859693877
APTOS 2019,0,No DR,90.06760838462063,37.38219999876774,84.7009838437739,0.9075653698979592
APTOS 2019,0,No DR,69.68386951518487,16.552629539762776,88.03613767871416,0.8328284438775511
APTOS 2019,0,No DR,103.49879201116718,20.435050664295588,209.71764341012477,0.7914740114795918
APTOS 2019,1,Mild NPDR,102.3057724820868,16.653970981085244,170.54365618061252,0.7915537308673469
APTOS 2019,0,No DR,105.91143209347197,15.4241913264714,134.07625985072818,0.7923907844387755
APTOS 2019,1,Mild NPDR,101.64093464950643,10.899558412431576,42.614578700799264,0.833625637755102
APTOS 2019,4,Proliferative DR,71.83629992992292,12.236086865027003,78.86634888880921,0.754264987244898
APTOS 2019,3,Severe NPDR,86.14015616673231,34.970223700856955,306.41602195690115,0.8936742665816326
APTOS 2019,3,Severe NPDR,102.49360266310379,32.08125763207415,302.0828596964623,0.9126873405612245
APTOS 2019,0,No DR,72.73921416602056,15.325312798373279,135.87468052733405,0.8329679528061225
APTOS 2019,0,No DR,107.93020199039674,16.252225433954496,159.22006122222092,0.7916932397959183
APTOS 2019,2,Moderate NPDR,72.3711693504097,38.41914474633469,334.20177546388385,0.9328364158163265
APTOS 2019,0,No DR,67.22736885189985,27.517958604709634,39.52705737516218,0.9067482461734694
APTOS 2019,0,No DR,58.858107398066416,25.190843995753582,84.30425824491341,0.7974330357142857
APTOS 2019,0,No DR,91.3085060680915,17.974027241572404,185.62753257707004,0.7912149234693877
APTOS 2019,2,Moderate NPDR,47.38294230418112,12.623210198289518,84.37790571798014,0.9041374362244898
APTOS 2019,4,Proliferative DR,80.64831417737147,11.455737050391319,107.86131889450878,0.7174744897959183
APTOS 2019,2,Moderate NPDR,113.9175530418144,11.74440358401724,175.01880446530367,0.7445591517857143
APTOS 2019,0,No DR,105.57657681796259,13.859696847543622,125.67749370542711,0.7924505739795918
APTOS 2019,1,Mild NPDR,105.35085046332142,10.44424788810286,99.06113285503638,0.8340242346938775
APTOS 2019,0,No DR,105.90507180121551,21.141417293622663,186.89232379290038,0.7905771683673469
APTOS 2019,2,Moderate NPDR,89.04361308392518,16.157192359101863,122.74444683297457,0.8331273915816326
APTOS 2019,0,No DR,103.88277478968418,18.56555088994365,89.02582236585832,0.4748684630102041
APTOS 2019,2,Moderate NPDR,100.47517750801649,11.801098769685844,72.79692013243552,0.7358498086734694
APTOS 2019,4,Proliferative DR,88.237019999439,8.29356599805132,47.849044750769785,0.7463329081632653
APTOS 2019,0,No DR,112.61674433552949,12.94258119287055,131.65614374590314,0.7924505739795918
APTOS 2019,4,Proliferative DR,105.28675604420262,14.217733460451994,66.85910598736484,0.7462133290816326
APTOS 2019,4,Proliferative DR,79.011375853189,11.408797379609895,82.62940226429926,0.833366549744898
APTOS 2019,1,Mild NPDR,84.83315013739696,10.074730274385297,52.540939342333125,0.8338448660714286
APTOS 2019,0,No DR,99.53843673590026,19.62197027983195,184.7529793863894,0.7910355548469388
APTOS 2019,0,No DR,103.169118436594,13.800797204716268,117.75827619210973,0.7914540816326531
APTOS 2019,0,No DR,105.68776292167948,14.6506092014145,150.01715310422873,0.7922114158163265
APTOS 2019,0,No DR,108.47016432571377,19.299683645093374,197.95794678048406,0.4755859375
APTOS 2019,2,Moderate NPDR,88.61853256921462,17.783219384346985,191.10689548530635,0.7903579400510204
APTOS 2019,2,Moderate NPDR,102.8252522987217,34.41318349352528,166.04544022207062,0.917610012755102
APTOS 2019,2,Moderate NPDR,82.24509033778476,10.975985164499228,92.22373653030232,0.7455955038265306
APTOS 2019,2,Moderate NPDR,108.51594446781658,9.945907106399197,86.22550600644102,0.7458346619897959
APTOS 2019,3,Severe NPDR,80.70685784836411,9.695186850734284,85.55724785895634,0.7459741709183674
APTOS 2019,0,No DR,100.75796762507451,21.253337161319827,106.29636093788417,0.47604432397959184
APTOS 2019,4,Proliferative DR,78.34799890008249,14.527242843153411,182.25474989983206,0.8333466198979592
APTOS 2019,2,Moderate NPDR,120.37477573446961,10.207093425706784,55.25610729933126,0.7466318558673469
APTOS 2019,0,No DR,112.72563930914447,13.19046229787204,132.45441808988468,0.7925302933673469
APTOS 2019,0,No DR,80.46715965460224,19.105003850007762,41.185176386993845,0.47530691964285715
APTOS 2019,0,No DR,97.77494487320838,19.09173445405285,79.58883432937037,0.4751674107142857
APTOS 2019,2,Moderate NPDR,99.67136431784108,11.34931016261,119.87331574779827,0.8338050063775511
APTOS 2019,4,Proliferative DR,89.80061962822306,17.61806844731686,105.39018565674506,0.8338249362244898
APTOS 2019,3,Severe NPDR,84.86967868668444,18.675251011961944,461.7121469136718,0.7459941007653061
APTOS 2019,4,Proliferative DR,112.9708996190903,9.510641180954751,83.52836120768723,0.7474091198979592
APTOS 2019,0,No DR,103.4186046511628,14.339314049894776,141.52338488162675,0.47496811224489793
APTOS 2019,2,Moderate NPDR,75.39914151049265,12.95245487327181,69.69555469925221,0.7454161352040817
APTOS 2019,0,No DR,107.37015459424744,22.00049441097217,84.15381390062338,0.47578523596938777
APTOS 2019,0,No DR,89.08925686591276,14.193649851572124,131.556725074809,0.7899593431122449
APTOS 2019,0,No DR,109.7304156728218,15.2908423093019,148.14979500570558,0.7920121173469388
APTOS 2019,2,Moderate NPDR,67.44171917191719,13.174347613003322,91.14809158683644,0.8332270408163265
APTOS 2019,0,No DR,107.4531929749181,16.097125780256345,175.59794876273267,0.7913345025510204
APTOS 2019,1,Mild NPDR,70.2421589715372,12.935102551431381,105.52198230587388,0.8329679528061225
APTOS 2019,0,No DR,113.70055393507988,12.849979691460828,113.20129529231538,0.7930086096938775
APTOS 2019,2,Moderate NPDR,87.40982686533658,11.43463801131486,91.44898008711397,0.7459143813775511
APTOS 2019,0,No DR,102.20230174911471,19.79842311259147,211.27428837043917,0.7915935905612245
APTOS 2019,0,No DR,106.93371039511071,13.402245965018489,131.53650794566857,0.7922114158163265
APTOS 2019,0,No DR,94.55898000859845,18.456982808515573,191.62287235828518,0.7909757653061225
APTOS 2019,0,No DR,30.379509878507044,12.380780811729151,24.169841609475114,0.9026426977040817
APTOS 2019,1,Mild NPDR,44.93604330346585,14.42798889783817,27.267708519327766,0.7972735969387755
APTOS 2019,4,Proliferative DR,74.36131171367579,32.06120858231373,53.12923646853759,0.9075653698979592
APTOS 2019,0,No DR,89.2147220116813,20.60835959533758,283.2529901162434,0.9465282206632653
APTOS 2019,0,No DR,105.52452546513813,14.729837545024596,125.39033430725077,0.7914540816326531
APTOS 2019,0,No DR,85.08929963766454,18.655258596003,77.05674507666288,0.4760044642857143
APTOS 2019,0,No DR,99.3233901769864,20.75893214391104,174.57654507018376,0.7904575892857143
APTOS 2019,0,No DR,94.16441411183061,14.054719152386987,147.07120845615492,0.7909558354591837
APTOS 2019,0,No DR,56.37256653442976,26.63375092790132,128.3595057089939,0.7974131058673469
APTOS 2019,1,Mild NPDR,79.60213871676994,10.853487113072827,60.78135377418363,0.8337252869897959
APTOS 2019,0,No DR,41.369808011814655,17.470082721851952,110.18106787711403,0.47311463647959184
APTOS 2019,2,Moderate NPDR,72.60912397262236,14.752825635503653,59.81133006639994,0.7353316326530612
APTOS 2019,2,Moderate NPDR,47.79008539982646,20.37370259848147,55.2314664724699,0.903679049744898
APTOS 2019,0,No DR,99.78050157245383,18.47542944876108,198.80568572934303,0.7906768176020408
APTOS 2019,0,No DR,91.9148919006131,16.884843053617345,195.8442237349566,0.7904775191326531
APTOS 2019,0,No DR,100.67863188156586,21.231527289373215,225.50678595172047,0.7909757653061225
APTOS 2019,2,Moderate NPDR,70.95539382556638,17.987110949421815,76.83802342776988,0.7184709821428571
APTOS 2019,0,No DR,101.0349146620078,22.56117288310645,217.33762359563374,0.7907963966836735
APTOS 2019,2,Moderate NPDR,96.14159937191566,13.138261766738436,128.7399142281251,0.7538265306122449
APTOS 2019,2,Moderate NPDR,36.9669920223101,11.933711746293328,39.075250848742165,0.9030811543367347
APTOS 2019,4,Proliferative DR,79.1506531454108,13.797335591955521,90.67457187288576,0.7354512117346939
APTOS 2019,1,Mild NPDR,72.75843806813691,18.421757255031597,205.49746969188286,0.5469945790816326
APTOS 2019,0,No DR,113.60521729805089,13.955398676555577,138.27810597821295,0.7921117665816326
APTOS 2019,2,Moderate NPDR,37.16585934286889,12.243159916664085,61.91561807271183,0.9034398915816326
APTOS 2019,0,No DR,106.52745540511498,15.956080198073108,125.2843293045584,0.7908761160714286
APTOS 2019,3,Severe NPDR,70.90440563328083,22.12341381337261,170.3174024644196,0.8941127232142857
APTOS 2019,1,Mild NPDR,100.74720251773404,10.42120288615545,53.9691993330241,0.8338847257653061
APTOS 2019,0,No DR,107.2462706589397,15.695211947788579,181.49541189181025,0.791633450255102
APTOS 2019,0,No DR,87.47859536255194,13.638002006795356,122.52250646667859,0.7921516262755102
APTOS 2019,3,Severe NPDR,70.91855077835433,33.83996042034309,319.0525702720208,0.8939333545918368
APTOS 2019,0,No DR,50.793162314293625,12.406162957683955,100.63375197032637,0.47329400510204084
APTOS 2019,0,No DR,85.7218079720151,34.10572704271744,111.4253963519898,0.47433035714285715
APTOS 2019,2,Moderate NPDR,83.31306666666667,6.528781874974393,70.59079042245614,0.7457549426020408
APTOS 2019,3,Severe NPDR,93.98717922668996,16.715595002357226,81.85987443590948,0.9894770408163265
APTOS 2019,0,No DR,96.54340644214004,12.57270210740084,95.321024258036,0.47580516581632654
APTOS 2019,1,Mild NPDR,80.06151317720256,16.814560470317392,76.68020415992154,0.7184311224489796
APTOS 2019,2,Moderate NPDR,92.08012892586763,15.728587104482532,162.64469489521827,0.8337651466836735
APTOS 2019,0,No DR,86.42582568807339,17.832315347383087,161.65555419367055,0.47594467474489793
APTOS 2019,0,No DR,99.43899417244069,21.629522379560957,165.77475690355163,0.4756656568877551
APTOS 2019,0,No DR,108.08040833824553,16.68466520532221,172.37035084629463,0.7922114158163265
APTOS 2019,0,No DR,99.87042359450966,14.403220586395227,178.16097649564384,0.7911750637755102
APTOS 2019,0,No DR,54.74421991625705,12.069449262277532,25.797922218185505,0.9062300701530612
APTOS 2019,2,Moderate NPDR,57.79403756000337,14.763587051013563,76.42697416144102,0.7451769770408163
APTOS 2019,2,Moderate NPDR,68.90974151721815,15.68050344661643,66.04318395316153,0.7459542410714286
APTOS 2019,0,No DR,68.31261160948759,22.47725066831038,155.37360611270756,0.9865872130102041
APTOS 2019,3,Severe NPDR,83.98361722021221,27.500251781247812,118.66425463788738,0.9892179528061225
APTOS 2019,0,No DR,105.27405083655084,15.175234761424276,161.30254167613904,0.7920519770408163
APTOS 2019,1,Mild NPDR,101.65496322542546,15.142295749286367,176.67696592068765,0.7914142219387755
APTOS 2019,0,No DR,108.93727046082084,16.11332878307413,152.2216430106588,0.7920719068877551
APTOS 2019,1,Mild NPDR,96.14827310441345,11.902869191440434,101.54338195169453,0.8335060586734694
APTOS 2019,2,Moderate NPDR,119.4224651292914,43.12558252319547,342.4344956834716,0.9999003507653061
APTOS 2019,1,Mild NPDR,95.49865742978358,23.001377805197293,154.22157685410505,0.7913942920918368
APTOS 2019,4,Proliferative DR,83.25126114500235,16.42010151802821,61.50580820287477,0.7188496492346939
APTOS 2019,0,No DR,71.17437667985054,25.554061986307794,133.3497835560795,0.9666972257653061
APTOS 2019,2,Moderate NPDR,95.71744251261919,8.599134793825938,85.10605552722808,0.7466318558673469
APTOS 2019,0,No DR,102.01439487703816,17.636402931309643,244.76844210011086,0.7901387117346939
APTOS 2019,2,Moderate NPDR,112.25439015481442,15.457945199150924,128.77782744194292,0.7451570471938775
APTOS 2019,0,No DR,114.9276439846991,23.24250042658988,144.5928728245586,0.789680325255102
APTOS 2019,0,No DR,109.27102846648302,28.287417924020367,328.5119107090607,0.475406568877551
APTOS 2019,0,No DR,106.05076497001963,16.39897755624841,283.31086993896014,0.7909159757653061
APTOS 2019,0,No DR,95.29594329744677,12.214554420003582,138.25796804506922,0.7912547831632653
APTOS 2019,0,No DR,69.53080248581465,17.454356568795223,166.4897778498271,0.7876674107142857
APTOS 2019,0,No DR,128.72939696474933,12.47230620103894,76.78313607438463,0.7927096619897959
APTOS 2019,0,No DR,59.20943976046017,29.425787521745644,116.39826143988662,0.7976124043367347
APTOS 2019,0,No DR,72.50657715066,31.232681718923264,305.0755644748943,0.9061104910714286
APTOS 2019,4,Proliferative DR,90.1157400469554,15.768562912264962,69.2762288209437,0.8339644451530612
APTOS 2019,0,No DR,102.89780806481903,18.1254743023998,172.38977881990834,0.791633450255102
APTOS 2019,2,Moderate NPDR,122.6476374642677,14.917049892546707,171.13056421221253,0.7461933992346939
APTOS 2019,2,Moderate NPDR,101.2302453915698,15.198699560567986,55.247002782002724,0.7151227678571429
APTOS 2019,0,No DR,92.71140229885057,21.783827674412514,227.02308732778437,0.47480867346938777
APTOS 2019,0,No DR,119.95581501218435,12.86707661747283,117.25961042963301,0.7924505739795918
APTOS 2019,1,Mild NPDR,82.53731492597039,13.704560706090511,87.38449579949526,0.8330078125
APTOS 2019,0,No DR,76.65666704429592,26.338898774717762,191.49674397901356,0.9140425701530612
APTOS 2019,2,Moderate NPDR,109.82142556593453,11.263913099536703,57.813312872653135,0.7461933992346939
APTOS 2019,0,No DR,100.8377687484864,17.48342125490107,168.11973154344454,0.7903380102040817
APTOS 2019,2,Moderate NPDR,123.67622732497827,8.258019622160369,56.856720971513276,0.7461734693877551
APTOS 2019,2,Moderate NPDR,97.69224360352612,14.901239850550603,166.603253688863,0.7908761160714286
APTOS 2019,0,No DR,110.40418310246767,30.532943418839373,152.33399049468247,0.4758450255102041
APTOS 2019,2,Moderate NPDR,80.37957637817365,9.99830583433178,93.70585974388855,0.7459542410714286
APTOS 2019,0,No DR,85.55225128066864,20.81550329911641,249.22022107221937,0.7892617984693877
APTOS 2019,0,No DR,116.84750489367978,15.218770191507357,126.77169082156428,0.7923110650510204
APTOS 2019,0,No DR,65.91355518554843,25.891114346732483,131.8150895709553,0.9045559630102041
APTOS 2019,1,Mild NPDR,81.33114418418819,9.293928596093007,95.30153355716538,0.8341637436224489
APTOS 2019,1,Mild NPDR,87.2576322040255,14.188817754235231,101.52154670915313,0.8332868303571429
APTOS 2019,0,No DR,48.505241585875304,19.10153013204571,33.843312022506666,0.7973533163265306
APTOS 2019,0,No DR,94.71766887986882,12.54530959287098,85.65761124267684,0.7907764668367347
APTOS 2019,0,No DR,110.02894425947804,15.150218704292453,156.81995498030383,0.7912547831632653
APTOS 2019,0,No DR,56.49112021857923,22.86099585148957,50.61083715104456,0.7974131058673469
APTOS 2019,4,Proliferative DR,57.81808702513809,9.460555302543808,60.92401537227929,0.7498007015306123
APTOS 2019,2,Moderate NPDR,110.87619848612279,10.60898330867281,83.29327974111504,0.7461136798469388
APTOS 2019,0,No DR,109.19750369077975,12.523816278345631,115.7279146363498,0.7915736607142857
APTOS 2019,2,Moderate NPDR,72.98589090089837,10.722690363664894,100.0543842603075,0.7504384566326531
APTOS 2019,2,Moderate NPDR,85.29779639102816,12.731514313760432,159.41337125494104,0.7519132653061225
APTOS 2019,0,No DR,108.69928529206298,15.560746328291168,133.63242295516346,0.7910754145408163
APTOS 2019,2,Moderate NPDR,109.82142556593453,11.263913099536703,57.813312872653135,0.7461933992346939
APTOS 2019,4,Proliferative DR,86.1685403152426,18.715113908593704,79.97968992867725,0.7151825573979592
APTOS 2019,4,Proliferative DR,78.44752237611881,19.96507360229068,125.43709282819007,0.8333466198979592
APTOS 2019,4,Proliferative DR,90.02045,17.595464807657113,157.67039319937498,0.8333864795918368
APTOS 2019,2,Moderate NPDR,87.23753716984433,13.89378302041754,137.85337029380423,0.8335459183673469
APTOS 2019,0,No DR,75.02401895993802,26.7253256471647,74.47892143163433,0.9052535076530612
APTOS 2019,2,Moderate NPDR,113.75402073409919,9.601729361175703,43.62372266915669,0.7463528380102041
APTOS 2019,0,No DR,117.43905575949198,12.378100599961531,111.82572092407581,0.7922512755102041
APTOS 2019,0,No DR,84.80830583058305,26.893872165533967,140.89949509500667,0.47618383290816324
APTOS 2019,0,No DR,106.1230554661517,15.794797588902632,197.29481594479861,0.791633450255102
APTOS 2019,2,Moderate NPDR,89.5072478256523,19.86151878570019,181.16195468011603,0.8337452168367347
APTOS 2019,1,Mild NPDR,81.99278032801017,33.751607053192096,97.7141721458414,0.9539620535714286
APTOS 2019,3,Severe NPDR,59.959188627842366,13.759876899685478,164.70587118063892,0.7889030612244898
APTOS 2019,0,No DR,47.887931487416594,12.335514657496915,55.565326004985394,0.7974529655612245
APTOS 2019,2,Moderate NPDR,83.48381481793425,10.095480915913178,71.78579645868432,0.7451171875
APTOS 2019,2,Moderate NPDR,93.2910443490701,18.159545267353483,98.73443825862003,0.7359893176020408
APTOS 2019,2,Moderate NPDR,87.08784863349685,18.064288124991872,193.41883615388278,0.7466916454081632
APTOS 2019,0,No DR,67.16208408834265,26.766945707733008,191.25251785307907,0.7977319834183674
APTOS 2019,3,Severe NPDR,67.55759561748005,16.715896867859783,160.732823559804,0.8329280931122449
APTOS 2019,2,Moderate NPDR,123.99932987100017,15.948088975313262,60.30199385643981,0.7491430165816326
APTOS 2019,2,Moderate NPDR,86.39766930079024,23.300128226301233,95.84622826767506,0.8330875318877551
APTOS 2019,0,No DR,95.52528324228317,18.637929780481603,157.06006254829472,0.7902782206632653
APTOS 2019,0,No DR,117.8979602805622,16.038540588487948,103.91678033085242,0.7909558354591837
APTOS 2019,1,Mild NPDR,61.917217278947525,17.179761513623344,50.57745211808255,0.7148636798469388
APTOS 2019,0,No DR,100.79258840626514,21.474961530441036,218.64482309713983,0.7899992028061225
APTOS 2019,4,Proliferative DR,69.3843674254729,9.924273685396209,90.50750160272236,0.8337850765306123
APTOS 2019,2,Moderate NPDR,67.19214652014652,15.325062042329305,86.91958621336661,0.7194874043367347
APTOS 2019,0,No DR,114.94205000134268,18.491145779648985,107.14506390545851,0.791374362244898
APTOS 2019,4,Proliferative DR,91.16592370507712,14.83133855368002,64.70875792135796,0.5479512117346939
APTOS 2019,0,No DR,101.23191049821587,18.209115802490764,184.23424893259678,0.7918327487244898
APTOS 2019,0,No DR,79.96829560095712,16.766448714262445,82.28725327042552,0.4744499362244898
APTOS 2019,2,Moderate NPDR,110.29358003924867,13.597503883209981,185.09587853536087,0.7465720663265306
APTOS 2019,4,Proliferative DR,81.40783911553565,13.098797971469974,100.31453007113232,0.8329878826530612
APTOS 2019,4,Proliferative DR,46.21162658155705,12.017556660261834,64.32572479037987,0.9048549107142857
APTOS 2019,2,Moderate NPDR,83.31306666666667,6.528781874974393,70.59079042245614,0.7457549426020408
APTOS 2019,0,No DR,108.24356770693453,19.997308786857303,215.50329506012747,0.7911551339285714
APTOS 2019,2,Moderate NPDR,93.53546178880036,11.713783315755911,135.07989997685434,0.7460140306122449
APTOS 2019,0,No DR,103.71421666040067,16.19433306365711,147.62159562973432,0.7912946428571429
APTOS 2019,2,Moderate NPDR,119.16550312613901,13.139411166557789,78.23040811987353,0.7464126275510204
APTOS 2019,0,No DR,120.64416702309667,17.559478620864656,83.26808746554306,0.7933474170918368
APTOS 2019,0,No DR,36.08481768161895,11.340397774509348,124.52243644347666,0.47148038903061223
APTOS 2019,0,No DR,102.77933454779254,13.96934731661284,113.14347365663713,0.7925701530612245
APTOS 2019,0,No DR,108.05105879823712,21.7596457427932,266.5865051824751,0.7909956951530612
APTOS 2019,2,Moderate NPDR,102.08899830050984,10.626729210541823,46.12535139475652,0.8335857780612245
APTOS 2019,0,No DR,94.0595560804101,16.143333970314604,161.62882851514468,0.7916533801020408
APTOS 2019,0,No DR,107.2601949045612,13.622675301481483,181.47957270010292,0.7915537308673469
APTOS 2019,0,No DR,44.182502910095174,19.391356631168026,91.75621157058009,0.9041374362244898
APTOS 2019,0,No DR,93.75970385471713,16.62892951755699,129.3426687280959,0.7921117665816326
APTOS 2019,2,Moderate NPDR,103.90471380471381,9.010285941743843,100.96523449279552,0.7460738201530612
APTOS 2019,2,Moderate NPDR,60.08075929461979,14.417015084381942,80.18779989326475,0.7455556441326531
APTOS 2019,4,Proliferative DR,100.06680133546558,18.847840292500774,123.59050266239221,0.7461336096938775
APTOS 2019,0,No DR,106.85967221923697,18.401419871974657,208.18193221477304,0.7910554846938775
APTOS 2019,0,No DR,73.02294041927179,21.345773242979377,149.25360486270318,0.47482860331632654
APTOS 2019,0,No DR,109.67686591128033,16.637719190760283,98.23277296664543,0.4758848852040816
APTOS 2019,0,No DR,113.97429630425441,18.166631316263558,144.64202143451465,0.791015625
APTOS 2019,2,Moderate NPDR,42.02633680991396,11.23387957812939,56.007453643522844,0.9041772959183674
APTOS 2019,0,No DR,47.3260397913493,17.455444008914252,115.99924128073926,0.47305484693877553
APTOS 2019,3,Severe NPDR,92.316075,16.223881212409534,224.73283001937497,0.8333067602040817
APTOS 2019,0,No DR,118.2342681415523,19.40990002083511,146.8938249493411,0.47562579719387754
APTOS 2019,0,No DR,102.5675349734684,15.021620900947925,113.12174864395885,0.7925302933673469
APTOS 2019,0,No DR,90.99237097293074,17.20178501952536,90.88154754336145,0.47498804209183676
APTOS 2019,2,Moderate NPDR,108.17381529314781,15.78568162379765,291.98421797911146,0.8339245854591837
APTOS 2019,2,Moderate NPDR,79.89209532621472,16.51628897266902,79.32157927740813,0.8331473214285714
APTOS 2019,2,Moderate NPDR,45.938267659011004,13.932989349847256,116.59465012193243,0.9039182079081632
APTOS 2019,1,Mild NPDR,93.24648133359952,12.845499222148657,56.80461292651866,0.8348612882653061
APTOS 2019,1,Mild NPDR,91.8739846542201,11.089945643226246,149.26440290403232,0.8336057079081632
APTOS 2019,2,Moderate NPDR,154.81517995307743,11.3008380413619,56.63023745059158,0.8346221301020408
APTOS 2019,2,Moderate NPDR,91.82921833791595,14.82597501535047,61.90080985448692,0.745475924744898
APTOS 2019,1,Mild NPDR,67.74076111416713,14.844837845607863,81.6358231007492,0.8332469706632653
APTOS 2019,3,Severe NPDR,63.50520362515356,31.486362373281775,203.56949667563308,0.8938337053571429
APTOS 2019,1,Mild NPDR,120.56004927119687,19.266635732780795,133.3890957598323,0.7157206632653061
APTOS 2019,0,No DR,128.76923076923077,18.41165879398314,173.73972465817164,0.4753268494897959
APTOS 2019,0,No DR,99.10209178056444,15.215422614485766,136.32854345932344,0.7914341517857143
APTOS 2019,2,Moderate NPDR,98.10715089104951,17.381995311442964,112.3264877852182,0.8334861288265306
APTOS 2019,2,Moderate NPDR,101.00489634635208,11.856861346869028,109.02946539486412,0.7356106505102041
APTOS 2019,0,No DR,107.82008637324267,17.031168839479292,91.08638948089437,0.47512755102040816
APTOS 2019,0,No DR,108.38987103707684,18.699541513214502,209.94108930128047,0.7911551339285714
APTOS 2019,0,No DR,84.59477454311691,22.210345007524012,42.42017945831487,0.4754663584183674
APTOS 2019,0,No DR,109.23718997184609,15.363188442619895,148.15931652716665,0.7922114158163265
APTOS 2019,3,Severe NPDR,61.36561076915378,14.563254014759263,133.14302179684637,0.8327088647959183
APTOS 2019,0,No DR,103.95034775369908,14.593154370748028,167.13970747867154,0.7911750637755102
APTOS 2019,2,Moderate NPDR,111.07097379925476,18.229952588717744,67.25361592350144,0.7155213647959183
APTOS 2019,0,No DR,104.31218705498645,30.48499989734407,211.76999298365766,0.47518734056122447
APTOS 2019,2,Moderate NPDR,125.39590338489128,17.097896850038122,205.56935671118862,0.7469905931122449
APTOS 2019,4,Proliferative DR,81.17762384655781,16.77337037040209,114.5101139003178,0.8330476721938775
APTOS 2019,0,No DR,104.32292756188484,16.031617382521706,203.7963035108205,0.7918726084183674
APTOS 2019,2,Moderate NPDR,86.68292892543043,16.013219552238247,196.67530952838996,0.7353316326530612
APTOS 2019,4,Proliferative DR,55.60266745837806,15.683266794330612,22.171146653992714,0.903679049744898
APTOS 2019,0,No DR,80.23442156751223,28.562037372110336,187.3808214363246,0.9063895089285714
APTOS 2019,4,Proliferative DR,89.23315491971387,15.56363759899502,63.95002708950005,0.8328882334183674
APTOS 2019,0,No DR,96.2362268207471,7.978015961315267,64.81913613553702,0.791015625
APTOS 2019,2,Moderate NPDR,89.21050859819901,19.711844222029985,100.39013242728412,0.7456552933673469
APTOS 2019,0,No DR,98.18283411685695,14.181412773789345,147.71202549612764,0.7911949936224489
APTOS 2019,0,No DR,95.00412314458494,21.169795367123413,56.696668101157975,0.4765027104591837
APTOS 2019,3,Severe NPDR,84.53124807964112,32.709205330275715,136.71698793953755,0.9951769770408163
APTOS 2019,0,No DR,63.05010109497676,17.94417436284937,84.67262062425121,0.7978117028061225
APTOS 2019,4,Proliferative DR,68.60759378483517,21.59485887689943,106.92229583269935,0.9064492984693877
APTOS 2019,1,Mild NPDR,96.30835144520223,23.616351744125566,98.27631883370104,0.833984375
APTOS 2019,1,Mild NPDR,69.93768768768768,27.091148025875878,40.01215884840987,0.9065290178571429
APTOS 2019,2,Moderate NPDR,75.7057005884625,36.856178101657086,63.24733558021516,0.9072664221938775
APTOS 2019,0,No DR,94.76476410425602,31.799126606275184,428.0173912202547,0.9602598852040817
APTOS 2019,4,Proliferative DR,110.14699932569117,11.511686980571413,59.78417662466886,0.8341438137755102
APTOS 2019,0,No DR,99.24079907384971,19.87750651212796,214.41293579495525,0.7901187818877551
APTOS 2019,0,No DR,122.33841741274863,13.638416056925042,125.30093589062069,0.7921316964285714
APTOS 2019,3,Severe NPDR,50.641077655961524,14.262088780822056,27.45874943778253,0.9050542091836735
APTOS 2019,0,No DR,96.60351844909762,15.652416222637935,143.55689019630896,0.7927893813775511
APTOS 2019,1,Mild NPDR,80.48096833891861,14.315415687882025,110.90296627890687,0.8330875318877551
APTOS 2019,0,No DR,73.19363590380283,16.387799329245407,86.14088417094223,0.47474888392857145
APTOS 2019,4,Proliferative DR,100.67480324797002,16.53030245231198,99.80553148910288,0.8338647959183674
APTOS 2019,0,No DR,88.81890239101335,48.08714586237155,212.0025591536225,0.7981505102040817
APTOS 2019,2,Moderate NPDR,88.78092378493658,14.393167848915182,154.17411031576793,0.7458944515306123
APTOS 2019,2,Moderate NPDR,96.97362302172662,19.99317405598372,190.18068329897852,0.8332270408163265
APTOS 2019,2,Moderate NPDR,79.11292994524779,9.96212650504917,88.39850873390965,0.7456353635204082
APTOS 2019,0,No DR,99.05212241397791,14.404383680384496,154.8687657051013,0.7920519770408163
APTOS 2019,0,No DR,99.37861831486065,13.494246062501873,109.98665608771502,0.7903380102040817
APTOS 2019,2,Moderate NPDR,101.57828856964397,14.105294174239575,91.9551447578243,0.8338448660714286
APTOS 2019,0,No DR,98.23716814159292,14.395332447403655,160.58308655511178,0.7918327487244898
APTOS 2019,0,No DR,115.70325246887076,15.515695668970835,180.88867850287141,0.7917330994897959
APTOS 2019,2,Moderate NPDR,58.016012573172674,24.685647153565096,75.9081143214879,0.9055723852040817
APTOS 2019,2,Moderate NPDR,83.94864243240211,12.679611600045028,94.8458404212472,0.7457549426020408
APTOS 2019,4,Proliferative DR,111.96568183874763,34.23122394897286,342.7456716399016,0.9117107780612245
APTOS 2019,0,No DR,102.9135122056135,17.96356641886377,185.4082402421987,0.791015625
APTOS 2019,0,No DR,103.65648526564853,18.36502303814212,159.0195062318337,0.7907166772959183
APTOS 2019,4,Proliferative DR,56.88279949846119,13.036959160998551,41.83779751374151,0.9049744897959183
APTOS 2019,2,Moderate NPDR,81.8060079318201,14.184712178711376,59.8243952501072,0.7514349489795918
APTOS 2019,1,Mild NPDR,43.77347474056335,11.834497654206098,37.43868171917419,0.9045360331632653
APTOS 2019,2,Moderate NPDR,83.2913962569005,13.872585483922133,97.30716792932833,0.7898397640306123
APTOS 2019,2,Moderate NPDR,133.30980589866397,11.720959815596169,80.76113269662861,0.747429049744898
APTOS 2019,2,Moderate NPDR,108.00423218139522,13.86934015732471,86.60756550289027,0.7469507334183674
APTOS 2019,0,No DR,110.18029440206297,21.730627078326393,145.83037576684296,0.791374362244898
APTOS 2019,2,Moderate NPDR,72.98471484748173,37.11325494069915,164.64353906491726,0.9238679846938775
APTOS 2019,0,No DR,97.86190454357893,22.36053425375599,113.64739645931138,0.47610411352040816
APTOS 2019,2,Moderate NPDR,115.09654882154882,14.969773862804633,121.81913485459408,0.7460538903061225
APTOS 2019,0,No DR,90.63571889103804,17.566298800251527,157.7831672999515,0.7910355548469388
APTOS 2019,0,No DR,81.22589820018658,27.429125813281146,358.2124220028094,0.90625
APTOS 2019,0,No DR,108.2549645770717,18.004719890070856,146.01296522119407,0.7915338010204082
APTOS 2019,0,No DR,50.79342123272047,15.67035850132653,64.31053409733198,0.9045758928571429
APTOS 2019,0,No DR,90.76965802157447,23.74434655441058,121.73741590582407,0.47562579719387754
APTOS 2019,0,No DR,121.37923626403136,12.394287324244875,105.51854379134572,0.7913145727040817
APTOS 2019,2,Moderate NPDR,124.26856678437308,6.903056327663359,30.727124071014966,0.7466717155612245
APTOS 2019,0,No DR,99.76566106607977,15.287144586089473,144.1762951224353,0.791374362244898
APTOS 2019,0,No DR,80.61201358296623,25.356987337784577,160.14999323929445,0.4757453762755102
APTOS 2019,4,Proliferative DR,88.54862675129428,14.413401024970215,115.03745793733083,0.7209622130102041
APTOS 2019,1,Mild NPDR,80.37957637817365,9.99830583433178,93.70585974388855,0.7459542410714286
APTOS 2019,0,No DR,101.178517397882,21.81747345479959,64.3055406319616,0.47620376275510207
APTOS 2019,0,No DR,130.81937277758468,14.396133557444308,91.43029708917936,0.7935666454081632
APTOS 2019,0,No DR,94.87036527165932,17.26602660273383,103.41076591166774,0.4757055165816326
APTOS 2019,2,Moderate NPDR,88.69463875986345,10.318784989285895,75.45688956405017,0.7554607780612245
APTOS 2019,1,Mild NPDR,98.45091863517061,14.832242667266685,178.00381768926803,0.833366549744898
APTOS 2019,4,Proliferative DR,40.24671352527718,10.221896708306122,59.43746040064111,0.7138671875
APTOS 2019,0,No DR,95.94229061852619,19.825944447019474,194.55122162376364,0.7905572385204082
APTOS 2019,0,No DR,59.17665300399094,17.614279884383613,180.41322556985986,0.7889827806122449
APTOS 2019,1,Mild NPDR,91.62276317104869,12.875071628607069,108.4192599231877,0.8335658482142857
APTOS 2019,4,Proliferative DR,99.75715047576277,14.145551824693134,97.43018979337587,0.7456752232142857
APTOS 2019,2,Moderate NPDR,75.35444596826107,8.449909531771992,49.290086226253166,0.755241549744898
APTOS 2019,1,Mild NPDR,51.31265085586483,19.984480283829082,26.27701825553814,0.9520687181122449
APTOS 2019,0,No DR,62.98807804416901,24.194015791764308,49.76443744364464,0.7977519132653061
APTOS 2019,0,No DR,93.25326069454135,15.08158353254788,194.71323115221452,0.7916932397959183
APTOS 2019,0,No DR,113.91817184447834,19.767288780907297,230.7598552839971,0.7929089604591837
APTOS 2019,2,Moderate NPDR,121.88930592123691,8.773241398425945,43.0729641350106,0.7465322066326531
APTOS 2019,0,No DR,47.69936168536079,10.776479080184336,43.71183126924888,0.7975127551020408
APTOS 2019,2,Moderate NPDR,130.53965676530697,9.672609900896006,68.83781985667167,0.7473294005102041
APTOS 2019,0,No DR,40.2872953236268,12.127357969947683,31.677754939821874,0.9112723214285714
APTOS 2019,4,Proliferative DR,119.48504704301075,13.32883200134912,121.95587440636076,0.7474888392857143
APTOS 2019,0,No DR,94.31311516362727,18.45547836963562,181.7031800100711,0.8339644451530612
APTOS 2019,2,Moderate NPDR,88.69495277863409,10.607572755030057,130.4164218538398,0.7466717155612245
APTOS 2019,0,No DR,78.50535801266439,18.499579147290454,160.12840773091196,0.9551179846938775
APTOS 2019,0,No DR,65.14414580265095,14.67044478754669,167.71485357830161,0.4743502869897959
APTOS 2019,0,No DR,99.0898266362048,18.7435330777608,209.4142165568891,0.7909558354591837
APTOS 2019,0,No DR,48.75646347871781,16.210528406361668,55.4224321555505,0.7973533163265306
APTOS 2019,3,Severe NPDR,94.79378453384004,16.334111197430474,279.1419375667116,0.8332071109693877
APTOS 2019,0,No DR,102.02332510199699,11.775520909984436,136.12948345550848,0.7914142219387755
APTOS 2019,1,Mild NPDR,78.78288585570722,16.912178540988453,102.4134961874725,0.8333266900510204
APTOS 2019,3,Severe NPDR,93.86232046678636,11.149239912648598,62.43828102588567,0.7462133290816326
APTOS 2019,0,No DR,108.50172658404047,14.120625295914946,164.3646734345805,0.7927295918367347
APTOS 2019,0,No DR,105.1527505833758,13.670150969565615,161.45479258783206,0.791633450255102
APTOS 2019,3,Severe NPDR,88.29872051725708,35.452971696014885,573.6334228908281,0.9059111926020408
APTOS 2019,2,Moderate NPDR,122.25800317856738,15.518891893231757,78.23351302698181,0.7402742346938775
APTOS 2019,0,No DR,105.92299427896108,17.292151749166084,183.1873766904643,0.7911152742346939
APTOS 2019,3,Severe NPDR,72.31456291258252,14.793134804072432,153.34651269059069,0.8331074617346939
APTOS 2019,2,Moderate NPDR,65.11307138954653,27.05652726762677,43.38094123339641,0.9059510522959183
APTOS 2019,2,Moderate NPDR,83.57234574069447,10.053533931408957,119.55121166057756,0.8338647959183674
APTOS 2019,3,Severe NPDR,84.86967868668444,18.675251011961944,461.7121469136718,0.7459941007653061
APTOS 2019,0,No DR,50.0184503784693,18.435840948888167,91.92122157631239,0.7971141581632653
APTOS 2019,2,Moderate NPDR,82.24509033778476,10.975985164499228,92.22373653030232,0.7455955038265306
APTOS 2019,3,Severe NPDR,88.1423070190793,16.378531250792772,124.49376770922217,0.8331473214285714
APTOS 2019,2,Moderate NPDR,65.67625572848132,28.89187461136853,47.48050114296783,0.9087412308673469
APTOS 2019,0,No DR,123.8098210458637,17.052777715306878,133.97031399593124,0.7929288903061225
APTOS 2019,2,Moderate NPDR,115.31927119831815,10.213438391922503,60.944242266549274,0.7459941007653061
APTOS 2019,0,No DR,80.32440611631928,38.277797924076545,270.3567793996908,0.9062101403061225
APTOS 2019,2,Moderate NPDR,121.65118172121484,5.769619031470127,41.082931361571966,0.7456552933673469
APTOS 2019,0,No DR,96.80578634615901,18.19359988678953,213.90756948202974,0.7904376594387755
APTOS 2019,0,No DR,113.41531889742625,19.51678673366077,206.847563222841,0.7909956951530612
APTOS 2019,0,No DR,87.75606171932402,13.50908985869507,130.42728922718783,0.4753268494897959
APTOS 2019,0,No DR,109.5728262330332,14.955934851934162,135.4600861930816,0.7910554846938775
APTOS 2019,0,No DR,110.35414176703135,25.371558724001286,86.82761045641712,0.47488839285714285
APTOS 2019,0,No DR,112.82691959161481,36.01724723781904,151.69155217592822,0.9986248405612245
APTOS 2019,2,Moderate NPDR,86.37335288758527,42.32432315657296,180.54253053425828,0.9261001275510204
APTOS 2019,2,Moderate NPDR,71.72145221929185,14.133825121287844,168.4561580705112,0.7461136798469388
APTOS 2019,2,Moderate NPDR,85.96480206193871,34.62906020847112,185.37345154302247,0.9991828762755102
APTOS 2019,1,Mild NPDR,82.22863129595952,15.588346722439812,140.67376723972936,0.5471141581632653
APTOS 2019,0,No DR,98.56000644797292,17.15467841355571,238.95002109787066,0.7908960459183674
APTOS 2019,2,Moderate NPDR,71.93310836145481,9.118047082657347,79.97625018407507,0.8334861288265306
APTOS 2019,0,No DR,106.90121928859553,29.082416529728146,139.49251833205722,0.4761240433673469
APTOS 2019,0,No DR,107.71525706146362,17.741043058193146,248.21200354611315,0.7907764668367347
APTOS 2019,2,Moderate NPDR,76.35183471322445,15.716512237786025,114.00588825479458,0.8327885841836735
APTOS 2019,0,No DR,100.36393724941475,17.555368488033228,103.92328097532751,0.7900390625
APTOS 2019,0,No DR,96.26509877704609,18.868539428306562,222.97105942566856,0.7907963966836735
APTOS 2019,0,No DR,99.6541914796152,19.933244629981377,104.62363602350148,0.47654257015306123
APTOS 2019,0,No DR,119.10715818845246,14.1782587166021,174.02095923007263,0.7917928890306123
APTOS 2019,0,No DR,108.66092818391792,15.219795034201894,129.98945482949873,0.7912348533163265
APTOS 2019,0,No DR,101.69486939048895,13.994745801427458,156.6271542592379,0.792350924744898
APTOS 2019,1,Mild NPDR,96.70935492739497,13.813202234036043,141.65924549324828,0.8336057079081632
APTOS 2019,0,No DR,98.14762481496435,20.190583855688445,185.94343037015318,0.7898995535714286
APTOS 2019,0,No DR,101.86953717142396,16.286160180453066,184.01334473236145,0.7908362563775511
APTOS 2019,1,Mild NPDR,82.93871858116044,16.890740995066764,50.719419227062836,0.7149433992346939
APTOS 2019,0,No DR,96.91056835919566,27.725090513460962,112.31876911817766,0.47544642857142855
APTOS 2019,0,No DR,115.93167535048612,20.940928449921437,143.41024078554642,0.7911551339285714
APTOS 2019,0,No DR,108.96864934507194,13.57200057682624,157.8887009375705,0.7914939413265306
APTOS 2019,1,Mild NPDR,82.39125106297834,16.333884246838252,83.52862715802021,0.8329480229591837
APTOS 2019,1,Mild NPDR,88.45433869839049,13.695853989258955,103.58142088264253,0.8335857780612245
APTOS 2019,0,No DR,94.75104816168566,14.827740335004387,154.80904391351882,0.7908960459183674
APTOS 2019,0,No DR,102.3922777852259,14.784195457985374,166.4994072065514,0.7921914859693877
APTOS 2019,2,Moderate NPDR,84.90065761508264,18.896148922342213,94.4940879443991,0.8332669005102041
APTOS 2019,1,Mild NPDR,69.73872428219383,11.948916150389403,61.05323587779707,0.7351323341836735
APTOS 2019,0,No DR,91.50249622131635,12.798914645112847,87.25477348594414,0.47660235969387754
APTOS 2019,2,Moderate NPDR,57.67776526878694,9.83358538272685,55.74321463593119,0.7509765625
APTOS 2019,4,Proliferative DR,89.35222353404171,11.515617735148814,96.89231966920491,0.751953125
APTOS 2019,0,No DR,61.766058058584,19.009324381069224,51.42210238216727,0.7974330357142857
APTOS 2019,0,No DR,97.99471084143264,14.38616207283371,135.2100880326993,0.7911152742346939
APTOS 2019,0,No DR,73.06087572846117,15.090389206747881,87.39046101688493,0.7980309311224489
APTOS 2019,2,Moderate NPDR,51.40526675786594,14.31399350348321,20.057485401566854,0.9049545599489796
APTOS 2019,0,No DR,104.61997802256707,14.480707391506833,163.03105389991458,0.7918925382653061
APTOS 2019,0,No DR,104.97925919142897,15.749794388434108,147.90464048264573,0.47676179846938777
APTOS 2019,2,Moderate NPDR,101.54877159524344,8.056121137914676,50.82275027534188,0.7462531887755102
APTOS 2019,1,Mild NPDR,46.220493844080494,22.820795378938545,87.90968219031477,0.9036391900510204
APTOS 2019,4,Proliferative DR,64.80531430045576,9.867813373991334,46.514645495806946,0.7350127551020408
APTOS 2019,0,No DR,109.10936927026036,14.655168893252263,101.31847377150012,0.47622369260204084
APTOS 2019,2,Moderate NPDR,115.62735200779629,12.30734918093545,103.42080872489139,0.8336854272959183
APTOS 2019,0,No DR,97.54333781965006,18.32592154391307,207.26633787942737,0.7901785714285714
APTOS 2019,0,No DR,64.4802731809824,28.28462818143804,197.1230833307287,0.7975526147959183
APTOS 2019,0,No DR,101.88565901885981,15.402567605419256,119.10737857178756,0.7911352040816326
APTOS 2019,0,No DR,120.56462603283614,15.292922085945074,186.98910981857983,0.7918925382653061
APTOS 2019,1,Mild NPDR,83.20872902484803,8.142220853615534,64.83666394078112,0.7546237244897959
APTOS 2019,0,No DR,116.14473013915328,10.869357246720202,84.99460077963838,0.7921516262755102
APTOS 2019,2,Moderate NPDR,88.31768080080981,14.51757381424468,59.33681410206676,0.7516541772959183
APTOS 2019,0,No DR,94.45325558272647,19.645942984632022,204.26512253777585,0.7907963966836735
APTOS 2019,0,No DR,75.57413936963367,13.754625761892319,150.0114805829734,0.7902184311224489
APTOS 2019,2,Moderate NPDR,123.44701569145036,19.454467794522337,70.73145085650776,0.7157405931122449
APTOS 2019,0,No DR,78.64544703506517,23.819642059065593,140.6026781024273,0.4757055165816326
APTOS 2019,0,No DR,102.9588909257562,22.91504667511811,331.06008202054807,0.47634327168367346
APTOS 2019,0,No DR,96.3901516167986,18.935856463861043,210.33741323997035,0.7915537308673469
APTOS 2019,0,No DR,114.24941681190508,14.866145334616906,113.77101983923161,0.7919722576530612
APTOS 2019,2,Moderate NPDR,77.45932786747629,13.361491495794006,132.72491053280288,0.7554009885204082
APTOS 2019,0,No DR,106.89501650430722,12.969838513606053,128.08132863022539,0.7913942920918368
APTOS 2019,1,Mild NPDR,93.35450118616556,11.034489457005067,65.45428125784512,0.8342833227040817
APTOS 2019,1,Mild NPDR,94.71336847627852,10.633860239784942,81.13379882125423,0.8338249362244898
APTOS 2019,2,Moderate NPDR,78.55208354497248,24.75255597474343,180.90934209950188,0.9895766900510204
APTOS 2019,0,No DR,59.392849637490805,18.450233188193906,103.93895485221366,0.7975127551020408
APTOS 2019,2,Moderate NPDR,58.22309164602567,9.397936216164851,74.22958482552855,0.7511559311224489
APTOS 2019,2,Moderate NPDR,112.38096305218633,10.754808146786665,61.200585509972484,0.7474091198979592
APTOS 2019,0,No DR,86.86538811538811,20.7081049286083,110.8095944759483,0.9063695790816326
APTOS 2019,0,No DR,100.19164856384262,13.879136148788877,191.30506602395897,0.7919124681122449
APTOS 2019,4,Proliferative DR,70.15423500337003,7.662914448528698,66.13319649882408,0.7455755739795918
APTOS 2019,0,No DR,82.04527796078787,30.993469489356418,127.92392922823298,0.9073860012755102
APTOS 2019,0,No DR,69.95323495431153,23.59499440421916,80.50653901164158,0.7978316326530612
APTOS 2019,2,Moderate NPDR,66.45394275993195,14.981796393348365,91.7301533087321,0.8328483737244898
APTOS 2019,0,No DR,97.27199595476694,39.68321140767193,273.29252006622414,0.47488839285714285
APTOS 2019,2,Moderate NPDR,93.59489281210593,15.090168828923915,134.50283501932935,0.7350526147959183
APTOS 2019,0,No DR,94.6231708954222,17.328333131176844,118.4889670209386,0.7915138711734694
APTOS 2019,0,No DR,100.42075593256737,16.01161183346831,150.31787602086493,0.7915935905612245
APTOS 2019,0,No DR,92.82088593068625,23.900738709328085,123.9501966075817,0.4755062181122449
APTOS 2019,4,Proliferative DR,89.45969692084475,14.654246879989449,140.3614329408756,0.7910355548469388
APTOS 2019,0,No DR,85.22344929136757,23.532094592262425,92.87969134798357,0.4744499362244898
APTOS 2019,3,Severe NPDR,85.548927428594,19.57481886240125,522.8937426315899,0.5472138073979592
APTOS 2019,0,No DR,105.56820790669912,24.019247668461944,173.48442269756646,0.47538663903061223
APTOS 2019,0,No DR,98.70724754605352,16.334284503964554,122.06073769048199,0.7904974489795918
APTOS 2019,2,Moderate NPDR,47.77946874824507,7.576123753988795,42.65751993770688,0.7454559948979592
APTOS 2019,2,Moderate NPDR,86.26466308484441,12.96114548014902,191.68858476121738,0.7554009885204082
APTOS 2019,2,Moderate NPDR,80.49177414732014,14.216011684902607,101.92512792734088,0.7351921237244898
APTOS 2019,1,Mild NPDR,64.74418197287423,14.345616096000633,129.66375451516535,0.8326889349489796
APTOS 2019,2,Moderate NPDR,57.871253693541576,11.002717836657636,98.52159097280986,0.7512954400510204
APTOS 2019,0,No DR,110.26678979630076,7.8473312180586925,102.29983185701747,0.7927893813775511
APTOS 2019,1,Mild NPDR,82.07345338295163,11.653052199106561,116.25626950210469,0.8341438137755102
APTOS 2019,0,No DR,83.92357447589339,22.491011987357552,160.60243381346655,0.47592474489795916
APTOS 2019,0,No DR,122.54820618778007,23.39104214078561,174.44583499995585,0.7914740114795918
APTOS 2019,0,No DR,60.64814519254885,22.558066655833667,127.88017824475061,0.9049545599489796
APTOS 2019,0,No DR,54.00016805310478,16.564865128182873,52.78359657769828,0.9835180165816326
APTOS 2019,3,Severe NPDR,82.1236358535559,10.559518952338403,102.64133808079748,0.7456154336734694
APTOS 2019,0,No DR,105.208991233949,18.92762137545646,148.13465836759082,0.7922512755102041
APTOS 2019,0,No DR,107.13480418599633,22.332107113073434,180.30310353105574,0.7890226403061225
APTOS 2019,2,Moderate NPDR,93.91662692512693,11.513521410951112,98.8477429509569,0.7460339604591837
APTOS 2019,0,No DR,106.88911588398162,13.996786970948198,159.77792279798666,0.7907366071428571
APTOS 2019,0,No DR,104.56067291781578,22.559764054793764,107.19749031875736,0.4749282525510204
APTOS 2019,0,No DR,119.26232271875836,12.177174621415672,96.91052749880794,0.7928093112244898
APTOS 2019,2,Moderate NPDR,81.40270414317372,6.405778013502847,29.761251868227173,0.7463129783163265
APTOS 2019,1,Mild NPDR,73.61064039408868,8.412132884966987,57.39027936615788,0.7506975446428571
APTOS 2019,0,No DR,99.41900642145141,21.14572131012819,182.7509496939096,0.7909159757653061
APTOS 2019,0,No DR,95.26026392961877,14.463115599122029,177.0416934180455,0.4764030612244898
APTOS 2019,2,Moderate NPDR,132.34801687763712,14.972778238890571,146.7775152913529,0.7448381696428571
APTOS 2019,1,Mild NPDR,83.30485305877649,12.56176672467299,79.96418741017688,0.8334861288265306
APTOS 2019,0,No DR,60.48785429709733,13.008877289700088,52.23231823323829,0.9059111926020408
APTOS 2019,2,Moderate NPDR,79.25797849945266,15.585398574004179,130.82386134039604,0.7459741709183674
APTOS 2019,4,Proliferative DR,46.86568660968661,11.663693385414673,39.08272462255989,0.9051139987244898
APTOS 2019,2,Moderate NPDR,112.98166237789492,9.889085021017424,130.08021978174452,0.8339046556122449
APTOS 2019,0,No DR,101.67405775145755,19.168700925403833,133.9599312318174,0.4754663584183674
APTOS 2019,2,Moderate NPDR,78.32928292829283,14.148685526439275,106.74704475335521,0.8331473214285714
APTOS 2019,2,Moderate NPDR,76.06859617137648,31.83715097871193,85.63119637629434,0.9052335778061225
APTOS 2019,3,Severe NPDR,116.48739789673519,14.593746637420285,91.5700537863846,0.8340840242346939
APTOS 2019,2,Moderate NPDR,41.88274321150909,16.75053773889755,32.638142730539386,0.9049545599489796
APTOS 2019,0,No DR,68.23667877338973,16.593864288216608,140.06219208367216,0.47482860331632654
APTOS 2019,0,No DR,113.60917357582241,13.386100751380756,141.17542105751446,0.7934470663265306
APTOS 2019,0,No DR,112.5036306637014,15.526629513753749,137.2790280032766,0.7923708545918368
APTOS 2019,2,Moderate NPDR,89.70124253106327,17.404130797037098,112.89744278407832,0.8334263392857143
APTOS 2019,0,No DR,49.05128205128205,18.42553697687693,58.9296904506944,0.9050741390306123
APTOS 2019,3,Severe NPDR,67.34189215879913,17.80068941598057,181.96835832016495,0.5471141581632653
APTOS 2019,2,Moderate NPDR,51.47549142713637,22.32593526993214,181.37504285402252,0.9039979272959183
APTOS 2019,2,Moderate NPDR,77.44172561173735,19.700721634858553,62.28168413287993,0.8335060586734694
APTOS 2019,2,Moderate NPDR,85.5847404269933,13.866005726497853,128.27262898084763,0.7358099489795918
APTOS 2019,0,No DR,67.25848744134694,17.830777729030086,45.12489055015551,0.47458944515306123
APTOS 2019,0,No DR,64.62150542526331,15.31768278048411,108.46611302528143,0.9064293686224489
APTOS 2019,0,No DR,64.58170071957561,27.59652295931156,85.81313594942706,0.7977120535714286
APTOS 2019,2,Moderate NPDR,88.56518002921715,18.432517748403257,210.3834479801017,0.7354113520408163
APTOS 2019,2,Moderate NPDR,78.88416902095486,29.68084773189454,74.6626845078912,0.9892777423469388
APTOS 2019,0,No DR,63.33780420069532,27.138393414807553,71.8133318194235,0.9937021683673469
APTOS 2019,3,Severe NPDR,54.65671198446247,15.968949392535176,79.39362276861445,0.9035395408163265
APTOS 2019,0,No DR,97.21438172043011,14.843703007422679,101.89533780711642,0.7908960459183674
APTOS 2019,0,No DR,99.46434511992274,14.64406364208501,158.1189843624521,0.7916733099489796
APTOS 2019,0,No DR,83.88784317326233,16.05127475353568,107.37591754754237,0.47544642857142855
APTOS 2019,0,No DR,87.1128354348529,17.183978951037137,158.73209825889808,0.7896006058673469
APTOS 2019,3,Severe NPDR,78.74655564723827,10.109429375558868,161.27451298926428,0.8331273915816326
APTOS 2019,2,Moderate NPDR,45.733174149781306,14.911909626923174,30.605714056532804,0.9438775510204082
APTOS 2019,0,No DR,89.93481658545555,20.837650207558767,78.27748849372394,0.47488839285714285
APTOS 2019,0,No DR,102.53127182848853,15.663353234859441,151.25556624066598,0.7910953443877551
APTOS 2019,3,Severe NPDR,56.32187166676023,13.322880041060266,86.94038396233853,0.7452367665816326
APTOS 2019,2,Moderate NPDR,94.57934393353388,14.839158202454014,140.04390380413523,0.7351721938775511
APTOS 2019,0,No DR,94.56838724478091,24.451804564223217,308.65606324254117,0.47580516581632654
APTOS 2019,4,Proliferative DR,60.934418382000956,19.618142397491305,36.12642064966143,0.9050342793367347
APTOS 2019,0,No DR,103.50790837562771,11.33109252238441,118.1236289197356,0.7912747130102041
APTOS 2019,4,Proliferative DR,70.52709572988624,24.561262722740118,198.81977414709525,0.9048549107142857
APTOS 2019,0,No DR,112.26218022709581,11.012391394528677,114.81760660263295,0.7914939413265306
APTOS 2019,2,Moderate NPDR,56.88304466727438,19.3273448160826,70.14278702783095,0.9051538584183674
APTOS 2019,0,No DR,78.75923333692258,18.68244413129035,203.75680805337896,0.7899394132653061
APTOS 2019,0,No DR,113.30396381446886,14.413640807346683,146.6912203574456,0.7927893813775511
APTOS 2019,0,No DR,99.52478492421139,30.134290414916702,256.54027916285094,0.9061104910714286
APTOS 2019,2,Moderate NPDR,88.63296131576739,13.917183653667875,86.75580096081022,0.7556999362244898
APTOS 2019,0,No DR,107.43664879356568,15.377739997442175,122.25928215900352,0.7919921875
APTOS 2019,2,Moderate NPDR,93.05672099402936,16.42892949874831,142.21106963816112,0.7905373086734694
APTOS 2019,2,Moderate NPDR,138.95636088455393,17.513535586817664,86.17726539522442,0.7468710140306123
APTOS 2019,2,Moderate NPDR,84.14202130319548,13.216583699566593,150.90360493614975,0.8332270408163265
APTOS 2019,2,Moderate NPDR,59.53582021446498,22.99812472503856,109.7937828028969,0.9044762436224489
APTOS 2019,0,No DR,113.29118948638863,11.125118404212387,94.47179757587055,0.7922313456632653
APTOS 2019,2,Moderate NPDR,65.38508426774627,32.13034992524106,380.57389384543217,0.9065090880102041
APTOS 2019,0,No DR,101.0101632027532,15.023009228815292,153.20264771794558,0.7906170280612245
APTOS 2019,0,No DR,105.72629090322927,16.433714998598244,122.16973864437608,0.7911551339285714
APTOS 2019,0,No DR,60.05622009569378,19.371208296085797,104.32699178206875,0.4745296556122449
APTOS 2019,4,Proliferative DR,82.39898686357002,13.307728545944451,90.89164998580223,0.7357501594387755
APTOS 2019,0,No DR,80.6237710190205,22.348506873648624,146.33446064055437,0.47512755102040816
APTOS 2019,2,Moderate NPDR,74.6940497960332,9.797533703074164,88.51631430767743,0.751335299744898
APTOS 2019,0,No DR,83.25047849070361,24.75926818311018,218.88814691429357,0.9054129464285714
APTOS 2019,0,No DR,85.03806021604228,15.155136597926823,185.66925757325168,0.4749083227040816
APTOS 2019,2,Moderate NPDR,116.95674585387718,10.254719283420522,46.71385526888646,0.7471898915816326
APTOS 2019,1,Mild NPDR,83.98084856364227,13.977543994929993,49.22186578424464,0.8331672512755102
APTOS 2019,1,Mild NPDR,103.3874200319872,16.18856055626778,183.02301695213058,0.8336057079081632
APTOS 2019,0,No DR,50.81826353637902,17.36365390503775,71.89734997503689,0.7953603316326531
APTOS 2019,0,No DR,67.76212322796715,12.027944571271508,69.46176058229173,0.4758848852040816
APTOS 2019,2,Moderate NPDR,84.58136937659287,16.924008628736015,79.06693192229237,0.7354711415816326
APTOS 2019,0,No DR,101.13970825707827,14.800705131435576,141.83386054133,0.790397799744898
APTOS 2019,3,Severe NPDR,57.51002008582124,18.319956401335784,136.73278852722973,0.9039979272959183
APTOS 2019,2,Moderate NPDR,88.56518002921715,18.432517748403257,210.3834479801017,0.7354113520408163
APTOS 2019,2,Moderate NPDR,79.30876333081977,12.32567009908477,90.32415706187507,0.7896006058673469
APTOS 2019,2,Moderate NPDR,61.048044441108026,9.514677255107001,88.0970596998981,0.8325892857142857
APTOS 2019,0,No DR,63.19708994708995,15.41177948635316,118.39163387137447,0.7885443239795918
APTOS 2019,0,No DR,75.71879305593828,12.785472952983188,31.52653018197096,0.47530691964285715
APTOS 2019,0,No DR,97.90898120089034,18.154081631523972,220.957310030818,0.7918726084183674
APTOS 2019,2,Moderate NPDR,53.303836432343154,10.906143709705793,135.60149465397032,0.8324697066326531
APTOS 2019,4,Proliferative DR,88.74864238119001,29.12790227922791,133.8814671796051,0.715202487244898
APTOS 2019,3,Severe NPDR,81.63968727150008,14.396699842177647,100.20105211746949,0.7516741071428571
APTOS 2019,1,Mild NPDR,67.79673107729275,11.47823619788444,74.67387824177057,0.8323501275510204
APTOS 2019,1,Mild NPDR,83.62165608280414,11.416729177955611,86.97581614479994,0.8333067602040817
APTOS 2019,2,Moderate NPDR,92.51733325854042,9.242564333431858,65.8329712569177,0.7463926977040817
APTOS 2019,2,Moderate NPDR,114.3108712490318,13.349684655517434,153.57677182607983,0.8338448660714286
APTOS 2019,2,Moderate NPDR,103.73150184981502,9.571176301408428,81.9578653942175,0.8334064094387755
APTOS 2019,0,No DR,58.820340407648665,12.89039773071116,78.35250982191383,0.7975924744897959
APTOS 2019,0,No DR,104.47727690047742,17.573094753128434,182.8984535375467,0.4755859375
APTOS 2019,2,Moderate NPDR,75.81126506928118,15.870585657921588,107.29028062377957,0.8330078125
APTOS 2019,0,No DR,104.26984511132623,9.987874632622715,84.6962369899168,0.7905771683673469
APTOS 2019,0,No DR,85.27235996326905,14.098493170332633,106.91420476363939,0.4754264987244898
APTOS 2019,2,Moderate NPDR,94.06719980007497,14.022284882141943,176.35598100418702,0.8336854272959183
APTOS 2019,0,No DR,52.99912498848669,20.651624420434104,153.48018758713349,0.47409119897959184
APTOS 2019,0,No DR,55.18674619649473,26.89598890281591,179.37394570861542,0.7972935267857143
APTOS 2019,0,No DR,104.84933419243987,15.881758498136358,159.64081635391088,0.7913544323979592
APTOS 2019,0,No DR,81.10010518132346,17.933161819665997,95.4500690282694,0.477359693877551
APTOS 2019,0,No DR,108.93827457908402,15.854223339121726,101.17631522645098,0.7928292410714286
APTOS 2019,2,Moderate NPDR,96.76244603048727,34.96975211271535,55.02947270857972,0.7147839604591837
APTOS 2019,0,No DR,105.94980011268815,21.872038457163857,170.08397400883248,0.791633450255102
APTOS 2019,0,No DR,96.65796548201516,13.675098347877492,114.85938235464853,0.7904775191326531
APTOS 2019,4,Proliferative DR,101.5010232658337,17.47267821739542,87.20561918581556,0.7899593431122449
APTOS 2019,2,Moderate NPDR,112.28795018512285,10.105354789813827,93.94258826493596,0.7459941007653061
APTOS 2019,0,No DR,79.70411813262405,14.298290658563001,59.31527888370925,0.4760642538265306
APTOS 2019,0,No DR,105.61238857509971,15.867770947603505,127.29737255586863,0.7929089604591837
APTOS 2019,4,Proliferative DR,89.21908449100432,34.64796193703556,177.224614612268,0.905632174744898
APTOS 2019,0,No DR,65.12327144321677,27.44994428689614,165.90812761988676,0.9054328762755102
APTOS 2019,2,Moderate NPDR,131.542028579434,14.544161267877026,60.74739276470959,0.7468909438775511
APTOS 2019,0,No DR,81.92360057035096,24.565303246053187,102.15298467561634,0.47462930484693877
APTOS 2019,3,Severe NPDR,98.45426143464134,19.61619283156988,75.91696906815535,0.833625637755102
APTOS 2019,3,Severe NPDR,120.9552948458249,14.653511856612464,197.77078069579443,0.7446588010204082
APTOS 2019,2,Moderate NPDR,84.92613636363636,18.86755288849653,367.6313718948852,0.7552614795918368
APTOS 2019,2,Moderate NPDR,72.8141105829372,15.770870658012653,97.29593542980604,0.8327686543367347
APTOS 2019,2,Moderate NPDR,97.8826462021062,15.481368214981249,196.60825933385286,0.7547632334183674
APTOS 2019,2,Moderate NPDR,77.44172561173735,19.700721634858553,62.28168413287993,0.8335060586734694
APTOS 2019,0,No DR,116.41510496259953,13.5244499480409,100.07672068460663,0.7920918367346939
APTOS 2019,4,Proliferative DR,121.50841901773457,9.34345262877553,60.66414557149409,0.7473094706632653
APTOS 2019,0,No DR,98.99168733351704,21.336071689715528,161.42316334464496,0.4752869897959184
APTOS 2019,0,No DR,124.92463821816011,42.81746863536433,444.5926124960985,0.9929846938775511
APTOS 2019,2,Moderate NPDR,48.01710674157303,12.893932662078866,99.99438197197323,0.7450972576530612
APTOS 2019,1,Mild NPDR,122.49320645386882,11.581322059000161,60.354473320778354,0.8341238839285714
APTOS 2019,2,Moderate NPDR,50.85827059220137,15.511864294820732,78.79659044645065,0.7451371173469388
APTOS 2019,0,No DR,49.97195942394618,19.695881774493834,86.1443041183697,0.7971739477040817
APTOS 2019,0,No DR,46.51006570302234,20.268265651148806,52.563080599736494,0.7971540178571429
APTOS 2019,0,No DR,91.8804590287296,10.96880896587235,86.74337250083845,0.7907764668367347
APTOS 2019,0,No DR,97.68911610386115,17.848058996461816,204.7183789113416,0.7901586415816326
APTOS 2019,0,No DR,97.17226371500725,19.850787654065318,213.24351473452236,0.7910554846938775
APTOS 2019,0,No DR,109.577745579436,11.891149935298525,114.79707939956884,0.7917330994897959
APTOS 2019,2,Moderate NPDR,82.74529410294228,11.5634387859594,80.19029685815086,0.8333864795918368
APTOS 2019,0,No DR,98.45129765237992,17.916492324606136,200.46499952797637,0.7899992028061225
APTOS 2019,1,Mild NPDR,58.902091254752854,9.392483743920213,75.71751795261167,0.8328284438775511
APTOS 2019,0,No DR,45.50598007517809,16.52561827729162,52.91280256056796,0.7969945790816326
APTOS 2019,0,No DR,89.01588197355692,13.34951682360341,159.31934288912245,0.7908561862244898
APTOS 2019,1,Mild NPDR,109.07729978593004,14.58594459424184,55.388148563290514,0.7156409438775511
APTOS 2019,2,Moderate NPDR,85.48264140568372,13.06616974416202,76.49067322595798,0.8335459183673469
APTOS 2019,0,No DR,57.89313430110472,22.027201574690263,91.16735073539357,0.9041175063775511
APTOS 2019,0,No DR,102.50581098853907,13.570433608719457,107.54296892723679,0.7915935905612245
APTOS 2019,2,Moderate NPDR,99.18696784937283,14.556470405746628,152.8917753528804,0.7912348533163265
APTOS 2019,4,Proliferative DR,78.80729427057294,12.457977992705297,75.98584912219208,0.833366549744898
APTOS 2019,0,No DR,99.53093280668718,17.47586589545628,143.12698350604396,0.4752670599489796
APTOS 2019,0,No DR,90.61717718688543,14.575613394567489,186.62311614120733,0.7896205357142857
APTOS 2019,0,No DR,91.83676375999265,14.80659259612425,141.7911674523225,0.47512755102040816
APTOS 2019,1,Mild NPDR,99.64502748625686,12.995177728282492,92.67262080853627,0.8339445153061225
APTOS 2019,4,Proliferative DR,89.80606454515912,12.26477290329731,65.77511677624852,0.8334263392857143
APTOS 2019,2,Moderate NPDR,81.43555644435557,13.149706465728626,87.47770226976903,0.8334661989795918
APTOS 2019,0,No DR,111.79420523138833,12.706776497966816,109.88488528416192,0.7916932397959183
APTOS 2019,2,Moderate NPDR,98.2340151046846,19.620441870708657,160.3494122506783,0.7908561862244898
APTOS 2019,2,Moderate NPDR,91.02267463123248,14.271247646547096,69.47852409077295,0.9895567602040817
APTOS 2019,0,No DR,93.63880244661445,16.5578980707658,154.8444454029346,0.7918128188775511
APTOS 2019,2,Moderate NPDR,77.09482974148708,14.01572883593656,78.10521169840682,0.8333067602040817
APTOS 2019,2,Moderate NPDR,123.134736075311,14.8322487429964,122.77864332417955,0.7464126275510204
APTOS 2019,1,Mild NPDR,77.26403862027564,12.646538500693985,85.6929843581973,0.8328483737244898
APTOS 2019,2,Moderate NPDR,59.49406449078102,15.318551285569223,87.33035923429956,0.7453962053571429
APTOS 2019,0,No DR,43.67557364078218,16.891241917540366,32.40978619577925,0.9273557079081632
APTOS 2019,1,Mild NPDR,87.59282035898205,16.319591906545266,123.55413556318335,0.8333466198979592
APTOS 2019,4,Proliferative DR,80.0741554054054,12.952714891014983,66.6170776741691,0.7507174744897959
APTOS 2019,0,No DR,94.31311516362727,18.45547836963562,181.7031800100711,0.8339644451530612
APTOS 2019,0,No DR,71.09097164877512,20.065991919421045,70.84959283119373,0.4759048150510204
APTOS 2019,2,Moderate NPDR,55.59304474819159,19.49566425207193,114.49254878242472,0.9042769451530612
APTOS 2019,0,No DR,94.26834911752044,18.411038946451654,154.78383015029175,0.7901586415816326
APTOS 2019,1,Mild NPDR,106.13973529490724,14.840957233008565,153.45508164434207,0.7916533801020408
APTOS 2019,0,No DR,56.676178464449,20.64327393161483,77.18036022879478,0.7972935267857143
APTOS 2019,2,Moderate NPDR,90.23093956721605,20.462940373195256,128.16934049488964,0.7541254783163265
APTOS 2019,1,Mild NPDR,86.33205057724024,14.29141290359317,45.894973482633496,0.8336854272959183
APTOS 2019,2,Moderate NPDR,63.900163343471895,9.656849048964352,77.99005627190951,0.7505580357142857
APTOS 2019,2,Moderate NPDR,51.83356898517674,25.256933471872543,27.428206516202092,0.9047552614795918
APTOS 2019,0,No DR,92.7118989514334,14.549903611227586,141.84716111875133,0.7919921875
APTOS 2019,2,Moderate NPDR,57.42419479750353,18.971909070924045,65.54814296568752,0.9055125956632653
APTOS 2019,3,Severe NPDR,83.61561858113446,20.882401189244113,134.24715123668244,0.5474529655612245
APTOS 2019,2,Moderate NPDR,56.21324285420522,19.25907062218189,117.30180084872728,0.9033601721938775
APTOS 2019,3,Severe NPDR,70.90145355382653,12.03409176789444,96.97040233081195,0.8328085140306123
APTOS 2019,0,No DR,114.90735038157719,10.625676710284683,109.28266972832107,0.7929288903061225
APTOS 2019,2,Moderate NPDR,70.15726236595363,10.303538489367838,58.56542781624918,0.7451570471938775
APTOS 2019,0,No DR,83.10703215546751,20.222341620065993,190.00576325684978,0.7893813775510204
APTOS 2019,0,No DR,95.43381741067833,18.984262553548533,211.07540291249614,0.7915338010204082
APTOS 2019,2,Moderate NPDR,116.32571036533074,12.966234252582904,58.41913091686272,0.7365672831632653
APTOS 2019,2,Moderate NPDR,110.99326383319968,7.398617639087658,106.43674473623982,0.7938655931122449
APTOS 2019,1,Mild NPDR,96.5156613254006,13.169045776820374,143.7973330499325,0.8334661989795918
APTOS 2019,0,No DR,116.41785349599613,16.780392292488152,233.51187809316832,0.7910355548469388
APTOS 2019,4,Proliferative DR,92.98888230860342,18.346981394623054,127.01517274706379,0.7899194834183674
APTOS 2019,0,No DR,100.80112918403012,16.521444799406233,184.20836129841163,0.7906170280612245
APTOS 2019,0,No DR,101.45044466856147,15.767774610802725,165.24509292828543,0.47622369260204084
APTOS 2019,0,No DR,80.99112317174134,12.324076705908663,77.27692851240352,0.4747289540816326
APTOS 2019,2,Moderate NPDR,89.86865455272563,12.71434022044538,119.24183061335631,0.8334263392857143
APTOS 2019,0,No DR,72.25498305979671,21.227138938550887,155.50339946284663,0.9693478954081632
APTOS 2019,2,Moderate NPDR,96.28167479859299,17.09221015768389,111.63833504214534,0.9084223533163265
APTOS 2019,0,No DR,93.0682514101531,12.786806982222435,128.0688234572655,0.7909757653061225
APTOS 2019,0,No DR,98.78452579034942,17.830348836673146,203.2322741998417,0.7914341517857143
APTOS 2019,2,Moderate NPDR,104.88248519823128,13.154729995002253,201.71917231150837,0.8339046556122449
APTOS 2019,2,Moderate NPDR,68.81293850340815,12.51025649504375,56.32784317819555,0.8342434630102041
APTOS 2019,0,No DR,105.36771577420915,16.248013894833836,124.56693673459885,0.7918128188775511
APTOS 2019,0,No DR,61.752679463297426,20.58164199913502,224.4874325014001,0.7883051658163265
APTOS 2019,2,Moderate NPDR,101.10885733603786,8.844385929851413,43.73824334004894,0.7437619579081632
APTOS 2019,0,No DR,115.57706801470589,15.882795036396084,92.14677646518167,0.47500797193877553
APTOS 2019,2,Moderate NPDR,84.68303934319623,22.72548969196197,58.3290925066581,0.9893574617346939
APTOS 2019,4,Proliferative DR,92.63312680478847,12.439942462725316,67.26590504727136,0.7468311543367347
APTOS 2019,0,No DR,109.59434797777837,17.940111591641884,293.3895184465574,0.7917530293367347
APTOS 2019,2,Moderate NPDR,101.41832669322709,13.050566545607362,90.69674164777508,0.7459741709183674
APTOS 2019,0,No DR,66.17426470588235,19.84379756952663,127.68072876140347,0.7977519132653061
APTOS 2019,0,No DR,112.81366927777329,15.937061784483719,137.6456565693534,0.7900589923469388
APTOS 2019,1,Mild NPDR,89.7483614349327,17.676288848728998,159.04105973593397,0.8328483737244898
APTOS 2019,0,No DR,102.9267212454704,15.469857564351964,157.09011799309553,0.7917131696428571
APTOS 2019,3,Severe NPDR,108.45474551405033,13.202808070604934,93.14529038439811,0.7432437818877551
APTOS 2019,0,No DR,49.76622873044113,21.3750428422679,85.48897817026254,0.9046157525510204
APTOS 2019,4,Proliferative DR,52.27760683760684,21.6758438151548,34.70570021269308,0.9052136479591837
APTOS 2019,1,Mild NPDR,83.79206452210995,20.902975261367292,145.61084831671354,0.8940728635204082
APTOS 2019,0,No DR,84.68722946596914,51.192559282999206,466.5887381323981,0.7947026466836735
APTOS 2019,2,Moderate NPDR,65.0449019411647,13.216825288540926,89.71594213219447,0.8328683035714286
APTOS 2019,0,No DR,87.71881885109356,17.413269291702534,207.17430947600408,0.7908561862244898
APTOS 2019,2,Moderate NPDR,90.49607989012247,8.771850467257151,57.90774077214658,0.7359494579081632
APTOS 2019,2,Moderate NPDR,107.99489724395099,13.507991662970573,103.09680911990145,0.746711575255102
APTOS 2019,0,No DR,96.62719840800301,22.053525955883124,136.1471840429899,0.7906967474489796
APTOS 2019,1,Mild NPDR,87.37275870151178,15.538111821973983,107.4820324891379,0.7196667729591837
APTOS 2019,2,Moderate NPDR,91.37828430271728,11.612833915156108,64.48456651041275,0.7451570471938775
APTOS 2019,3,Severe NPDR,103.27315867029647,13.974122240787922,162.27878162581288,0.8340242346938775
APTOS 2019,4,Proliferative DR,65.44018566090612,25.055338939109692,65.0452734598354,0.7225366709183674
APTOS 2019,0,No DR,85.3561958067624,21.272172471061527,182.70523535989807,0.4758848852040816
APTOS 2019,0,No DR,42.68159623984668,23.53395679195188,149.94289361320497,0.9043566645408163
APTOS 2019,0,No DR,53.15120067258683,18.737221375553467,46.69598448665824,0.7973732461734694
APTOS 2019,1,Mild NPDR,86.8238455961399,10.880711380638848,50.185721237195786,0.833366549744898
APTOS 2019,0,No DR,95.31362536952432,12.244306073701722,88.61416659414189,0.7907764668367347
APTOS 2019,0,No DR,110.07476435304199,17.67657373613484,177.666293625957,0.7929288903061225
APTOS 2019,2,Moderate NPDR,95.44955496991696,23.310416012597734,67.31316027977499,0.8375916772959183
APTOS 2019,2,Moderate NPDR,99.74407358476456,17.258282902011032,44.41181830579809,0.8355588329081632
APTOS 2019,2,Moderate NPDR,103.43413744740533,15.129937307789149,155.97421557097306,0.7461136798469388
APTOS 2019,2,Moderate NPDR,133.29709069526504,15.785034124737715,82.6247107140418,0.7468311543367347
APTOS 2019,0,No DR,103.75029579434226,21.29594050601596,209.30658032920735,0.790656887755102
APTOS 2019,0,No DR,99.88862308506233,25.65457670308479,117.00518817288406,0.4745495854591837
APTOS 2019,2,Moderate NPDR,93.96509176761573,8.308687013211495,49.597738800697506,0.7517936862244898
APTOS 2019,0,No DR,113.22511478420569,27.98799203211226,201.65964033649797,0.475406568877551
APTOS 2019,0,No DR,87.15412104274522,18.131756571354657,41.06010364274095,0.4764827806122449
APTOS 2019,0,No DR,47.21310140053078,15.28625163751088,58.94878016602081,0.7972935267857143
APTOS 2019,0,No DR,89.07539345490882,16.064251194468973,92.28628020678221,0.833984375
APTOS 2019,1,Mild NPDR,119.63706487896553,14.89746069472975,88.2358893062768,0.7462531887755102
APTOS 2019,1,Mild NPDR,64.63891459297237,10.35473437219917,85.06499816385752,0.8329280931122449
APTOS 2019,0,No DR,60.19644282293923,16.91145136319402,78.72137607530419,0.9047951211734694
APTOS 2019,0,No DR,103.25744223535733,22.384188298301083,243.26102317399977,0.7912149234693877
APTOS 2019,2,Moderate NPDR,75.56350635063507,20.56415767311696,145.09916889466226,0.8332071109693877
APTOS 2019,3,Severe NPDR,107.05287994051365,15.046038164799885,84.04283469474005,0.7363081951530612
APTOS 2019,2,Moderate NPDR,107.12050359712231,14.716443466393212,113.48189006685837,0.8339644451530612
APTOS 2019,2,Moderate NPDR,134.0354131062113,11.147809011290661,140.14268505912247,0.7465919961734694
APTOS 2019,0,No DR,60.61167372491254,15.268483610590293,102.44608607275805,0.4742904974489796
APTOS 2019,1,Mild NPDR,117.70280955585464,10.959325005599405,46.065702699171624,0.7463528380102041
APTOS 2019,0,No DR,85.35047055660124,15.616413933938142,157.66519736481072,0.7907366071428571
APTOS 2019,0,No DR,84.49934045817966,21.318923044218018,145.27959711886547,0.7898995535714286
APTOS 2019,0,No DR,105.34742248735989,12.64800769967128,108.02583819806078,0.793327487244898
APTOS 2019,0,No DR,106.19194033054303,15.582427715926965,136.19826923526767,0.7918327487244898
APTOS 2019,2,Moderate NPDR,98.3445847362514,16.742878911463883,69.39999828689692,0.7459343112244898
APTOS 2019,0,No DR,112.0985835694051,18.163723068557495,128.8692633794791,0.7888432716836735
APTOS 2019,0,No DR,96.8350401836969,29.30647704050021,56.02830503492429,0.4753268494897959
APTOS 2019,0,No DR,59.38412022805496,16.798715610872694,109.20317868599989,0.7973732461734694
APTOS 2019,2,Moderate NPDR,56.49522501584619,24.651951819684413,121.99485724950918,0.9796117665816326
APTOS 2019,2,Moderate NPDR,63.884376711078666,22.305343215151296,50.033124965168405,0.9044563137755102
APTOS 2019,0,No DR,47.74935218438878,18.075477765542896,68.24527637504961,0.9085817920918368
APTOS 2019,0,No DR,83.88458186155329,19.557949791901923,193.65439433115571,0.47592474489795916
APTOS 2019,3,Severe NPDR,67.06272724670045,15.282973704518785,96.8266540387015,0.7355707908163265
APTOS 2019,2,Moderate NPDR,79.84192371144329,9.941030355355538,71.90367015424614,0.8333466198979592
APTOS 2019,0,No DR,100.26280312592314,18.62514707510498,157.4059160766599,0.791374362244898
APTOS 2019,2,Moderate NPDR,115.07024179765207,12.915120561879528,119.67775351906513,0.7471500318877551
APTOS 2019,0,No DR,108.13592987723155,16.166726430150888,216.31607037463203,0.7924107142857143
APTOS 2019,2,Moderate NPDR,59.90947747567473,12.355819874622568,104.95083531125283,0.8330078125
APTOS 2019,0,No DR,57.59297525373475,19.966235746373467,137.41981890220922,0.904655612244898
APTOS 2019,0,No DR,144.70871559633028,28.377582204000444,188.95297329980642,0.47592474489795916
APTOS 2019,4,Proliferative DR,86.19433329998999,12.267586111327855,72.94043183633794,0.8331273915816326
APTOS 2019,2,Moderate NPDR,85.1472582480091,27.460216727507884,139.10999552185294,0.9062699298469388
APTOS 2019,0,No DR,107.91403603119117,18.831184320407505,121.66606020290273,0.7908561862244898
APTOS 2019,0,No DR,94.54560628903727,15.785914563773382,137.2054925299545,0.7899992028061225
APTOS 2019,2,Moderate NPDR,90.67117364790563,11.808536460211219,75.73911540611095,0.8335259885204082
APTOS 2019,2,Moderate NPDR,85.31748354059985,12.261012932130866,202.16590561301683,0.7512157206632653
APTOS 2019,0,No DR,115.4635570074439,10.69742132645011,109.52870742752897,0.7927893813775511
APTOS 2019,0,No DR,109.11841682723185,11.726241376559287,100.8114642403746,0.7930683992346939
APTOS 2019,2,Moderate NPDR,111.97953098557498,19.65705679587749,148.91904812416328,0.7911949936224489
APTOS 2019,3,Severe NPDR,114.9234563748984,14.164134922668804,80.22489346961555,0.7468710140306123
APTOS 2019,0,No DR,103.49127048079505,16.74574257085751,236.84437695088042,0.7911352040816326
APTOS 2019,0,No DR,95.27971840068787,15.127315214963865,183.4621975587521,0.7909359056122449
APTOS 2019,0,No DR,85.47367212964238,23.70020666063094,88.1809981978701,0.47548628826530615
APTOS 2019,4,Proliferative DR,118.45410834490865,22.525096211727814,97.36940990110031,0.7939253826530612
APTOS 2019,0,No DR,89.47181500476557,28.752346727560326,216.34137784835477,0.9086017219387755
APTOS 2019,0,No DR,106.31918988269794,18.844046305448618,71.41673517228404,0.47642299107142855
APTOS 2019,2,Moderate NPDR,79.1506531454108,13.797335591955521,90.67457187288576,0.7354512117346939
APTOS 2019,0,No DR,117.34258165019338,12.33615151334398,119.61196095481468,0.7911949936224489
APTOS 2019,0,No DR,112.70083659569904,16.461498763564258,237.55951181590203,0.7921117665816326
APTOS 2019,0,No DR,71.60865362485616,20.79493916160925,186.94764422209306,0.4742904974489796
APTOS 2019,0,No DR,112.6533779264214,12.730606746003337,100.13670890374829,0.793327487244898
APTOS 2019,0,No DR,51.48745369032292,17.3859854950767,44.89636353577846,0.7973333864795918
APTOS 2019,0,No DR,58.43979009390536,16.365258420870248,194.59385728978143,0.47427056760204084
APTOS 2019,3,Severe NPDR,77.7979305690935,18.25362027617129,90.54372703401195,0.8336455676020408
APTOS 2019,1,Mild NPDR,82.49991971924673,22.938291643409485,147.29590447402748,0.9101163903061225
APTOS 2019,0,No DR,104.10747776553725,20.446166735575314,200.37215661836328,0.7908163265306123
APTOS 2019,1,Mild NPDR,90.77336232536052,11.036785008223493,65.3737121944061,0.8336455676020408
APTOS 2019,0,No DR,103.80541614106659,11.85537265940132,100.93369056229831,0.7914939413265306
APTOS 2019,2,Moderate NPDR,91.82802851689682,14.803531012761848,131.3975029017586,0.7458545918367347
APTOS 2019,2,Moderate NPDR,109.01956533978942,10.579253080722859,33.747590023051316,0.7442203443877551
APTOS 2019,0,No DR,57.911710623095516,17.25638176003435,68.59652921169176,0.7975127551020408
APTOS 2019,0,No DR,93.06708544737054,15.965767446026119,152.9633332932436,0.791374362244898
APTOS 2019,0,No DR,107.18844747876572,12.06554398922388,121.94882239801798,0.7908362563775511
APTOS 2019,2,Moderate NPDR,106.67075326132698,9.273651712399973,99.91946320617222,0.7462133290816326
APTOS 2019,2,Moderate NPDR,78.1390528105621,19.78721051394047,68.40278351479459,0.8331871811224489
APTOS 2019,2,Moderate NPDR,48.91445840246504,24.241759683393298,35.898298527732734,0.8852040816326531
APTOS 2019,0,No DR,56.040897698792435,22.421001077752166,117.85957573151586,0.9053730867346939
APTOS 2019,2,Moderate NPDR,76.64670372866128,12.182992229710502,93.91576687913062,0.7455755739795918
APTOS 2019,2,Moderate NPDR,105.83600718012005,11.07874806136639,81.41888586208046,0.7463926977040817
APTOS 2019,0,No DR,98.65728583233863,20.41284106574747,119.5587863447449,0.47554607780612246
APTOS 2019,0,No DR,70.34045905772362,28.24403788321932,231.2015127833908,0.7977120535714286
APTOS 2019,0,No DR,104.16762804174604,17.717171742403263,183.0468337236265,0.7918327487244898
APTOS 2019,0,No DR,125.18662583417131,19.709132510597204,53.51435533214503,0.4776187818877551
APTOS 2019,0,No DR,74.72692166237587,19.220737174375284,123.5118587612426,0.4749083227040816
APTOS 2019,0,No DR,112.31366059937488,14.236268321673691,84.05317843100032,0.4749282525510204
APTOS 2019,1,Mild NPDR,95.75505921151252,14.961641355476655,144.99334276222177,0.8337252869897959
APTOS 2019,0,No DR,97.53395916830299,15.10952329428504,128.1999390420287,0.7904177295918368
APTOS 2019,3,Severe NPDR,97.01458756603007,17.003496261962976,80.09242600289836,0.9895368303571429
APTOS 2019,0,No DR,102.45461383478845,17.20145992373011,169.13023124024355,0.7911352040816326
APTOS 2019,1,Mild NPDR,77.9840579710145,11.42577881432512,78.60163250208979,0.8337053571428571
APTOS 2019,2,Moderate NPDR,62.976434356108136,19.83606973477525,71.50499966816415,0.9044961734693877
APTOS 2019,0,No DR,102.55557597757662,20.8890940314183,94.84403201111122,0.47506776147959184
APTOS 2019,0,No DR,101.55526689343012,13.76691615681772,149.5976660372741,0.7925103635204082
APTOS 2019,0,No DR,96.52456156459462,25.108319519584636,184.90352440495562,0.47544642857142855
APTOS 2019,3,Severe NPDR,82.82309422644339,18.176406440372027,160.50084746309048,0.8335857780612245
APTOS 2019,2,Moderate NPDR,91.65820006908744,20.61618485251243,76.89299575274177,0.9894571109693877
APTOS 2019,0,No DR,117.06008214985637,14.463579561287744,105.17855231672019,0.7915138711734694
APTOS 2019,2,Moderate NPDR,86.69260814660362,20.327032803401007,184.7728076065294,0.7148038903061225
APTOS 2019,0,No DR,58.50759127922249,19.75310657829731,122.22149019933349,0.7975326849489796
APTOS 2019,0,No DR,114.32227170297242,16.351312611969547,146.8288279943334,0.7917530293367347
APTOS 2019,0,No DR,101.29142201834863,13.763973043462652,112.03413975044188,0.47580516581632654
APTOS 2019,0,No DR,101.76784662346704,17.957746892031455,154.09343474661327,0.7923309948979592
APTOS 2019,0,No DR,112.72005047521881,21.08488708180736,148.4149960345414,0.7912149234693877
APTOS 2019,0,No DR,96.7109960009662,18.88333293196565,172.0150400334683,0.7916733099489796
APTOS 2019,0,No DR,78.18619189317596,16.273198032294694,132.3020096678113,0.8331672512755102
APTOS 2019,0,No DR,109.21058429338596,30.443120391391037,149.69319027880834,0.47554607780612246
APTOS 2019,2,Moderate NPDR,81.7382875960483,21.389160404224373,82.81482541109335,0.9684311224489796
APTOS 2019,1,Mild NPDR,115.68093929552835,15.3913239936126,124.39868364028001,0.8338050063775511
APTOS 2019,0,No DR,82.87603895045632,36.91523441345467,199.17848516150693,0.9954161352040817
APTOS 2019,0,No DR,107.14322587583685,16.4505845141401,125.34020800139967,0.7905771683673469
APTOS 2019,3,Severe NPDR,84.31440754039497,15.256672283144686,59.54653716651786,0.7462531887755102
APTOS 2019,0,No DR,108.63045974371929,11.71156414889432,79.78053498395147,0.4752670599489796
APTOS 2019,0,No DR,95.31957200587803,29.761223022175596,142.99797813628146,0.4753268494897959
APTOS 2019,0,No DR,109.97519564321999,23.62444961781271,42.43171940457415,0.47696109693877553
APTOS 2019,0,No DR,83.81063351529886,17.863608391219792,133.01358323208345,0.47592474489795916
APTOS 2019,0,No DR,91.55503859290536,17.2152480818655,218.364453006732,0.7906170280612245
APTOS 2019,2,Moderate NPDR,66.80221705077196,15.524251843644173,92.3665178494196,0.832649075255102
APTOS 2019,4,Proliferative DR,84.15879250364718,11.294634562622708,217.99377457948006,0.7461136798469388
APTOS 2019,2,Moderate NPDR,95.91354513691395,13.049287507243886,38.01874664945389,0.9896364795918368
APTOS 2019,1,Mild NPDR,78.5557305730573,13.401941300307135,76.12087679415006,0.8331473214285714
APTOS 2019,0,No DR,104.82501807664498,12.908293863130998,140.98406124249922,0.7925103635204082
APTOS 2019,3,Severe NPDR,93.87141429285357,14.954833129520694,93.09651272502181,0.8337651466836735
APTOS 2019,0,No DR,61.605205105310155,18.858829374013727,144.6888216754273,0.7977120535714286
APTOS 2019,0,No DR,97.28623971311664,18.757060334139876,119.53319736479098,0.4748485331632653
APTOS 2019,0,No DR,87.13223987698616,35.321196767849486,122.31421403010351,0.9948580994897959
APTOS 2019,0,No DR,110.66960884262488,11.137164771634291,109.90141388568658,0.7917928890306123
APTOS 2019,2,Moderate NPDR,100.79821633900777,7.674878128382919,47.4020280159631,0.7457748724489796
APTOS 2019,2,Moderate NPDR,97.7269892986546,16.14759878933455,92.89546571492244,0.7450773278061225
APTOS 2019,0,No DR,106.35564238106183,21.176257823837467,120.952444663178,0.4749083227040816
APTOS 2019,2,Moderate NPDR,111.79291818681594,14.23049523655971,193.6968176211604,0.8336654974489796
APTOS 2019,0,No DR,78.18091641261319,25.665344519106085,120.13099958943329,0.9063895089285714
APTOS 2019,0,No DR,112.15170544507957,16.964964987008123,194.75574384459497,0.7915736607142857
APTOS 2019,3,Severe NPDR,69.32933871222907,24.58934726490451,133.0554007737722,0.5466757015306123
APTOS 2019,2,Moderate NPDR,94.14874067985674,21.857870262807797,121.84751948852993,0.7151825573979592
APTOS 2019,0,No DR,107.28658356788634,14.107391672488028,101.30080620917553,0.7921316964285714
APTOS 2019,0,No DR,105.09774274837811,16.476829663711623,137.48680002047723,0.7920918367346939
APTOS 2019,2,Moderate NPDR,54.94183193923093,16.83424727912378,84.24401301952476,0.7138073979591837
APTOS 2019,1,Mild NPDR,58.7311974184626,19.488818982403604,91.92836680843831,0.9015664859693877
APTOS 2019,0,No DR,58.78914871255912,15.251290546444329,28.933740055321003,0.7973533163265306
APTOS 2019,0,No DR,98.92442032295332,16.119366190119482,197.63718789900648,0.7909757653061225
APTOS 2019,0,No DR,93.92988354266964,19.570728815870122,229.9794208338535,0.7905572385204082
APTOS 2019,0,No DR,65.28878297949969,26.116362127833533,258.3552989741082,0.9048349808673469
APTOS 2019,0,No DR,83.00767015636355,15.843110160889474,160.70918393018582,0.7902981505102041
APTOS 2019,0,No DR,46.205190240339626,14.9394989062666,65.36864063757098,0.9042570153061225
APTOS 2019,2,Moderate NPDR,61.182250084336,9.295986664257335,72.99397284432817,0.7520129145408163
APTOS 2019,2,Moderate NPDR,113.15886278248192,10.648505854461344,126.7243533930784,0.7460339604591837
APTOS 2019,2,Moderate NPDR,76.1184217102304,16.836047379559297,71.6802979871762,0.8335857780612245
APTOS 2019,2,Moderate NPDR,85.85562171059316,17.967245577504404,55.21640878195393,0.9894172512755102
APTOS 2019,0,No DR,106.88163023899777,17.8059665722481,223.58194511931518,0.7908362563775511
APTOS 2019,0,No DR,69.61435145815616,8.442119896867826,102.74673339446653,0.8329679528061225
APTOS 2019,0,No DR,95.50042929970486,13.24423875854319,120.54395005402603,0.7917131696428571
APTOS 2019,1,Mild NPDR,71.87565026010404,13.70657840031233,68.94871180702673,0.8330277423469388
APTOS 2019,0,No DR,75.37368399407798,25.59904354879468,145.29749043173086,0.9968112244897959
APTOS 2019,2,Moderate NPDR,106.00937970091142,16.22761677005899,65.48879971522936,0.7151825573979592
APTOS 2019,0,No DR,111.15139826422372,24.963693929365096,244.0105488738961,0.4754264987244898
APTOS 2019,1,Mild NPDR,68.7213,10.026523640325195,77.830913074375,0.8332270408163265
APTOS 2019,2,Moderate NPDR,82.39898686357002,13.307728545944451,90.89164998580223,0.7357501594387755
APTOS 2019,3,Severe NPDR,42.996442092779276,10.535308950584664,25.731900091579814,0.9045758928571429
APTOS 2019,4,Proliferative DR,76.30808270206755,14.909313183780494,78.19366373806587,0.8332469706632653
APTOS 2019,0,No DR,103.4897224386705,13.771021488254405,105.30942108898712,0.7909956951530612
APTOS 2019,2,Moderate NPDR,86.96119320881154,10.22022130670978,48.60639129338195,0.8332270408163265
APTOS 2019,0,No DR,94.93949386091899,13.416062615029784,182.56183485038562,0.7920918367346939
APTOS 2019,0,No DR,105.38838550247117,12.69168382032719,97.03786334659982,0.4770607461734694
APTOS 2019,1,Mild NPDR,114.23179072437722,13.428264832951381,107.24918462213036,0.8345025510204082
APTOS 2019,0,No DR,112.69575878422074,21.06585909965216,161.85044775528672,0.7895208864795918
APTOS 2019,2,Moderate NPDR,96.20097680811863,20.136273438987388,124.29445496786217,0.7210419323979592
APTOS 2019,0,No DR,106.96018848223609,15.110875771393511,154.01438398413072,0.792610012755102
APTOS 2019,2,Moderate NPDR,76.27284613854069,17.729400860382825,62.936258538410094,0.7387595663265306
APTOS 2019,0,No DR,104.21387004210357,13.299054472389729,119.15342459922931,0.7919523278061225
APTOS 2019,0,No DR,93.77785240308411,13.019288336077965,103.70649538845187,0.7911750637755102
APTOS 2019,3,Severe NPDR,68.40374799839871,14.968295924053681,126.12995468870594,0.8326291454081632
APTOS 2019,3,Severe NPDR,103.49886394846571,16.403921160965936,132.0487268984473,0.8345025510204082
APTOS 2019,0,No DR,93.5025044866472,16.204014498611954,145.3032876274813,0.7924107142857143
APTOS 2019,0,No DR,87.71705267693633,18.60916564649044,155.11681475576725,0.9749880420918368
APTOS 2019,2,Moderate NPDR,96.85765796703296,12.426093314647694,55.40587946912732,0.7358896683673469
APTOS 2019,4,Proliferative DR,86.77402655863156,11.498796669876931,82.27077609586159,0.8330676020408163
APTOS 2019,4,Proliferative DR,109.88951988777772,29.72753304973273,55.13896448084825,0.9131457270408163
APTOS 2019,0,No DR,101.36597274385663,13.620361809321883,178.63082081106552,0.7918327487244898
APTOS 2019,2,Moderate NPDR,81.54754523420326,17.44099079598414,41.451908822898,0.7434829400510204
APTOS 2019,2,Moderate NPDR,54.469608602542486,21.32381922346514,103.72521577698514,0.9054727359693877
APTOS 2019,3,Severe NPDR,104.52847864101923,17.10844679230108,171.9084060649242,0.8338448660714286
APTOS 2019,0,No DR,98.76615714668812,16.66383903901937,112.66394635308582,0.7916733099489796
APTOS 2019,2,Moderate NPDR,107.68759521490472,8.481712108253062,59.8362223350321,0.8340640943877551
APTOS 2019,2,Moderate NPDR,77.14877261888063,9.25502529999064,88.46062177366973,0.7462731186224489
APTOS 2019,0,No DR,64.98098029858886,18.65782207415606,86.66400269721198,0.9076450892857143
APTOS 2019,0,No DR,106.4044551798175,12.233660502367036,113.31634921468412,0.791374362244898
APTOS 2019,2,Moderate NPDR,108.6712728088124,13.061396162847206,101.95165707916799,0.7462731186224489
APTOS 2019,0,No DR,108.18701828826167,19.7726093736156,171.34134322181762,0.7909558354591837
APTOS 2019,2,Moderate NPDR,85.67826013844903,14.214396141259142,96.44607046910289,0.7542849170918368
APTOS 2019,4,Proliferative DR,83.13023282002196,14.86155960002031,79.19736023000294,0.7507374043367347
APTOS 2019,0,No DR,67.86420186209688,13.71373252214155,149.36325044328945,0.7885243941326531
APTOS 2019,0,No DR,63.293117063280334,17.133338950759093,71.4756639009217,0.9835578762755102
APTOS 2019,1,Mild NPDR,73.40160431816479,11.589100044789237,70.04990996376581,0.8335658482142857
APTOS 2019,1,Mild NPDR,118.71675326499087,10.128158487388804,56.99756292818023,0.7454161352040817
APTOS 2019,0,No DR,104.88115271915912,20.407844301635507,135.60727961613782,0.7908163265306123
APTOS 2019,0,No DR,107.2405731869747,15.231337966682345,83.49213858634546,0.4752670599489796
APTOS 2019,0,No DR,100.69852132141803,10.810129506237473,140.2501211710286,0.7917330994897959
APTOS 2019,0,No DR,114.76799247514109,18.829946700532755,166.97434795690634,0.7911352040816326
APTOS 2019,4,Proliferative DR,98.11393008326091,10.65831085920728,114.21232280444366,0.7467514349489796
APTOS 2019,1,Mild NPDR,69.93471795256305,13.068921837123998,87.28513112944077,0.8335259885204082
APTOS 2019,2,Moderate NPDR,130.72858149035076,18.513893508026346,75.49385779501749,0.7440409757653061
APTOS 2019,1,Mild NPDR,74.656,12.196153655968754,62.754103474375,0.8333466198979592
APTOS 2019,3,Severe NPDR,100.404865377891,14.83171593235208,50.63914664267408,0.8339644451530612
APTOS 2019,0,No DR,119.20424310696278,13.008478589006291,128.30775393434226,0.7920918367346939
APTOS 2019,0,No DR,109.26531872616938,18.682909531925965,228.82095748704728,0.7913942920918368
APTOS 2019,0,No DR,101.06608956663898,16.669325153409805,181.69134597304506,0.7922911352040817
APTOS 2019,0,No DR,100.80618429521562,11.585375991616734,117.41359991524826,0.7922512755102041
APTOS 2019,2,Moderate NPDR,98.12667079041498,14.860132292042604,295.34546499688446,0.7905771683673469
APTOS 2019,0,No DR,111.66482247408283,12.75570177688066,121.19271128941786,0.7910754145408163
APTOS 2019,2,Moderate NPDR,76.196675,10.665685348085935,90.485512109375,0.8333466198979592
APTOS 2019,2,Moderate NPDR,29.681569739520206,10.160074691245034,26.736271201334972,0.9031409438775511
APTOS 2019,1,Mild NPDR,77.74594837935174,12.928771977603903,89.32752617290915,0.8331074617346939
APTOS 2019,0,No DR,83.86951729205897,13.96137387360094,138.6332770391202,0.4753467793367347
APTOS 2019,2,Moderate NPDR,103.61215045017249,8.390961529636039,46.905841341533,0.746452487244898
APTOS 2019,2,Moderate NPDR,35.83957048206534,12.564994350304772,32.592727233437046,0.9034000318877551
APTOS 2019,0,No DR,98.27049003769521,18.833272566093495,227.39213629881147,0.7897799744897959
APTOS 2019,0,No DR,52.024353080257455,19.010420742320992,62.21375733493122,0.7974529655612245
APTOS 2019,0,No DR,78.72788420024087,35.29391036597192,246.68421194830236,0.9074258609693877
APTOS 2019,1,Mild NPDR,85.28094293897334,38.506323293581616,184.28999029002327,0.9393136160714286
APTOS 2019,0,No DR,109.53235381020173,13.375459087254798,99.08371836905985,0.7910953443877551
APTOS 2019,3,Severe NPDR,88.35165192182735,13.31935549545901,64.78515984255314,0.8335060586734694
APTOS 2019,0,No DR,103.53449701423978,26.182917734831836,159.32195291991758,0.47520727040816324
APTOS 2019,0,No DR,45.3250346724871,17.567794637208102,62.97999674168724,0.9069076849489796
APTOS 2019,4,Proliferative DR,95.8810245188801,12.488320779577878,112.03251407185965,0.7461933992346939
APTOS 2019,0,No DR,105.12210972957006,21.92488633836264,231.654530207389,0.7912348533163265
APTOS 2019,1,Mild NPDR,95.4522159548751,13.73938042981993,154.99398398525793,0.7910554846938775
APTOS 2019,1,Mild NPDR,69.2991400311115,13.41607004828815,79.68575606731028,0.7183514030612245
APTOS 2019,0,No DR,110.97140636724194,19.873186021208525,262.1541843103422,0.7920121173469388
APTOS 2019,0,No DR,91.56576104445364,19.745202891544068,190.03695229571744,0.4748684630102041
APTOS 2019,0,No DR,56.58129800837128,11.933534781016292,29.464340785426643,0.47464923469387754
APTOS 2019,2,Moderate NPDR,90.77402699441592,13.654616705751257,61.20591100488934,0.7458545918367347
APTOS 2019,0,No DR,113.50383572970738,22.851299893594277,137.3727895655374,0.47518734056122447
APTOS 2019,0,No DR,104.18115455838544,13.453947412078985,132.53447307392977,0.7915338010204082
APTOS 2019,2,Moderate NPDR,92.71787821217879,13.258396239005801,138.86659778927617,0.8333864795918368
APTOS 2019,0,No DR,100.846895736507,16.346097965596147,164.61255409252206,0.7910355548469388
APTOS 2019,4,Proliferative DR,112.38168606102981,13.270414602590442,55.31065308519035,0.8341238839285714
APTOS 2019,0,No DR,99.05882510585839,12.177914409701373,148.67498457604938,0.7921516262755102
APTOS 2019,0,No DR,96.55573154362416,16.46792187988591,223.09121136453314,0.7913145727040817
APTOS 2019,0,No DR,56.55559057599874,22.731534922189756,167.16158500298957,0.7976124043367347
APTOS 2019,0,No DR,110.70901518205025,21.323363957744654,212.01639760852373,0.7908561862244898
APTOS 2019,0,No DR,100.74041353383458,18.500683339798993,192.4374743326015,0.7912747130102041
APTOS 2019,3,Severe NPDR,98.82998346088078,9.271979759411499,92.85734034139854,0.7467912946428571
APTOS 2019,0,No DR,77.54357231849586,19.70695289149042,147.61813909287218,0.9164540816326531
APTOS 2019,0,No DR,101.19620304078514,15.817557988072812,158.73213546368083,0.7920320471938775
APTOS 2019,2,Moderate NPDR,77.45042135243855,14.958804101210868,130.76424815838737,0.7149234693877551
APTOS 2019,0,No DR,117.58251581553131,20.890697497528798,210.45461865093472,0.47610411352040816
APTOS 2019,0,No DR,100.37971698113208,14.04449001076972,150.09483516298246,0.7921516262755102
APTOS 2019,2,Moderate NPDR,89.51505035486858,12.38168080085337,104.7641812049768,0.7463129783163265
APTOS 2019,0,No DR,92.10646510131875,19.42700574319971,229.21541071599566,0.47506776147959184
APTOS 2019,0,No DR,80.09038387759247,21.061318432924967,205.73620274280447,0.9272161989795918
APTOS 2019,4,Proliferative DR,96.5701897757196,19.439987193636387,125.44880986543072,0.9084024234693877
APTOS 2019,2,Moderate NPDR,85.15045779620098,34.49520469823984,173.81411348877702,0.9056122448979592
APTOS 2019,2,Moderate NPDR,108.87245788163955,10.678493029069136,100.32493424674992,0.7362284757653061
APTOS 2019,0,No DR,104.40137479190162,16.878214577345105,192.15174641297264,0.7911750637755102
APTOS 2019,0,No DR,103.60297493136505,25.212660605299323,225.79437899593827,0.9401307397959183
APTOS 2019,0,No DR,109.32791553609327,19.684726918928256,131.5469814393339,0.7910355548469388
APTOS 2019,1,Mild NPDR,86.33205057724024,14.29141290359317,45.894973482633496,0.8336854272959183
APTOS 2019,2,Moderate NPDR,65.46837564086532,9.585393128895923,86.85131810261035,0.8329679528061225
APTOS 2019,2,Moderate NPDR,103.48592991611257,10.833560727655959,56.103683930034265,0.7461136798469388
APTOS 2019,4,Proliferative DR,66.00154737789782,10.383214006253422,59.10715441076755,0.7510961415816326
APTOS 2019,2,Moderate NPDR,87.20680860818982,17.473805581145022,144.1955989512894,0.7351522640306123
APTOS 2019,2,Moderate NPDR,109.07183730715288,14.244842598764407,67.37930191337394,0.7459542410714286
APTOS 2019,2,Moderate NPDR,104.3202355910812,9.09682340413539,107.39487983293047,0.7463528380102041
APTOS 2019,0,No DR,113.13839488674351,14.640548068767343,117.92145624291334,0.7932278380102041
APTOS 2019,1,Mild NPDR,59.14994449070219,18.526571565219715,73.11890553686372,0.8954280931122449
APTOS 2019,0,No DR,121.4102892127747,25.092929673683194,44.19026414847794,0.4777981505102041
APTOS 2019,2,Moderate NPDR,118.53009708737864,14.864072043486109,222.4223150848468,0.7444794323979592
APTOS 2019,3,Severe NPDR,73.59935149669816,21.97960315871542,165.11478017115542,0.5468152104591837
APTOS 2019,0,No DR,44.98909730979403,10.073451444589582,29.332404185950136,0.7974131058673469
APTOS 2019,4,Proliferative DR,89.11328079049524,15.760156493945473,189.63621175711305,0.7169762436224489
APTOS 2019,2,Moderate NPDR,63.81338656436792,15.40568044133302,96.29222088130133,0.9474051339285714
APTOS 2019,2,Moderate NPDR,136.6323389489002,14.54691515416038,73.76509244414294,0.7474489795918368
APTOS 2019,4,Proliferative DR,70.38117663117663,20.08929718409785,50.576687717652554,0.9064891581632653
APTOS 2019,2,Moderate NPDR,81.19728196776549,17.049816425856374,80.68412863471129,0.7452168367346939
APTOS 2019,2,Moderate NPDR,85.05581469430476,20.48751101283048,196.10348494694085,0.90625
APTOS 2019,1,Mild NPDR,87.40343294023586,10.568573809007365,111.85489495828787,0.8336854272959183
APTOS 2019,0,No DR,100.33933644208608,15.906035489679262,161.27060109120495,0.7921516262755102
APTOS 2019,0,No DR,104.07765319566562,19.47359994513687,185.21545527980362,0.7908362563775511
APTOS 2019,0,No DR,87.41026228906823,13.189397850870545,75.88051316315095,0.47622369260204084
APTOS 2019,0,No DR,59.753631563739525,19.320195789317964,76.04117474211868,0.7975326849489796
APTOS 2019,0,No DR,108.63948256467941,16.585570613454028,169.08511160127048,0.7924107142857143
APTOS 2019,4,Proliferative DR,73.626525,15.475872880854734,83.650254069375,0.8332868303571429
APTOS 2019,2,Moderate NPDR,130.05035148404374,10.626198444522519,80.90919705749101,0.7496213329081632
APTOS 2019,2,Moderate NPDR,131.43457419969727,14.490134633156503,128.67040424817222,0.7467912946428571
APTOS 2019,0,No DR,92.64857825631663,14.643115099285929,153.62343406031383,0.7913345025510204
APTOS 2019,4,Proliferative DR,68.64574659615168,13.398042242060336,106.34619345849137,0.751335299744898
APTOS 2019,0,No DR,104.76749253490436,17.320389599879665,126.48066992378781,0.7905173788265306
APTOS 2019,4,Proliferative DR,77.96475088122797,10.396187063098038,111.46712443661123,0.8333864795918368
APTOS 2019,0,No DR,103.39919419822724,9.190643819240268,69.09002401316698,0.7911949936224489
APTOS 2019,0,No DR,95.59166628424579,10.399086753403628,94.5148196311819,0.47572544642857145
APTOS 2019,0,No DR,85.80773168103448,18.14542753523944,241.88388729644308,0.789680325255102
APTOS 2019,0,No DR,85.96311949820982,15.368547394043102,148.67704365441267,0.7899194834183674
APTOS 2019,1,Mild NPDR,86.23581343003626,16.43340984820008,134.08417712725804,0.8329679528061225
APTOS 2019,0,No DR,85.67376560974999,17.193154885055026,76.52863050839979,0.8325494260204082
APTOS 2019,0,No DR,50.2002995034548,19.10487960665672,136.20352361851062,0.7973931760204082
APTOS 2019,1,Mild NPDR,87.36223188840557,20.097687320849698,158.30508922593967,0.8334861288265306
APTOS 2019,0,No DR,101.04385775862069,17.833808790602397,91.13279745095127,0.7897999043367347
APTOS 2019,1,Mild NPDR,97.24485005867813,13.302708239345518,59.570376418728,0.8342235331632653
APTOS 2019,3,Severe NPDR,77.14124618692804,16.122407305047457,103.43670418643009,0.8331473214285714
APTOS 2019,2,Moderate NPDR,123.56324287956942,12.020658243362305,98.23705328018893,0.7465122767857143
APTOS 2019,0,No DR,105.28822486161123,18.277086081807763,267.0931792622104,0.7909956951530612
APTOS 2019,1,Mild NPDR,120.88532866783304,12.272096239504991,67.66729173805024,0.8335060586734694
APTOS 2019,3,Severe NPDR,67.43569320688766,14.434055546793362,106.38519458033032,0.7351124043367347
APTOS 2019,0,No DR,117.90591422536505,23.55172451296435,220.3624944580356,0.47536670918367346
APTOS 2019,1,Mild NPDR,71.02384467185428,16.08750519362654,67.26228983783642,0.8327885841836735
APTOS 2019,4,Proliferative DR,97.88225887056471,19.963866161615417,96.99692338925492,0.8337053571428571
APTOS 2019,2,Moderate NPDR,36.12579767159946,14.022860267025772,35.621966541858534,0.9026426977040817
APTOS 2019,4,Proliferative DR,83.12177880417946,12.933564249396921,43.17268157571551,0.7503985969387755
APTOS 2019,0,No DR,119.02108793531195,16.396957325380654,122.35697782860608,0.47512755102040816
APTOS 2019,1,Mild NPDR,96.37708394856237,15.921110008689386,189.31761228975128,0.7911551339285714
APTOS 2019,0,No DR,104.9066924066924,13.47285162259528,127.5686185293298,0.7922114158163265
APTOS 2019,0,No DR,97.41524840589018,17.744687853992765,181.80447633903694,0.4758848852040816
APTOS 2019,0,No DR,121.8138523489933,13.472173909855597,113.22570563055717,0.7914740114795918
APTOS 2019,2,Moderate NPDR,61.0544005465103,20.634094212024095,40.74547736498768,0.9057517538265306
APTOS 2019,0,No DR,46.92342383381924,14.136253024572603,71.84069728657582,0.9055923150510204
APTOS 2019,2,Moderate NPDR,126.03267820475213,21.01543077801559,75.64979353739058,0.7156409438775511
APTOS 2019,4,Proliferative DR,87.88722537429078,14.542346648902893,143.74286587587326,0.8335658482142857
APTOS 2019,2,Moderate NPDR,83.48332164398934,11.487688598294644,57.412024015044786,0.7461535395408163
APTOS 2019,0,No DR,97.7109781617213,14.879324788379298,131.06854654496271,0.7917928890306123
APTOS 2019,1,Mild NPDR,72.30555,15.977676276527196,94.551418609375,0.8332469706632653
APTOS 2019,0,No DR,102.31442994468611,16.501835171370633,153.97422758995938,0.7913544323979592
APTOS 2019,0,No DR,91.4311137680493,17.930193216182516,88.68713928548858,0.4747289540816326
APTOS 2019,0,No DR,108.5200878508678,14.236661471010338,128.95765763681638,0.7927893813775511
APTOS 2019,4,Proliferative DR,99.03629228609894,17.3774079367114,141.37861913072842,0.7354910714285714
APTOS 2019,4,Proliferative DR,112.42143037371387,8.497604781193543,63.413604665468114,0.7466119260204082
APTOS 2019,2,Moderate NPDR,75.67959480635774,10.975372027858516,103.87034325395662,0.755500637755102
APTOS 2019,2,Moderate NPDR,106.25870479394449,8.975199721508835,37.23634930953294,0.7460738201530612
APTOS 2019,0,No DR,95.72300939298142,34.086206716318635,267.6995803149807,0.9066286670918368
APTOS 2019,2,Moderate NPDR,66.99351845534557,23.141735128824845,24.003679740497464,0.9066286670918368
APTOS 2019,0,No DR,109.16585545045459,16.94080998065525,209.71709628120172,0.47544642857142855
APTOS 2019,0,No DR,82.22615725541694,26.86683318732693,99.4090281215901,0.9945392219387755
APTOS 2019,0,No DR,108.10217939771324,17.580594384620568,185.65383080545544,0.7915736607142857
APTOS 2019,4,Proliferative DR,94.27536516302672,8.170251954492032,69.68993444976745,0.7466318558673469
APTOS 2019,2,Moderate NPDR,85.5847404269933,13.866005726497853,128.27262898084763,0.7358099489795918
APTOS 2019,0,No DR,93.00008071242164,21.81820911450805,170.92804914491023,0.7902383609693877
APTOS 2019,2,Moderate NPDR,86.40745124411566,14.230822072751744,170.19008986757683,0.7903380102040817
APTOS 2019,0,No DR,72.11723280861641,17.583378531750768,99.24189214759618,0.47433035714285715
APTOS 2019,0,No DR,54.242707731118934,19.338494181639692,50.746984856607085,0.7972138073979592
APTOS 2019,2,Moderate NPDR,114.37440758293839,22.346596548605678,156.4952151357262,0.7463129783163265
APTOS 2019,0,No DR,103.55168926683521,12.903080231064846,94.10417600869592,0.4749083227040816
APTOS 2019,2,Moderate NPDR,81.99410844523901,15.932420751115504,45.96072661622454,0.9895368303571429
APTOS 2019,0,No DR,99.98843293858441,13.557103517137225,93.91264440760057,0.4755261479591837
APTOS 2019,0,No DR,110.94124114996782,19.856845438111414,161.46393487964235,0.7917131696428571
APTOS 2019,0,No DR,66.12056070580859,13.77889880703935,43.22874590264075,0.9496970663265306
APTOS 2019,0,No DR,50.28237196765499,14.831810600682717,35.3921328004301,0.9734335140306123
APTOS 2019,1,Mild NPDR,92.50008744971642,13.45400174292695,59.005987601653445,0.8338249362244898
APTOS 2019,0,No DR,118.46428667149098,18.077841271717773,157.0450451950797,0.7925900829081632
APTOS 2019,3,Severe NPDR,69.24756559562228,10.253013569411523,99.68436999165789,0.7460738201530612
APTOS 2019,0,No DR,94.12991366642174,25.268197218992697,100.10291098767102,0.47530691964285715
APTOS 2019,0,No DR,53.98105871535531,19.555496071306173,99.40538687746937,0.7974529655612245
APTOS 2019,1,Mild NPDR,80.42620696552241,12.544476415463055,46.97345309748894,0.8332868303571429
APTOS 2019,2,Moderate NPDR,97.27125161441822,16.74272158849073,85.11239197130124,0.7151028380102041
APTOS 2019,0,No DR,63.388269310202396,27.965563720709582,101.43776635968433,0.47562579719387754
APTOS 2019,2,Moderate NPDR,72.99047928432205,14.30406975060034,121.49141252921268,0.8336654974489796
APTOS 2019,0,No DR,98.86187302847354,29.319753218869316,221.82035906616065,0.9878627232142857
APTOS 2019,0,No DR,97.45351863279049,15.265601840415973,150.27307350270507,0.7917330994897959
APTOS 2019,3,Severe NPDR,101.26467217326008,25.427490351185746,256.0945950688453,0.5471141581632653
APTOS 2019,0,No DR,105.35679631168414,13.984774051817247,214.3298750203771,0.7921316964285714
APTOS 2019,0,No DR,104.66466391288021,20.68288182185997,155.5623121207848,0.7919921875
APTOS 2019,2,Moderate NPDR,98.51234451817425,12.565914733350347,159.3958500859407,0.7910953443877551
APTOS 2019,0,No DR,115.82603566161684,17.695447805084164,160.01002725234454,0.7920719068877551
APTOS 2019,2,Moderate NPDR,83.50083710237637,9.488432622459415,74.41741929124309,0.8337850765306123
APTOS 2019,0,No DR,66.11842548698016,21.932232487471964,104.06261643588583,0.9440569196428571
APTOS 2019,2,Moderate NPDR,114.54110491352972,9.532078762720284,97.52061403696118,0.7468112244897959
APTOS 2019,2,Moderate NPDR,75.4819361452109,12.712262784158645,160.2796529063629,0.8332270408163265
APTOS 2019,4,Proliferative DR,52.34342489505384,20.15389969601617,57.234554512836375,0.9044563137755102
APTOS 2019,2,Moderate NPDR,98.16535388927821,8.886810739124835,58.263779932614035,0.7468112244897959
APTOS 2019,4,Proliferative DR,59.96713348984053,13.758095545259112,163.9183146680103,0.7887834821428571
APTOS 2019,0,No DR,72.64801712089448,33.05371277872015,467.00766986660597,0.9493383290816326
APTOS 2019,0,No DR,97.91226511602865,14.391370150508493,116.77182974080178,0.7897401147959183
APTOS 2019,0,No DR,119.24441077904788,18.355621276293178,302.6400187419538,0.4754663584183674
APTOS 2019,4,Proliferative DR,77.7925902099538,16.077177527189,172.47423982602444,0.7211415816326531
APTOS 2019,2,Moderate NPDR,84.30322453684181,10.086490856728249,78.86013870646418,0.7517737563775511
APTOS 2019,1,Mild NPDR,86.8238455961399,10.880711380638848,50.185721237195786,0.833366549744898
APTOS 2019,2,Moderate NPDR,76.64670372866128,12.182992229710502,93.91576687913062,0.7455755739795918
APTOS 2019,0,No DR,114.79329248629475,21.82112771350127,152.27064984957852,0.7908960459183674
APTOS 2019,0,No DR,89.9768554608747,14.067824541664805,133.4514211966785,0.7906170280612245
APTOS 2019,1,Mild NPDR,96.17473568447099,12.606715531157898,87.53188381723062,0.8336057079081632
APTOS 2019,3,Severe NPDR,86.85589580935807,10.20816289248294,74.60727217150303,0.7457549426020408
APTOS 2019,0,No DR,99.09854433576709,32.45907453502156,217.16407497388298,0.4754663584183674
APTOS 2019,1,Mild NPDR,67.33208409694623,25.844105455357667,69.5966677403611,0.9932437818877551
APTOS 2019,4,Proliferative DR,84.15879250364718,11.294634562622708,217.99377457948006,0.7461136798469388
APTOS 2019,1,Mild NPDR,86.35824349660183,18.112130594555843,128.31450785915328,0.7196468431122449
APTOS 2019,1,Mild NPDR,98.41207757860711,18.196293484257783,119.5413346842931,0.7174346301020408
APTOS 2019,0,No DR,93.9815810022507,21.22914869045919,136.7306892031792,0.47522720025510207
APTOS 2019,0,No DR,90.76424533333333,50.890266820586405,275.1472187646862,0.9756257971938775
APTOS 2019,4,Proliferative DR,116.64438001449673,16.348671755858817,122.23949689052473,0.8334861288265306
APTOS 2019,0,No DR,93.39652029381803,15.087242998676516,116.2968199112205,0.7922114158163265
APTOS 2019,4,Proliferative DR,70.91942971551781,12.504028482549446,131.6541634910567,0.953483737244898
APTOS 2019,0,No DR,103.2445981217878,18.467309929141525,154.541513051941,0.7904177295918368
APTOS 2019,2,Moderate NPDR,63.41218074656189,14.165164539515459,119.62540346179654,0.7457150829081632
APTOS 2019,1,Mild NPDR,62.80205076903839,12.767213143251562,89.06944660331155,0.8331871811224489
APTOS 2019,1,Mild NPDR,82.96717828217179,9.4971141990239,66.0082917234474,0.8333466198979592
APTOS 2019,0,No DR,81.42421878584867,18.355527596672765,192.82948016307813,0.475765306122449
APTOS 2019,0,No DR,96.85745110641814,21.884772642318648,132.03217899303033,0.4754663584183674
APTOS 2019,0,No DR,102.4791106570599,16.08024322579695,131.59203104836362,0.7905970982142857
APTOS 2019,2,Moderate NPDR,106.84772484991304,15.534473025208806,121.44310172612622,0.7461734693877551
APTOS 2019,0,No DR,94.35595318175703,16.87160948622523,170.05664329384112,0.7907366071428571
APTOS 2019,2,Moderate NPDR,95.36766727486315,11.712317244048823,104.95150312042598,0.8334661989795918
APTOS 2019,0,No DR,98.45273220276667,27.315414324031135,153.18070683184163,0.47498804209183676
APTOS 2019,2,Moderate NPDR,69.93947118508522,9.59124797755946,92.24629185802863,0.8335259885204082
APTOS 2019,0,No DR,104.37294038847958,13.241215839695094,96.94785875052546,0.7924705038265306
APTOS 2019,2,Moderate NPDR,112.7059730790802,18.578318048382283,88.16159086691188,0.7464923469387755
APTOS 2019,0,No DR,112.068702904186,14.223034441621834,120.53772271163672,0.7921117665816326
APTOS 2019,3,Severe NPDR,60.445068749714494,17.512878501174495,38.77240453347997,0.9037189094387755
APTOS 2019,0,No DR,95.22455073711396,19.924158549728073,185.67071638450292,0.7901985012755102
APTOS 2019,0,No DR,97.91929730454606,12.796051512311772,96.32824476999228,0.7917729591836735
APTOS 2019,0,No DR,98.03396520861064,18.878218965704857,123.34733714964321,0.47556600765306123
APTOS 2019,0,No DR,94.10950612188746,14.352643382108065,53.677097478477805,0.4760642538265306
APTOS 2019,0,No DR,106.50388573266159,20.457207333446306,166.76349235893764,0.7923907844387755
APTOS 2019,3,Severe NPDR,83.97013752455796,14.168722125784349,112.51054486545024,0.7458346619897959
APTOS 2019,0,No DR,80.05275492854189,12.18203881276365,77.90232966061673,0.4750279017857143
APTOS 2019,2,Moderate NPDR,79.29524582820025,18.713235231473735,300.85669927847937,0.7551219706632653
APTOS 2019,0,No DR,107.47632783882784,18.006462211856807,99.24724569462893,0.4767219387755102
APTOS 2019,0,No DR,111.19915220132536,14.24071706464298,123.17425778377921,0.7915338010204082
APTOS 2019,3,Severe NPDR,100.69886351788135,50.27726031276607,434.93433880103487,0.9849529655612245
APTOS 2019,4,Proliferative DR,63.91119102351094,12.509685773229034,73.84510572050097,0.9060307716836735
APTOS 2019,2,Moderate NPDR,103.68251740399731,16.394379907831077,87.40218419627203,0.7456752232142857
APTOS 2019,2,Moderate NPDR,94.93709496009855,16.149495444048732,83.31506881212148,0.7928093112244898
APTOS 2019,1,Mild NPDR,95.84651151163662,14.559645969948185,133.5318093549803,0.8334263392857143
APTOS 2019,0,No DR,69.44590225766474,15.035942060029388,122.35506231408748,0.7895607461734694
APTOS 2019,2,Moderate NPDR,92.35813416659629,13.50635752043965,123.56148794616686,0.7509566326530612
APTOS 2019,1,Mild NPDR,102.41367679392364,14.093449494069576,112.36438827289275,0.8338050063775511
APTOS 2019,0,No DR,97.82082415516037,16.52001166449399,129.7363674189793,0.7913544323979592
APTOS 2019,2,Moderate NPDR,102.94808096032729,17.791048880138852,74.90121035984973,0.7899593431122449
APTOS 2019,2,Moderate NPDR,104.69911430012893,15.06754509487733,116.94233839894018,0.7467315051020408
APTOS 2019,2,Moderate NPDR,85.53374931681545,29.757267079805157,168.7378997875303,0.9056720344387755
APTOS 2019,0,No DR,53.65513791982394,12.671355170283132,85.58013806408957,0.8330277423469388
APTOS 2019,2,Moderate NPDR,67.06471309526789,21.45043786384856,95.20825303106504,0.8325693558673469
APTOS 2019,0,No DR,103.57277385775227,16.06043643266637,144.60693386406444,0.7917530293367347
APTOS 2019,2,Moderate NPDR,77.68522039325562,13.572842279202499,94.77938085832741,0.8328483737244898
APTOS 2019,1,Mild NPDR,45.92550462808074,19.494945163526683,51.434666271278644,0.9501554528061225
APTOS 2019,0,No DR,60.53973562669215,11.806223355515664,68.29950430899638,0.9063297193877551
APTOS 2019,0,No DR,48.88366319721229,19.171064854169575,47.22683493813964,0.9057916135204082
APTOS 2019,0,No DR,106.45189676450073,16.734374306762255,200.63986224386096,0.7916533801020408
APTOS 2019,0,No DR,79.6807175070085,29.304303888779145,111.35414376330012,0.9974888392857143
APTOS 2019,0,No DR,50.92724593636322,11.600257082771925,108.98940921646422,0.47415098852040816
APTOS 2019,0,No DR,96.62008352838588,20.383159149130957,44.58324660065827,0.4756656568877551
APTOS 2019,3,Severe NPDR,68.7167449496101,23.14057690460775,208.75906315310522,0.9048748405612245
APTOS 2019,2,Moderate NPDR,69.7404768037549,14.559489186932476,79.67117364718975,0.7356106505102041
APTOS 2019,0,No DR,90.40750928345481,12.255842972831815,70.91871335327163,0.47620376275510207
APTOS 2019,3,Severe NPDR,50.22611384399157,12.419474585816516,74.63743733908696,0.7445591517857143
APTOS 2019,0,No DR,99.38238621061137,16.08948086717912,124.28225125847133,0.7899792729591837
APTOS 2019,4,Proliferative DR,83.84776850417312,16.754212858304026,108.97942066556828,0.833625637755102
APTOS 2019,2,Moderate NPDR,91.12357659729624,9.205563522846488,52.76488131071098,0.746452487244898
APTOS 2019,0,No DR,107.17608543981109,14.54345244426705,150.97673390866143,0.7914540816326531
APTOS 2019,4,Proliferative DR,84.93490101717161,21.820265611785132,285.96509800309826,0.9704241071428571
APTOS 2019,0,No DR,100.40972240883562,17.831419720879,184.92080518095509,0.7911750637755102
APTOS 2019,0,No DR,111.84324175319306,15.556717080797632,137.24321303309063,0.47512755102040816
APTOS 2019,0,No DR,105.69805107886705,12.2929925810785,144.58135956693144,0.7927096619897959
APTOS 2019,3,Severe NPDR,132.66556795764976,15.35617691654621,55.88887345705002,0.8342235331632653
APTOS 2019,2,Moderate NPDR,113.14072931276297,11.6962191191894,40.44434892292803,0.7461933992346939
APTOS 2019,0,No DR,98.53055682520905,20.727112532595164,239.21458505346078,0.7906170280612245
APTOS 2019,4,Proliferative DR,95.0972688605328,14.77363322920794,135.0726344986233,0.7553810586734694
APTOS 2019,2,Moderate NPDR,57.51548924168676,11.96278569720782,28.28358942806787,0.9064692283163265
APTOS 2019,0,No DR,108.23962390866353,14.676123392905236,128.62642203109348,0.7911949936224489
APTOS 2019,2,Moderate NPDR,132.23988674273218,13.35427422602195,86.89224806822293,0.7465720663265306
APTOS 2019,0,No DR,97.09732445065276,15.831243827778163,135.73635563351698,0.7910355548469388
APTOS 2019,2,Moderate NPDR,88.54631805229215,14.318899649873593,124.32138573454847,0.8334661989795918
APTOS 2019,0,No DR,92.49035694111951,19.127206699450415,162.31542614924135,0.7903180803571429
APTOS 2019,0,No DR,91.69755428202437,17.31012922637758,161.40799613162983,0.7903579400510204
APTOS 2019,2,Moderate NPDR,101.76107692721068,15.15364122617775,139.95860330277077,0.7909159757653061
APTOS 2019,1,Mild NPDR,87.91785240941259,9.93171960785616,114.5631546099469,0.8331672512755102
APTOS 2019,2,Moderate NPDR,83.49127727604196,9.345503802978591,42.27448727034002,0.7463727678571429
APTOS 2019,0,No DR,110.94712664798567,24.958557356491546,220.1488511956697,0.47518734056122447
APTOS 2019,3,Severe NPDR,71.91397580498453,20.45311127962435,35.67866426602233,0.9068080357142857
APTOS 2019,1,Mild NPDR,80.08001199430271,12.035735833124612,61.63078024582166,0.8335259885204082
APTOS 2019,2,Moderate NPDR,55.965306793108304,33.389280643073,42.40034629779666,0.9009685905612245
APTOS 2019,0,No DR,91.90410902247865,26.752119100516204,212.9655374777673,0.9928651147959183
APTOS 2019,0,No DR,76.0936842672995,13.899902336317167,117.89117217749107,0.7887834821428571
APTOS 2019,2,Moderate NPDR,108.00314795383001,19.295073080570994,97.15393604872368,0.8338050063775511
APTOS 2019,0,No DR,52.49914564964801,25.411711245319694,128.73418123079975,0.9054129464285714
APTOS 2019,2,Moderate NPDR,107.88886707245238,13.643729238936107,104.40650659947632,0.7462930484693877
APTOS 2019,0,No DR,109.49787965000804,14.234380717440752,154.8870052261551,0.7916932397959183
APTOS 2019,0,No DR,64.19746245702913,10.880391292384862,54.078410589458215,0.9231704400510204
APTOS 2019,2,Moderate NPDR,76.75068746843257,11.511228689447801,58.13613598259778,0.7452965561224489
APTOS 2019,2,Moderate NPDR,83.73234930968684,12.193630338208976,74.4022773988604,0.7459542410714286
APTOS 2019,2,Moderate NPDR,47.26925622475295,14.41907574776631,104.56151221707707,0.9042171556122449
APTOS 2019,2,Moderate NPDR,97.57281771052263,14.203104521019569,66.25962236120631,0.7463329081632653
APTOS 2019,4,Proliferative DR,55.418369638445995,11.002169695616088,88.20499618690667,0.7456752232142857
APTOS 2019,1,Mild NPDR,91.61120691809752,11.521564264395526,69.67470397741293,0.8335259885204082
APTOS 2019,0,No DR,93.62868035460015,21.654780186765812,60.035067603708185,0.47524713010204084
APTOS 2019,0,No DR,111.25387934992196,14.77562428322714,85.36141771636323,0.4755261479591837
APTOS 2019,1,Mild NPDR,71.24409645787472,14.807226446641746,111.84597156132384,0.8329081632653061
APTOS 2019,0,No DR,112.61331901181525,14.990073509056979,97.10587933409556,0.7913145727040817
APTOS 2019,1,Mild NPDR,88.08799340049497,8.977285904219102,58.71658523693366,0.833366549744898
APTOS 2019,0,No DR,73.87034571415454,15.363833315518766,141.8199505345102,0.4755261479591837
APTOS 2019,0,No DR,105.0092068178768,17.83498365147504,145.5933776914377,0.7913345025510204
APTOS 2019,0,No DR,113.45160994404183,30.32840118704088,180.67519327801824,0.4758450255102041
APTOS 2019,2,Moderate NPDR,84.33125843707815,13.594368209626587,168.30839437791622,0.833366549744898
APTOS 2019,0,No DR,95.68018331903946,14.05415073043196,166.5249226470811,0.7920918367346939
APTOS 2019,3,Severe NPDR,83.32159823973596,12.671232146268515,184.4301590130253,0.8332270408163265
APTOS 2019,2,Moderate NPDR,94.57934393353388,14.839158202454014,140.04390380413523,0.7351721938775511
APTOS 2019,0,No DR,108.86455848854348,17.31849615161586,118.53080324428329,0.7920719068877551
APTOS 2019,2,Moderate NPDR,74.8262924244594,13.955592777485181,97.83899224747222,0.7355110012755102
APTOS 2019,1,Mild NPDR,60.94291754756871,12.719439868448609,84.19710968441676,0.7149035395408163
APTOS 2019,1,Mild NPDR,77.80105941732047,12.517305032159285,74.35613432763395,0.8336654974489796
APTOS 2019,0,No DR,125.069749993301,16.54428202712383,102.28220949936961,0.792350924744898
APTOS 2019,1,Mild NPDR,55.70156971800235,17.78136047069087,48.82083676252981,0.9026028380102041
APTOS 2019,2,Moderate NPDR,108.40118366431055,17.239493188027453,88.76261453480986,0.7463926977040817
APTOS 2019,1,Mild NPDR,100.75706468780452,12.510362933187592,76.56555589123816,0.8337651466836735
APTOS 2019,1,Mild NPDR,86.8238455961399,10.880711380638848,50.185721237195786,0.833366549744898
APTOS 2019,1,Mild NPDR,90.52898822470561,20.59899903934344,78.66103790273199,0.8333466198979592
APTOS 2019,2,Moderate NPDR,75.66355046742989,11.575894545654359,71.18596285258506,0.833625637755102
APTOS 2019,2,Moderate NPDR,52.19468400638832,21.975180325525088,52.564277554542684,0.9043765943877551
APTOS 2019,2,Moderate NPDR,81.96582836846929,16.43448321603822,87.86422355227332,0.7354312818877551
APTOS 2019,2,Moderate NPDR,90.66914383465605,7.149422108744216,31.789682745893366,0.7464724170918368
APTOS 2019,1,Mild NPDR,77.60098472919947,12.231811938287638,73.43463495103266,0.8335459183673469
APTOS 2019,2,Moderate NPDR,104.05611675490056,12.113630643262415,120.73603542520807,0.7359893176020408
APTOS 2019,2,Moderate NPDR,65.53684405969318,22.889185357355434,137.7353462156727,0.8932358099489796
APTOS 2019,0,No DR,82.94432449813955,18.648429112644337,102.58975770084865,0.47524713010204084
APTOS 2019,0,No DR,108.04789359362849,15.864939110947377,188.26692607619302,0.7920519770408163
APTOS 2019,0,No DR,115.68196747792376,21.63931024909675,164.11272707797548,0.7898995535714286
APTOS 2019,1,Mild NPDR,39.7611270096089,7.871523223187677,28.783752576947563,0.890625
APTOS 2019,2,Moderate NPDR,95.28076312461319,14.58559080304087,124.27895526083383,0.7901985012755102
APTOS 2019,0,No DR,98.77671479242643,16.475530331479153,107.83580412973596,0.8340640943877551
APTOS 2019,0,No DR,73.57960398019901,6.436398246247304,86.29921189106608,0.8333266900510204
APTOS 2019,0,No DR,92.50745707145353,12.262152733781544,128.5355295968244,0.7909757653061225
APTOS 2019,0,No DR,99.49006561740008,16.953519907404957,42.638961947389134,0.47568558673469385
APTOS 2019,1,Mild NPDR,104.06924851150566,15.22848668954335,128.2900696626167,0.7917330994897959
APTOS 2019,0,No DR,104.71763506625892,15.676154726037682,175.84823219611718,0.7917729591836735
APTOS 2019,4,Proliferative DR,69.63073537869127,12.687568246898863,88.2933248084499,0.8331473214285714
APTOS 2019,2,Moderate NPDR,82.81528740069488,16.741729498124386,101.07273483423761,0.9894770408163265
APTOS 2019,0,No DR,105.33099669647893,16.803774770160114,165.5458311668322,0.7911152742346939
APTOS 2019,2,Moderate NPDR,131.16100840336134,11.919191646891813,89.62740583213677,0.7471699617346939
APTOS 2019,0,No DR,98.41229681329783,17.055764942547547,131.5260635268922,0.47538663903061223
APTOS 2019,2,Moderate NPDR,89.52766327360422,10.87017638776992,80.81827471787425,0.7465521364795918
APTOS 2019,4,Proliferative DR,81.21177058603024,14.554488962876215,86.12018853169972,0.8335857780612245
APTOS 2019,0,No DR,114.95927456135644,8.025239500120252,75.26815961166032,0.7919323979591837
APTOS 2019,2,Moderate NPDR,81.3699962495312,12.94242667309765,65.33025067688406,0.8331273915816326
APTOS 2019,1,Mild NPDR,80.01592898224555,18.966018264073142,174.06371582893226,0.8331074617346939
APTOS 2019,2,Moderate NPDR,97.38385831688856,11.307178167061641,62.37986664898244,0.8339445153061225
APTOS 2019,4,Proliferative DR,67.20972857664131,14.966512247175233,105.7785815712989,0.7456752232142857
APTOS 2019,0,No DR,110.24061360223128,17.249684952115576,201.98336789622275,0.7919722576530612
APTOS 2019,2,Moderate NPDR,75.66962904632,11.165865449621725,91.1108804519424,0.7516940369897959
APTOS 2019,1,Mild NPDR,74.31291983102884,22.486378569719356,129.71159361084997,0.8992346938775511
APTOS 2019,0,No DR,97.80290635091497,18.59999051335026,190.96689741202908,0.7902981505102041
APTOS 2019,2,Moderate NPDR,90.25992779783394,21.01312051037326,64.65428018429397,0.715202487244898
APTOS 2019,2,Moderate NPDR,82.66247650046297,8.931967440848519,82.87317975819107,0.7461535395408163
APTOS 2019,0,No DR,36.13239050231766,16.744020967222614,216.25294641981992,0.47255660076530615
APTOS 2019,0,No DR,116.63144850376354,23.26760664086599,136.5926458946871,0.47556600765306123
APTOS 2019,0,No DR,67.80101633232735,33.33772133750045,198.8306962853651,0.9482421875
APTOS 2019,0,No DR,100.77931921539805,25.58395295832537,146.68189114294128,0.47518734056122447
APTOS 2019,0,No DR,104.81544706704662,13.43318486106179,130.61987924366397,0.7907565369897959
APTOS 2019,2,Moderate NPDR,142.32440451199372,6.763328165878301,27.572050530770696,0.7473493303571429
APTOS 2019,0,No DR,111.61216048531642,25.535088012566767,115.98353418776425,0.47498804209183676
APTOS 2019,2,Moderate NPDR,66.29054809042202,13.318757249402465,73.90890292407087,0.7351124043367347
APTOS 2019,1,Mild NPDR,106.38280088632092,11.272690768498357,102.79993455053334,0.7462332589285714
APTOS 2019,0,No DR,65.91327030413487,20.62530007240164,168.47343205506218,0.9053332270408163
APTOS 2019,2,Moderate NPDR,84.58136937659287,16.924008628736015,79.06693192229237,0.7354711415816326
APTOS 2019,4,Proliferative DR,98.7835381248948,12.736995077339504,70.04918127243164,0.7463129783163265
APTOS 2019,0,No DR,51.71358011717416,18.875482265779812,108.14942869827573,0.7974131058673469
APTOS 2019,1,Mild NPDR,94.38765462951393,13.498158853155312,67.96961835300766,0.8336854272959183
APTOS 2019,0,No DR,88.20539029197415,14.896674957455627,107.86648794234937,0.4762436224489796
APTOS 2019,0,No DR,90.39520474137932,19.609992028308483,141.30926109867346,0.7895607461734694
APTOS 2019,4,Proliferative DR,91.28820032814222,17.413487197890024,161.18499775256143,0.7902981505102041
APTOS 2019,0,No DR,90.1889638852287,14.978024751253942,94.79126624392062,0.7904177295918368
APTOS 2019,4,Proliferative DR,75.16865936264035,28.179072226564987,53.44167067056504,0.9071069834183674
APTOS 2019,2,Moderate NPDR,92.75170518425983,14.775248514749556,120.51452819252177,0.8338249362244898
APTOS 2019,3,Severe NPDR,96.99486618414409,14.791689828770936,168.48419344548827,0.7460339604591837
APTOS 2019,0,No DR,98.49502447420795,16.232507107896172,140.0201183604969,0.7905373086734694
APTOS 2019,0,No DR,65.08902926249866,15.28984655814539,157.26598490154404,0.7885642538265306
APTOS 2019,2,Moderate NPDR,81.8332808789448,12.633989070296728,65.51442268054319,0.7361088966836735
APTOS 2019,0,No DR,95.81257394858557,15.209002184783543,157.18732832028928,0.7907565369897959
APTOS 2019,2,Moderate NPDR,90.72358339648059,11.61469265075493,84.88604422082699,0.7458944515306123
APTOS 2019,0,No DR,92.55181490129485,25.85933530162972,185.18652766994472,0.9858697385204082
APTOS 2019,2,Moderate NPDR,62.743459892000786,15.321019325990322,76.80242933055108,0.7480070153061225
APTOS 2019,0,No DR,58.98162510709293,19.561553419854565,59.79157182738542,0.9259805484693877
APTOS 2019,1,Mild NPDR,78.2940705729362,13.185866767304407,110.05313486955284,0.8330476721938775
APTOS 2019,2,Moderate NPDR,99.72636156864705,14.306039145802357,60.76720497267255,0.8337053571428571
APTOS 2019,4,Proliferative DR,90.36546952780043,14.494211607910538,125.74509817406516,0.751953125
APTOS 2019,1,Mild NPDR,77.4869226349579,15.294268166700554,105.46417782245341,0.8339445153061225
APTOS 2019,0,No DR,94.44099949474071,10.906812874428976,88.88698447777914,0.47522720025510207
APTOS 2019,0,No DR,97.84303933413881,14.373377121391414,185.70747718864254,0.7912747130102041
APTOS 2019,0,No DR,77.36356134238034,17.010542677794128,152.31400274292673,0.4761439732142857
APTOS 2019,0,No DR,81.26250571190495,12.518406059159824,118.30378364171949,0.7909956951530612
APTOS 2019,1,Mild NPDR,45.22290264928511,20.775788135499507,45.89464480781127,0.7971141581632653
APTOS 2019,0,No DR,58.49964541801276,25.95883602732609,108.92277292959119,0.7976124043367347
APTOS 2019,0,No DR,108.12153615265048,13.831817620528515,92.21961196531241,0.7925103635204082
APTOS 2019,0,No DR,97.72217323475547,30.420163242475468,346.7772108733291,0.9206991390306123
APTOS 2019,0,No DR,108.48389752973468,21.233588821319554,114.53296506965646,0.47726004464285715
APTOS 2019,3,Severe NPDR,86.55784184375263,16.437761376485856,126.924904632385,0.7458944515306123
APTOS 2019,0,No DR,99.54167562916756,16.76379355097123,210.1888406736929,0.7905373086734694
APTOS 2019,3,Severe NPDR,91.28722803431675,17.413983381678378,160.93757447626786,0.7903579400510204
APTOS 2019,1,Mild NPDR,48.60152591543505,12.834551068236328,32.13511611229261,0.9035395408163265
APTOS 2019,0,No DR,109.20137845955803,16.936496268265415,154.66550354702673,0.7918925382653061
APTOS 2019,4,Proliferative DR,102.63490062494971,15.190736525165349,152.74384663249762,0.7917330994897959
APTOS 2019,1,Mild NPDR,78.9425485637141,9.382968635644895,96.15252691875061,0.8332669005102041
APTOS 2019,3,Severe NPDR,83.5967008247938,14.811163575867496,73.31600972601139,0.8336455676020408
APTOS 2019,2,Moderate NPDR,86.98477576121194,17.526766211548345,87.67849381204756,0.8333864795918368
APTOS 2019,4,Proliferative DR,111.45067974772249,14.31958976034042,112.6959589999455,0.7467514349489796
APTOS 2019,2,Moderate NPDR,87.0592782056327,12.28186815171417,157.85425407391932,0.751953125
APTOS 2019,2,Moderate NPDR,54.94183193923093,16.83424727912378,84.24401301952476,0.7138073979591837
APTOS 2019,2,Moderate NPDR,58.79808547008547,16.32124949072723,31.331461842030503,0.9050542091836735
APTOS 2019,0,No DR,56.51822957709483,20.793261603162307,32.48155891684466,0.7975526147959183
APTOS 2019,3,Severe NPDR,70.2850013133701,20.196378474254278,190.38127560265568,0.7225167410714286
APTOS 2019,0,No DR,71.8290284033459,16.61407209459808,135.1441854516791,0.47494818239795916
APTOS 2019,0,No DR,101.05031395910481,16.458824258522107,156.1942635320127,0.7913345025510204
APTOS 2019,2,Moderate NPDR,90.47073214526193,20.88434170999879,121.7620862130623,0.9169722576530612
APTOS 2019,2,Moderate NPDR,97.08621766837436,15.392893191041317,202.5528631961065,0.8335259885204082
APTOS 2019,2,Moderate NPDR,85.17567014062713,19.407476848220547,47.5349877783566,0.90625
APTOS 2019,0,No DR,97.30102533820056,16.953166077405772,165.84467175303328,0.7911352040816326
APTOS 2019,4,Proliferative DR,71.97803297555606,13.196720681187612,89.1915757204265,0.8327088647959183
APTOS 2019,0,No DR,123.3462865395416,11.358694120349172,76.82732356459327,0.7933673469387755
APTOS 2019,0,No DR,97.30810694842984,15.598844841772442,142.80153741248387,0.7924306441326531
APTOS 2019,0,No DR,104.59436650002688,16.63383977249434,192.33477936931834,0.7909757653061225
APTOS 2019,0,No DR,112.04642617674668,15.394136734166418,180.67182688664846,0.7917530293367347
APTOS 2019,1,Mild NPDR,91.62276317104869,12.875071628607069,108.4192599231877,0.8335658482142857
APTOS 2019,0,No DR,66.21871089572953,25.37415981032005,182.52057765662798,0.9063097895408163
APTOS 2019,2,Moderate NPDR,120.52481957401866,23.736524449270856,59.737515559982825,0.7155612244897959
APTOS 2019,0,No DR,104.22871437095516,19.622909609758164,202.97954943834227,0.47554607780612246
APTOS 2019,0,No DR,109.84183252315876,20.89067102224179,122.75333417569986,0.47604432397959184
APTOS 2019,2,Moderate NPDR,93.60666350071234,10.772542219130477,93.24134922500545,0.8335060586734694
APTOS 2019,2,Moderate NPDR,36.062261869453124,7.3029701732405705,18.521255054548366,0.904296875
APTOS 2019,2,Moderate NPDR,80.44804821325864,22.152207137921344,112.08954846988632,0.8331273915816326
APTOS 2019,0,No DR,100.48253836963515,16.9157101292428,82.05349882079368,0.4750478316326531
APTOS 2019,0,No DR,109.42955252709518,14.185707821200104,143.41126006737548,0.7922313456632653
APTOS 2019,4,Proliferative DR,105.42612302003698,17.57466746017227,87.5636946793808,0.8336455676020408
APTOS 2019,0,No DR,99.85546213972978,21.36877503516212,178.94788301713538,0.7909159757653061
APTOS 2019,2,Moderate NPDR,90.86128805949207,9.112990351656121,92.36864385173335,0.7459542410714286
APTOS 2019,4,Proliferative DR,85.09577633849308,13.41284843550976,76.30930591361123,0.8331473214285714
APTOS 2019,2,Moderate NPDR,86.67879545170561,18.28154625157603,73.19774854890494,0.8335459183673469
APTOS 2019,0,No DR,106.2106900970163,19.037235764218426,42.543051846313126,0.4769810267857143
APTOS 2019,0,No DR,94.29801476319288,16.07882973002404,87.6326163531068,0.47616390306122447
APTOS 2019,4,Proliferative DR,80.38993600639937,17.64050285484536,82.83676080634613,0.8334263392857143
APTOS 2019,0,No DR,121.71890478811227,17.81801768290046,140.53554367606722,0.4758848852040816
APTOS 2019,2,Moderate NPDR,80.78214787742479,13.736815811101138,153.64360404304404,0.7517139668367347
APTOS 2019,0,No DR,94.05747179157875,16.065629131849334,135.38693487654874,0.47598453443877553
APTOS 2019,0,No DR,107.02975070015151,22.02021342851639,172.391856789631,0.47548628826530615
APTOS 2019,0,No DR,100.16460805683377,14.439267787999318,182.11268176235166,0.7901387117346939
APTOS 2019,0,No DR,91.43440327445067,18.769944301736164,248.4120197868134,0.7898796237244898
APTOS 2019,3,Severe NPDR,93.11414552081872,13.632870603890373,107.31496706750704,0.7466318558673469
APTOS 2019,0,No DR,105.05097237539339,16.115940856930486,246.21701966936553,0.7904177295918368
APTOS 2019,0,No DR,118.46806684370054,17.22850048239865,155.3148562345476,0.7920918367346939
APTOS 2019,2,Moderate NPDR,113.31070657204566,14.609320807187487,113.1239683520691,0.7458147321428571
APTOS 2019,0,No DR,106.88563466330824,13.737374213186872,138.05185873879824,0.792610012755102
APTOS 2019,0,No DR,99.9639150309223,15.09135181294643,132.10947423248464,0.7905572385204082
APTOS 2019,2,Moderate NPDR,59.72434364824555,15.91161725967038,47.59452924322343,0.9057716836734694
APTOS 2019,2,Moderate NPDR,104.54110319286235,14.456079547943947,41.65040227144446,0.7462133290816326
APTOS 2019,1,Mild NPDR,59.88383762248304,21.240300604443156,91.25950637281035,0.9736527423469388
APTOS 2019,0,No DR,95.3362933652342,23.646993847369973,94.12665192086465,0.4744897959183674
APTOS 2019,0,No DR,73.77492315456256,12.923665860933278,66.60280594561155,0.4758848852040816
APTOS 2019,3,Severe NPDR,73.26349596829301,25.344365022265265,281.4433272715261,0.9055325255102041
APTOS 2019,2,Moderate NPDR,104.32236695047855,19.36355932820971,56.48327055550391,0.9894172512755102
APTOS 2019,0,No DR,95.2045796602881,15.351536106057083,117.45270212865655,0.7908761160714286
APTOS 2019,0,No DR,32.367758553654745,10.236027182447607,123.51236703837338,0.4699657206632653
APTOS 2019,2,Moderate NPDR,62.74506797271937,15.902165551593473,54.77301430749196,0.9123086734693877
APTOS 2019,4,Proliferative DR,93.8449227837103,17.881564701368802,153.60246898076952,0.7542450573979592
APTOS 2019,0,No DR,47.09510166358595,13.700986041893612,100.03187818819808,0.47267617984693877
APTOS 2019,2,Moderate NPDR,76.02612794612794,17.48259637228663,142.1149036971738,0.7896205357142857
APTOS 2019,1,Mild NPDR,90.26826769292283,14.337729961808067,88.44665482904698,0.8336057079081632
APTOS 2019,0,No DR,81.03210398199604,18.232323140420316,87.59299779418383,0.4752670599489796
APTOS 2019,4,Proliferative DR,52.57548744857194,12.784892343590602,80.29470512356646,0.7090441645408163
APTOS 2019,0,No DR,72.73921416602056,15.325312798373279,135.87468052733405,0.8329679528061225
APTOS 2019,0,No DR,96.29481943250215,14.561357676815678,163.81112696179918,0.7911352040816326
APTOS 2019,1,Mild NPDR,80.12374765771393,10.79298599112663,62.51192962175029,0.8336654974489796
APTOS 2019,0,No DR,100.51918393603823,14.60424131509093,87.93709445943027,0.47506776147959184
APTOS 2019,0,No DR,81.92151671808556,30.24626179667995,112.41092582354507,0.9904735331632653
APTOS 2019,2,Moderate NPDR,90.78787114139121,11.629931511060839,213.59696061916594,0.7458346619897959
APTOS 2019,0,No DR,68.00800618659873,22.8034342841846,132.2814691794455,0.9065290178571429
APTOS 2019,1,Mild NPDR,105.44943880709499,16.797077908183212,170.3647181138268,0.7902383609693877
APTOS 2019,0,No DR,105.38344472179725,14.044096853570416,137.8336614442286,0.7915338010204082
APTOS 2019,0,No DR,48.57531727055361,16.151307453861598,81.1586909628251,0.7973134566326531
APTOS 2019,2,Moderate NPDR,77.49246132208158,10.433980351777302,191.3942691963341,0.7512555803571429
APTOS 2019,2,Moderate NPDR,95.4030972954775,6.963530005817417,54.29052104628318,0.7461336096938775
APTOS 2019,4,Proliferative DR,93.47883174816934,8.364136507939154,48.9572856380739,0.7461136798469388
APTOS 2019,0,No DR,117.54296979775764,16.333819869852764,104.0958030067328,0.7917330994897959
APTOS 2019,1,Mild NPDR,94.71936071779055,11.604702394385482,64.60120557262054,0.7466916454081632
APTOS 2019,1,Mild NPDR,68.09603577303584,28.58421125956596,287.51953138382186,0.8938337053571429
APTOS 2019,2,Moderate NPDR,88.75395458947595,14.258274360151324,152.78611595592298,0.7903579400510204
APTOS 2019,0,No DR,99.93047150273003,15.980478815987105,146.16930398303276,0.7903180803571429
APTOS 2019,0,No DR,98.03991071188446,15.148050418260317,151.95824169569087,0.7908362563775511
APTOS 2019,0,No DR,104.37275167785235,13.506404489238678,144.82598649358135,0.7914341517857143
APTOS 2019,0,No DR,99.91527244407445,14.824266836875305,166.6657205898001,0.7913942920918368
APTOS 2019,0,No DR,85.94564662240262,15.304607734776871,179.79259477768815,0.7908163265306123
APTOS 2019,1,Mild NPDR,112.83757184915183,7.823100328161925,66.33450306349161,0.746452487244898
APTOS 2019,0,No DR,98.65539238182653,32.733129921611955,89.40785129909366,0.47572544642857145
APTOS 2019,0,No DR,107.11306001124709,12.189062485121442,122.75117891406512,0.7927096619897959
APTOS 2019,0,No DR,98.6440459770115,14.169217410318561,158.47153892773153,0.47480867346938777
APTOS 2019,0,No DR,110.36595584680668,11.879137776611445,129.37258374555617,0.7912149234693877
APTOS 2019,0,No DR,96.21197971177844,16.56483333650186,184.66730480142357,0.7918128188775511
APTOS 2019,0,No DR,60.489054919022344,18.74365779824952,139.14410120680668,0.9055923150510204
APTOS 2019,0,No DR,83.09288337924701,20.311372208627827,41.255793210508955,0.4754264987244898
APTOS 2019,0,No DR,103.15588221825342,16.188718770184245,114.8799784321664,0.47678172831632654
APTOS 2019,0,No DR,110.38696083957377,14.44243569962514,132.77082617927266,0.7913544323979592
APTOS 2019,0,No DR,102.99967838765009,23.44326272558388,160.79451663585394,0.7920918367346939
APTOS 2019,0,No DR,84.01566406667379,25.462279440115932,156.88630107693518,0.9812858737244898
APTOS 2019,0,No DR,87.32795819895497,10.15483501222476,53.89130703041946,0.8332071109693877
APTOS 2019,1,Mild NPDR,80.89858767654043,11.289107970085507,87.46955186032315,0.8333466198979592
APTOS 2019,4,Proliferative DR,89.89722969492301,11.898022166802598,69.01544893936621,0.7357302295918368
APTOS 2019,0,No DR,105.43754198350216,19.355141922269567,252.49815930175964,0.7908561862244898
APTOS 2019,2,Moderate NPDR,42.323925988455656,12.158635705999423,20.88987589075516,0.9043566645408163
APTOS 2019,2,Moderate NPDR,66.29054809042202,13.318757249402465,73.90890292407087,0.7351124043367347
APTOS 2019,0,No DR,114.08771177353636,14.855349260384285,145.2370481179688,0.7921715561224489
APTOS 2019,2,Moderate NPDR,107.08421908741622,11.069899411001758,87.70768231900698,0.7459741709183674
APTOS 2019,2,Moderate NPDR,111.47884604463627,10.825020314300648,48.61451270289964,0.7399154974489796
APTOS 2019,2,Moderate NPDR,67.59976236175852,39.201492927506905,55.74902363910973,0.9049944196428571
APTOS 2019,0,No DR,139.70576218061737,12.505527710211249,61.353584737101635,0.7471101721938775
APTOS 2019,1,Mild NPDR,88.54433417493688,12.15528164083976,78.93653710666598,0.8334861288265306
APTOS 2019,2,Moderate NPDR,71.93049220695637,18.152234939070453,307.3475949225777,0.7554009885204082
APTOS 2019,1,Mild NPDR,70.802175,14.746634879503016,80.59894499749998,0.8332469706632653
APTOS 2019,4,Proliferative DR,59.96713348984053,13.758095545259112,163.9183146680103,0.7887834821428571
APTOS 2019,0,No DR,94.21363155230337,30.94784896155087,84.87586592737277,0.47439014668367346
APTOS 2019,0,No DR,120.6583329510528,29.277994103940518,107.10023821497757,0.47578523596938777
APTOS 2019,3,Severe NPDR,126.12430041974815,12.475517304548305,120.58749259176756,0.8339644451530612
APTOS 2019,0,No DR,65.0930703891786,22.00810059340749,63.47916244830768,0.9057118941326531
APTOS 2019,0,No DR,80.5020965487582,17.06481792670695,198.46466735356756,0.7909359056122449
APTOS 2019,2,Moderate NPDR,90.96198592694346,9.505777230726352,46.819052448569145,0.7461535395408163
APTOS 2019,0,No DR,103.46293762575452,16.51055760303017,170.84418908280895,0.7919921875
APTOS 2019,2,Moderate NPDR,88.5017487758569,10.782798051802885,56.77276295508403,0.8337452168367347
APTOS 2019,0,No DR,103.1199538638985,14.079910011987765,156.99263081066587,0.7918726084183674
APTOS 2019,0,No DR,97.0820202020202,19.158841440608906,141.122954382614,0.7897999043367347
APTOS 2019,2,Moderate NPDR,112.08574481847072,12.41317160629275,48.86164965854228,0.7449577487244898
APTOS 2019,0,No DR,37.86970774273974,6.434805956654948,102.58865179443043,0.47299505739795916
APTOS 2019,2,Moderate NPDR,74.98790458058014,11.962814738382285,174.26520910264313,0.7549027423469388
APTOS 2019,0,No DR,67.2840732974747,35.506103203804486,301.52410901387356,0.9050542091836735
APTOS 2019,2,Moderate NPDR,99.85789193281552,12.030102953271074,136.60396740363248,0.7464126275510204
APTOS 2019,2,Moderate NPDR,78.8069241344832,19.59944769009191,117.75035689842608,0.8333466198979592
APTOS 2019,2,Moderate NPDR,94.33285832145803,22.900321367301178,106.55998262003101,0.8333266900510204
APTOS 2019,2,Moderate NPDR,74.44792093637564,31.969918355040303,36.73248000426143,0.9057517538265306
APTOS 2019,0,No DR,113.2663171410229,9.158451551484307,110.18424291712446,0.7931680484693877
APTOS 2019,2,Moderate NPDR,70.17657653150562,20.586495594007417,109.10829769591938,0.8329280931122449
APTOS 2019,2,Moderate NPDR,70.15726236595363,10.303538489367838,58.56542781624918,0.7451570471938775
APTOS 2019,0,No DR,106.52241286863271,14.014060598062272,158.13978516628453,0.7919921875
APTOS 2019,0,No DR,100.21931335091213,18.069028356326154,221.40771261092672,0.7904376594387755
APTOS 2019,2,Moderate NPDR,121.87549639101876,13.005671452679561,141.59710862992029,0.8340242346938775
APTOS 2019,0,No DR,104.0947062464677,9.502717068836644,68.99796577267692,0.7901785714285714
APTOS 2019,4,Proliferative DR,95.69377560756581,12.534004350881082,50.08325370548895,0.7459741709183674
APTOS 2019,2,Moderate NPDR,109.15661010059954,31.516039553899965,307.7517771605206,0.9893574617346939
APTOS 2019,0,No DR,97.16842754478172,17.630017698302375,213.27613150141784,0.7919722576530612
APTOS 2019,0,No DR,66.70010244735344,22.256333766017246,114.69521884492276,0.9058514030612245
APTOS 2019,0,No DR,90.94784739236962,13.080171435640718,128.9632361468316,0.8332868303571429
APTOS 2019,2,Moderate NPDR,106.00937970091142,16.22761677005899,65.48879971522936,0.7151825573979592
APTOS 2019,0,No DR,80.35083860324443,22.65926330106047,89.4306494016909,0.4762635522959184
APTOS 2019,1,Mild NPDR,87.85531776588829,10.598221983580101,95.62096299787237,0.8332469706632653
APTOS 2019,0,No DR,102.69724854644508,33.605454901291296,76.93749288971048,0.47676179846938777
APTOS 2019,0,No DR,108.91556905542713,13.793236319409786,176.78841801454342,0.7906768176020408
APTOS 2019,2,Moderate NPDR,97.73897553859965,16.67812980139567,59.466348422834365,0.7461734693877551
APTOS 2019,0,No DR,66.33756129290504,13.343558090578108,88.90066025803773,0.8328483737244898
APTOS 2019,0,No DR,72.72991488005826,17.77010900608296,102.34995284012238,0.9060307716836735
APTOS 2019,2,Moderate NPDR,105.03448275862068,13.644763797584295,112.62566950071634,0.7459143813775511
APTOS 2019,0,No DR,103.02331954220622,11.507522610817514,132.9053853249607,0.7910355548469388
APTOS 2019,0,No DR,118.46230186078567,12.944104540165728,119.78543512085767,0.4751076211734694
APTOS 2019,0,No DR,75.71266127715172,31.517759364951402,115.36926284240135,0.9960738201530612
APTOS 2019,0,No DR,61.60800561418662,13.927037586005778,169.1185714158919,0.7883051658163265
APTOS 2019,0,No DR,61.263781285290335,16.203725534286757,46.09648865809665,0.7976921237244898
APTOS 2019,4,Proliferative DR,62.93259270379823,13.949607985427615,79.33763291952341,0.8327287946428571
APTOS 2019,2,Moderate NPDR,105.47309075394648,32.41933652381729,66.01520522061382,0.9895567602040817
APTOS 2019,0,No DR,112.45589247213175,22.231261122162877,113.26137166177737,0.47578523596938777
APTOS 2019,0,No DR,93.36939750183689,20.97637680439089,243.85060675017652,0.4753268494897959
APTOS 2019,2,Moderate NPDR,70.84469223461173,13.245016127836408,80.74451965260396,0.8332270408163265
APTOS 2019,1,Mild NPDR,72.23985728390629,30.072119266569086,77.94441392398413,0.9206194196428571
APTOS 2019,0,No DR,100.95501006036217,15.60925756015883,128.48714322078231,0.7918526785714286
APTOS 2019,0,No DR,103.00413109336272,20.288454627642142,212.36355888832568,0.4755261479591837
APTOS 2019,1,Mild NPDR,99.02372699180438,13.346380203847279,110.3982173328258,0.7909359056122449
APTOS 2019,3,Severe NPDR,97.78268734375318,28.63685314774854,128.54220437675454,0.9892777423469388
APTOS 2019,1,Mild NPDR,92.11441750576587,10.177458099186952,99.05277050506233,0.7513950892857143
APTOS 2019,2,Moderate NPDR,59.35844404876045,22.30236761697724,292.58496509157914,0.9040178571428571
APTOS 2019,3,Severe NPDR,51.378388863532635,18.351128550686948,264.48149648962254,0.9042370854591837
APTOS 2019,0,No DR,84.9186787276973,25.092752422564434,153.33114882802806,0.9130261479591837
APTOS 2019,0,No DR,87.21051180740605,18.104890863600236,88.78960094407205,0.47512755102040816
APTOS 2019,2,Moderate NPDR,81.96582836846929,16.43448321603822,87.86422355227332,0.7354312818877551
APTOS 2019,2,Moderate NPDR,82.22784781374219,21.610962924792325,162.017060826198,0.9076052295918368
APTOS 2019,0,No DR,44.54346388084213,11.499719516202356,30.778560360422816,0.9045360331632653
APTOS 2019,0,No DR,98.02020662820341,15.350768594938797,149.42939622835058,0.7917131696428571
APTOS 2019,0,No DR,107.18941526582482,16.652726507068575,149.30732985466713,0.7920918367346939
APTOS 2019,0,No DR,100.72132953815077,14.981941307547112,233.43618990934124,0.47544642857142855
APTOS 2019,0,No DR,103.81910933406866,24.924620965786136,114.35236526348581,0.47498804209183676
APTOS 2019,2,Moderate NPDR,124.67254907435847,13.585540716749934,63.82378109168009,0.7494021045918368
APTOS 2019,1,Mild NPDR,75.0144967382339,9.516365562768838,81.34270465243198,0.8336057079081632
APTOS 2019,0,No DR,113.19664023652734,21.485089437486593,250.40910726808633,0.7907963966836735
APTOS 2019,0,No DR,56.54462597184283,22.420575056648737,37.01482074173855,0.7975725446428571
APTOS 2019,3,Severe NPDR,62.4245979139048,9.523284625541109,87.55321387396309,0.8329280931122449
APTOS 2019,0,No DR,89.96847426470588,11.769805690025445,215.12420150809635,0.47500797193877553
APTOS 2019,0,No DR,95.33964779989884,22.251782998221568,121.8354869850144,0.474788743622449
APTOS 2019,2,Moderate NPDR,97.03411673618223,9.859219584121334,80.47199923030664,0.8340043048469388
APTOS 2019,4,Proliferative DR,77.27970373708074,17.392831117749488,61.40565092259689,0.7503985969387755
APTOS 2019,0,No DR,87.90345808108604,19.138748116698746,92.6985001544421,0.4760243941326531
APTOS 2019,0,No DR,44.40971484031982,12.114711227470394,132.6122843930231,0.4725366709183674
APTOS 2019,0,No DR,62.50891524122339,17.41766805465551,88.19409864853402,0.9782565369897959
APTOS 2019,0,No DR,109.73609136357382,19.02718162970791,112.1895571799824,0.47596460459183676
APTOS 2019,2,Moderate NPDR,45.615857966588415,20.866489972338005,40.507142129055595,0.9051737882653061
APTOS 2019,0,No DR,97.3892354016561,19.654726567003415,192.1154748840024,0.7906768176020408
APTOS 2019,0,No DR,91.45649449773302,38.06770375198726,90.92030815684879,0.9054727359693877
APTOS 2019,0,No DR,105.43994522166429,16.142773428116737,134.6388264884757,0.7911152742346939
APTOS 2019,0,No DR,56.71880637561814,20.99078507946368,50.408023032711164,0.9789939413265306
APTOS 2019,2,Moderate NPDR,132.7424679801575,10.985706995828325,86.08405575696614,0.7469308035714286
APTOS 2019,0,No DR,58.77216619392793,15.88512124424395,70.60208619079786,0.7976721938775511
APTOS 2019,0,No DR,95.97062380734808,14.202701994382348,153.89078292404093,0.7909558354591837
APTOS 2019,0,No DR,68.84544618215271,29.26220697574996,74.60527140589835,0.7971141581632653
APTOS 2019,0,No DR,96.73351043846938,17.08637149655779,212.0849067580079,0.7915537308673469
APTOS 2019,2,Moderate NPDR,105.40326837760432,17.92061002287226,121.62350303857195,0.7453762755102041
APTOS 2019,0,No DR,106.41767271058067,19.64743712164511,147.99374045464555,0.4755062181122449
APTOS 2019,2,Moderate NPDR,44.22682436752215,19.6561864669785,90.66264041074919,0.9037587691326531
APTOS 2019,4,Proliferative DR,52.57548744857194,12.784892343590602,80.29470512356646,0.7090441645408163
APTOS 2019,4,Proliferative DR,86.66096265700075,11.655434084918056,133.42878880705578,0.7520926339285714
APTOS 2019,2,Moderate NPDR,100.82547953694053,10.491008205489333,59.11783781669073,0.7439811862244898
APTOS 2019,0,No DR,111.0073369346126,16.551314376995556,175.88368084513237,0.7908960459183674
APTOS 2019,2,Moderate NPDR,99.22855940524617,12.479597518747106,107.32955134700694,0.7460738201530612
APTOS 2019,2,Moderate NPDR,71.80095437965322,11.471601528187485,72.21923990050048,0.8337053571428571
APTOS 2019,4,Proliferative DR,99.0067307961971,11.936058135795863,69.0471938487497,0.7465322066326531
APTOS 2019,0,No DR,85.83994119538751,15.186947538208932,138.73735450020166,0.4751474808673469
APTOS 2019,0,No DR,99.99378045825368,18.8301473104681,212.39195810852914,0.7898596938775511
APTOS 2019,0,No DR,50.25841870239034,16.567441175000432,48.85584535530992,0.7975526147959183
APTOS 2019,4,Proliferative DR,108.654756115005,14.647029628912714,71.14645912216743,0.7361088966836735
APTOS 2019,0,No DR,64.77564861664334,15.988294888559706,149.36609297694338,0.7899792729591837
APTOS 2019,0,No DR,108.83028744604647,31.08727131774857,211.1405916578399,0.47548628826530615
APTOS 2019,4,Proliferative DR,92.73942940014503,16.818174358934062,110.63365696803307,0.8330875318877551
APTOS 2019,0,No DR,39.34577448483445,14.389786166228529,113.16787898376097,0.4731345663265306
APTOS 2019,2,Moderate NPDR,77.98199144593681,13.391172633890934,161.86861173454233,0.8330078125
APTOS 2019,0,No DR,102.63620698939206,14.599452026845386,156.08940108597884,0.7899394132653061
APTOS 2019,0,No DR,93.56663262014837,17.005496478678978,153.94722114032916,0.7908163265306123
APTOS 2019,0,No DR,104.23386447770802,22.48222239391838,208.4314656013596,0.7917530293367347
APTOS 2019,2,Moderate NPDR,125.81701948689191,15.266164066094174,190.05570130430633,0.7464923469387755
APTOS 2019,1,Mild NPDR,88.10427606901726,13.80968884864279,93.05678502896542,0.8330875318877551
APTOS 2019,2,Moderate NPDR,105.42875168236877,9.310314012216867,44.812447788419696,0.7464923469387755
APTOS 2019,0,No DR,103.31010388893996,18.80089034973309,104.33737943417707,0.47488839285714285
APTOS 2019,3,Severe NPDR,93.44098680263947,10.039273347416982,97.2435338161072,0.8336057079081632
APTOS 2019,0,No DR,99.19499744767738,15.217960699114327,177.0035484935172,0.7911949936224489
APTOS 2019,2,Moderate NPDR,78.02604152035283,12.458319823672367,114.51202648201642,0.7525111607142857
APTOS 2019,2,Moderate NPDR,102.22863138637037,18.40363495363188,109.52361277627132,0.7901586415816326
APTOS 2019,2,Moderate NPDR,86.23581343003626,16.43340984820008,134.08417712725804,0.8329679528061225
APTOS 2019,0,No DR,96.08851994439098,13.290937480150745,130.04955010281708,0.7933872767857143
APTOS 2019,0,No DR,93.84212937511454,11.233869950217287,64.2697909240045,0.4765027104591837
APTOS 2019,3,Severe NPDR,67.2347926094457,13.432244170423512,109.91320276590312,0.8332071109693877
APTOS 2019,0,No DR,113.57317726469171,15.713722647333409,141.76472582810666,0.7922114158163265
APTOS 2019,2,Moderate NPDR,32.103627061349414,7.739731901780566,22.589169051870382,0.9037189094387755
APTOS 2019,2,Moderate NPDR,94.08819732099629,16.040939441042003,168.75001294816403,0.7903579400510204
APTOS 2019,0,No DR,84.88785989363653,21.095270546991177,162.96530420174614,0.4761439732142857
APTOS 2019,0,No DR,98.36986631660729,13.72393681130878,154.0765560530074,0.7922712053571429
APTOS 2019,2,Moderate NPDR,101.30087005332585,16.65768904593498,81.03687935669635,0.7459343112244898
APTOS 2019,2,Moderate NPDR,102.09916239529942,12.277813776784457,100.58423668379226,0.8332469706632653
APTOS 2019,3,Severe NPDR,94.7462511246626,19.239997763449356,70.39383693489374,0.8335060586734694
APTOS 2019,3,Severe NPDR,98.36640515550575,14.28503177469996,130.8715304840466,0.7462930484693877
APTOS 2019,0,No DR,88.66901637295338,9.778333660123836,77.4533779990412,0.8335259885204082
APTOS 2019,0,No DR,100.73429210093991,21.621865411001,217.8659572090024,0.7897201849489796
APTOS 2019,0,No DR,91.69878631849944,20.159638322248572,146.70159520657555,0.4748485331632653
APTOS 2019,0,No DR,102.68789928598271,17.65037639528734,168.10789665839877,0.7917729591836735
APTOS 2019,2,Moderate NPDR,79.41365585671441,9.21559175514215,101.04978585708618,0.7541254783163265
APTOS 2019,3,Severe NPDR,69.33111849390919,24.588740292744344,132.8846243878839,0.5466757015306123
APTOS 2019,2,Moderate NPDR,45.23335382093833,17.349491894367635,40.975031148493684,0.9059510522959183
APTOS 2019,0,No DR,80.45854934165251,19.877167650198768,89.92228044984076,0.47578523596938777
APTOS 2019,2,Moderate NPDR,102.18293195772239,13.805115548677605,130.31007225946038,0.7466916454081632
APTOS 2019,4,Proliferative DR,124.81196964180693,13.862595384460459,93.28977400980077,0.7472098214285714
APTOS 2019,0,No DR,87.0990739498054,12.760601228532671,129.5384413286926,0.7915338010204082
APTOS 2019,0,No DR,48.78476786371523,20.44186097631755,38.04034859832733,0.7969148596938775
APTOS 2019,1,Mild NPDR,49.54815729982651,19.311979013189873,58.71839457774227,0.7969945790816326
APTOS 2019,2,Moderate NPDR,93.96836648921267,8.36939829643632,132.13584764622294,0.7544044961734694
APTOS 2019,0,No DR,50.56823465062218,16.53988876221839,78.45195083176324,0.9051139987244898
APTOS 2019,1,Mild NPDR,48.06276623718117,19.953503127587165,76.05031570008288,0.7967554209183674
APTOS 2019,2,Moderate NPDR,107.73872973850496,10.23529452786495,41.724838983057985,0.8340242346938775
APTOS 2019,0,No DR,96.14473684210526,14.195139434939145,145.51119886566195,0.7910554846938775
APTOS 2019,1,Mild NPDR,67.99742422726818,12.754717684619662,81.6351646935263,0.8331273915816326
APTOS 2019,2,Moderate NPDR,69.65730716339543,14.769901660096405,197.49264472785939,0.8331672512755102
APTOS 2019,0,No DR,107.46830606973741,13.250099156288545,122.55017553874934,0.7904775191326531
APTOS 2019,0,No DR,89.07539345490882,16.064251194468973,92.28628020678221,0.833984375
APTOS 2019,0,No DR,48.11680290167425,19.870891742226796,83.66972066991282,0.7970942283163265
APTOS 2019,0,No DR,52.599789805570154,17.105788124028443,78.37001654328468,0.7973333864795918
APTOS 2019,2,Moderate NPDR,85.63668881978741,25.69256841284916,94.05688578343113,0.9893176020408163
APTOS 2019,0,No DR,48.93852817842496,14.816027692531913,171.73682810406558,0.47383211096938777
APTOS 2019,3,Severe NPDR,50.22361551264221,23.78851037478029,103.25315628691578,0.9047751913265306
APTOS 2019,4,Proliferative DR,106.82300661657509,15.733108966500506,85.08369585448594,0.7467713647959183
APTOS 2019,0,No DR,95.58150082462892,24.857716797576906,205.7522858506049,0.4765027104591837
APTOS 2019,2,Moderate NPDR,99.1070600322912,24.813855397730194,77.51427104169598,0.7150430484693877
APTOS 2019,2,Moderate NPDR,69.03629727770418,9.02225455903455,83.2386265727968,0.8332669005102041
APTOS 2019,1,Mild NPDR,76.42313345091122,22.664441218932254,105.57545808116468,0.7174346301020408
APTOS 2019,4,Proliferative DR,87.20680860818982,17.473805581145022,144.1955989512894,0.7351522640306123
APTOS 2019,2,Moderate NPDR,115.46992755657887,11.264883694981323,92.31556541672593,0.7529496173469388
APTOS 2019,4,Proliferative DR,104.54165626092603,12.593254379835674,94.49670426841986,0.8342633928571429
APTOS 2019,0,No DR,108.02634964885006,14.159060253017175,133.49615077018726,0.7921117665816326
APTOS 2019,0,No DR,91.14775337682624,18.386731441356794,92.47134933164169,0.47512755102040816
APTOS 2019,2,Moderate NPDR,110.93323338330835,13.287558480955505,84.39546368494914,0.8336654974489796
APTOS 2019,4,Proliferative DR,86.35472250365868,21.204363805556586,61.92037002883205,0.7508968431122449
APTOS 2019,2,Moderate NPDR,75.82547792156753,10.737190420517184,104.10298046546608,0.7459143813775511
APTOS 2019,3,Severe NPDR,61.44622707664846,17.615672588058292,59.75689956416918,0.9844347895408163
APTOS 2019,0,No DR,67.2317188555981,15.387556623705501,122.33284468275393,0.9434590242346939
APTOS 2019,4,Proliferative DR,119.14984160802894,16.863105653338607,168.93890294377988,0.7465919961734694
APTOS 2019,0,No DR,81.6318691417019,21.249844627434317,132.18732131083465,0.4750876913265306
APTOS 2019,0,No DR,53.524719511082736,19.688074380901778,104.90928228281626,0.9047154017857143
APTOS 2019,2,Moderate NPDR,91.99211935945256,12.177790806700807,108.83692135401101,0.7463926977040817
APTOS 2019,0,No DR,98.55719428325811,14.219110870298364,177.44521181736107,0.7909359056122449
APTOS 2019,0,No DR,120.65407458933062,12.03507989004492,110.51499119810393,0.7932278380102041
APTOS 2019,0,No DR,107.65565180194632,10.200454270763622,114.82170997614158,0.7932676977040817
APTOS 2019,0,No DR,107.1232788641843,10.953566696610597,103.5400065553,0.7923309948979592
APTOS 2019,0,No DR,102.688336109171,15.244475317640978,167.23043045984184,0.7910355548469388
APTOS 2019,0,No DR,98.96002258307345,14.403114724779666,168.65760132358673,0.7907366071428571
APTOS 2019,2,Moderate NPDR,82.49669004207574,14.36658710163297,75.11346700998683,0.7457150829081632
APTOS 2019,4,Proliferative DR,66.57405943724312,12.670838905782698,116.61906839140195,0.5469945790816326
APTOS 2019,0,No DR,99.42813012061139,12.849589382545108,100.53640380607295,0.7912149234693877
APTOS 2019,0,No DR,61.66513448203404,30.68657509287479,69.77091286384817,0.7975924744897959
APTOS 2019,0,No DR,79.31203163072962,14.927124769941296,48.03069902298703,0.4748485331632653
APTOS 2019,3,Severe NPDR,106.8878870699614,9.584846793935192,35.455636868917004,0.7436623086734694
APTOS 2019,2,Moderate NPDR,72.23567929621113,16.76058809862872,66.92046134784977,0.8334861288265306
APTOS 2019,1,Mild NPDR,95.06083089759925,15.066373157101532,69.9832183696848,0.8337850765306123
APTOS 2019,1,Mild NPDR,79.03257059939726,35.5324142263715,254.12190246794188,0.9217952806122449
APTOS 2019,0,No DR,103.1452736318408,18.982320693386512,225.30433713635125,0.790397799744898
APTOS 2019,0,No DR,90.55343357452188,14.340989805469917,127.90989473749892,0.7903380102040817
APTOS 2019,2,Moderate NPDR,90.69953016444245,21.131750246375972,89.17916226259382,0.8337053571428571
APTOS 2019,0,No DR,98.47941524239492,18.327393352421108,201.34164041669538,0.7912747130102041
APTOS 2019,2,Moderate NPDR,112.1305127989458,15.079529045351297,119.30086186167009,0.7465919961734694
APTOS 2019,0,No DR,51.09601096063656,20.613104889049996,119.29755255825654,0.7965361926020408
APTOS 2019,0,No DR,45.27390216787104,24.19596189080827,112.86237250669974,0.47245695153061223
APTOS 2019,0,No DR,106.3921937077204,14.600623038599226,126.63383937689112,0.7913145727040817
APTOS 2019,0,No DR,103.58334898446513,17.16880322252524,132.92597757846755,0.7917928890306123
APTOS 2019,4,Proliferative DR,78.20616472966144,11.067524037585628,64.15180361172015,0.7456752232142857
APTOS 2019,0,No DR,67.72369273284684,30.632013651818454,119.83002916814145,0.9665377869897959
APTOS 2019,0,No DR,102.00556855782423,14.68239959665725,122.97150670195579,0.7903778698979592
APTOS 2019,2,Moderate NPDR,56.23510281683094,5.411043725513147,89.44729948284366,0.8327287946428571
APTOS 2019,2,Moderate NPDR,61.11838779460321,15.118423192974628,62.80686364694697,0.9057716836734694
APTOS 2019,2,Moderate NPDR,91.63240840180823,18.80793183284946,87.06687431838176,0.8341637436224489
APTOS 2019,0,No DR,99.43461157644036,15.97991433194928,178.28068219575906,0.7929886798469388
APTOS 2019,0,No DR,87.56624431711188,18.24596791346261,190.87703417222173,0.7901187818877551
APTOS 2019,0,No DR,55.53120895287133,24.346974448846794,118.80899897033605,0.7974728954081632
APTOS 2019,0,No DR,65.73943723320846,23.287850836476476,211.28033630098346,0.9734933035714286
APTOS 2019,0,No DR,47.47053322994116,12.961507288450221,57.69141597347693,0.9045758928571429
APTOS 2019,2,Moderate NPDR,125.01508312540301,12.051432999903382,76.13789966386118,0.7466119260204082
APTOS 2019,0,No DR,107.02702702702703,16.400940023930065,171.33221587485804,0.7908960459183674
APTOS 2019,2,Moderate NPDR,111.49271137026238,9.245717666046549,40.61087389007046,0.74609375
APTOS 2019,2,Moderate NPDR,115.30739474126815,12.773621947223619,104.84510805365106,0.7468112244897959
APTOS 2019,2,Moderate NPDR,91.74501276619624,12.330505903317354,78.74008427747091,0.7454360650510204
APTOS 2019,0,No DR,61.60989708543799,20.506855136263464,217.88627830508776,0.7881656568877551
APTOS 2019,4,Proliferative DR,80.49177414732014,14.216011684902607,101.92512792734088,0.7351921237244898
APTOS 2019,2,Moderate NPDR,80.2267636618169,14.009614099118902,76.06809637769199,0.8332669005102041
APTOS 2019,0,No DR,97.5665123951794,29.61496425205626,174.60537154526736,0.4764030612244898
APTOS 2019,3,Severe NPDR,67.43569320688766,14.434055546793362,106.38519458033032,0.7351124043367347
APTOS 2019,0,No DR,71.8492083380795,27.669382634801252,158.07554400191378,0.9054129464285714
APTOS 2019,0,No DR,124.63118420700185,13.058428739638327,74.84410112673854,0.7922512755102041
APTOS 2019,2,Moderate NPDR,91.57263910413438,9.83342289532027,123.98111026297114,0.8334263392857143
APTOS 2019,2,Moderate NPDR,81.8332808789448,12.633989070296728,65.51442268054319,0.7361088966836735
APTOS 2019,0,No DR,94.24669248144562,20.934369934424577,157.81461751446122,0.7905771683673469
APTOS 2019,4,Proliferative DR,84.82846432587779,15.845996454213932,107.14664048339112,0.8335658482142857
APTOS 2019,2,Moderate NPDR,90.41983015578427,12.788999793286214,115.17817600422205,0.7520129145408163
APTOS 2019,2,Moderate NPDR,62.83789155129971,16.728913733409676,116.02672928918253,0.9377590880102041
APTOS 2019,2,Moderate NPDR,97.62396938735256,16.28583792598246,151.61797715116356,0.5480309311224489
APTOS 2019,0,No DR,99.1584886810018,25.432421424490368,256.41291779982606,0.9078643176020408
APTOS 2019,4,Proliferative DR,31.690897034276176,10.7488180630086,15.588957100658222,0.9028619260204082
APTOS 2019,0,No DR,98.5068213556773,17.845950762719454,221.60266660359073,0.7914540816326531
APTOS 2019,2,Moderate NPDR,47.566357531180046,16.36292594282256,88.60452569291975,0.9034996811224489
APTOS 2019,2,Moderate NPDR,90.97980536762763,25.797202579503963,78.60043390037218,0.989616549744898
APTOS 2019,2,Moderate NPDR,114.21462098428849,10.870487145093092,38.7702143533302,0.7449178890306123
APTOS 2019,0,No DR,99.06538161679705,15.701846199777174,100.33957934953074,0.7907166772959183
APTOS 2019,3,Severe NPDR,97.80075607870091,20.846455375491452,171.53375263902927,0.7355309311224489
APTOS 2019,0,No DR,99.55137124284832,17.21520369913774,164.32762374369798,0.7909757653061225
APTOS 2019,0,No DR,106.04939462123647,17.820087725017917,183.26991457391102,0.7924505739795918
APTOS 2019,0,No DR,92.57672493100276,17.802681416878436,121.56324482742862,0.474609375
APTOS 2019,2,Moderate NPDR,60.26972259579221,26.06609575430731,62.386232904249624,0.9050542091836735
APTOS 2019,1,Mild NPDR,90.71228697973191,14.702017604707924,110.58078989743667,0.7187898596938775
APTOS 2019,0,No DR,106.56311801375752,15.750467223230086,197.29344111138576,0.7909757653061225
APTOS 2019,3,Severe NPDR,109.72889152274523,12.931881564949588,103.1032235166484,0.7431042729591837
APTOS 2019,2,Moderate NPDR,73.89126956347818,12.757385736420709,61.58746926858319,0.8332868303571429
APTOS 2019,0,No DR,103.14223524037298,13.0345606067596,129.00149557046444,0.7909159757653061
APTOS 2019,0,No DR,109.20294046758255,14.345475618261627,109.84575670336885,0.7924505739795918
APTOS 2019,1,Mild NPDR,102.2258016144753,9.568605731257158,51.49830773046644,0.8335857780612245
APTOS 2019,0,No DR,102.23559438951483,16.861354271677865,96.692104978793,0.47470902423469385
APTOS 2019,4,Proliferative DR,57.36185005356858,21.23530126552158,89.87847572501866,0.9050143494897959
APTOS 2019,0,No DR,108.03447628246404,13.758753675136965,136.66625746195305,0.7919722576530612
APTOS 2019,0,No DR,99.84784299005283,14.545847139558012,191.96760558217255,0.7919523278061225
APTOS 2019,2,Moderate NPDR,94.2953602319884,16.893963793936663,67.51576397231335,0.8335259885204082
APTOS 2019,0,No DR,95.46235119660584,45.96148475919897,421.5271074121925,0.9925860969387755
APTOS 2019,1,Mild NPDR,89.11867544220486,15.068535199786195,132.51652387862543,0.7176937181122449
APTOS 2019,2,Moderate NPDR,74.8262924244594,13.955592777485181,97.83899224747222,0.7355110012755102
APTOS 2019,1,Mild NPDR,79.19100420504606,14.518680610744026,111.95984228932149,0.8324896364795918
APTOS 2019,2,Moderate NPDR,78.20613016095172,13.710851956440987,121.91062460038756,0.7552814094387755
APTOS 2019,0,No DR,120.37055231623893,26.93162529003495,139.88796601188562,0.4754264987244898
APTOS 2019,2,Moderate NPDR,41.12015424281835,13.735159358050261,19.07837471070197,0.9044563137755102
APTOS 2019,2,Moderate NPDR,102.54039567840606,9.717396694820613,69.00081159064662,0.7453164859693877
APTOS 2019,0,No DR,110.26088932859167,15.716262996017416,204.98512693279005,0.7950015943877551
APTOS 2019,0,No DR,100.94567140176896,16.699692632216024,151.4964466539338,0.792350924744898
APTOS 2019,0,No DR,52.32192698888276,21.893737547807433,129.31544448915525,0.7971340880102041
APTOS 2019,0,No DR,106.35020688913967,20.25579304809565,169.9730055127497,0.7910355548469388
APTOS 2019,0,No DR,102.61812958139785,18.06771464107989,183.14199776649866,0.7913942920918368
APTOS 2019,2,Moderate NPDR,81.86745940488544,13.275342770267791,138.08071490058447,0.7458745216836735
APTOS 2019,4,Proliferative DR,82.62048614584376,9.163804070103403,97.36896064818245,0.8330277423469388
APTOS 2019,0,No DR,53.83384122313876,15.853999157313645,42.69627553251571,0.7974529655612245
APTOS 2019,0,No DR,104.66164828382041,15.807407742475378,131.73919133103738,0.7915736607142857
APTOS 2019,1,Mild NPDR,86.70545618067352,9.88068032671083,41.63031837791492,0.8338847257653061
APTOS 2019,4,Proliferative DR,57.739350200021626,15.526112089346539,137.8484359141385,0.7876076211734694
APTOS 2019,2,Moderate NPDR,91.50403881752398,11.663528182898013,87.29339720983883,0.7461136798469388
APTOS 2019,0,No DR,107.68654638899298,12.375129772305169,155.89105548993768,0.7934470663265306
APTOS 2019,2,Moderate NPDR,56.03560626890294,18.409785104818155,74.8157473409831,0.9077248086734694
APTOS 2019,0,No DR,98.16391017883555,16.502067922831056,214.99203273451002,0.7905173788265306
APTOS 2019,0,No DR,50.454096379210675,18.261245178618175,59.39332328036056,0.7973134566326531
APTOS 2019,2,Moderate NPDR,72.78607441624652,11.687123609806203,50.25900907814741,0.7503388073979592
APTOS 2019,4,Proliferative DR,104.44987384146494,15.454037240409939,126.56018336093027,0.8338249362244898
APTOS 2019,2,Moderate NPDR,78.49503348465099,20.570571157231686,79.96742261146579,0.9184869260204082
APTOS 2019,0,No DR,106.86855091969493,13.149475157327633,77.96649814219265,0.7458745216836735
APTOS 2019,1,Mild NPDR,105.46507651774202,8.254391845196155,55.87311123707943,0.7466717155612245
APTOS 2019,0,No DR,100.96643683095002,18.515618631295776,124.82536646381362,0.7917330994897959
APTOS 2019,4,Proliferative DR,98.58634387648029,17.378127138510198,85.18340868621775,0.8339046556122449
APTOS 2019,0,No DR,110.39531262584231,17.48775513558728,135.03127096952818,0.7912149234693877
APTOS 2019,0,No DR,104.50669780677029,14.855972860661579,133.95052079185658,0.7915338010204082
APTOS 2019,0,No DR,95.1366276735284,10.580544668650045,103.96417057428273,0.7928292410714286
APTOS 2019,0,No DR,80.12296998420221,25.407663508376075,117.20079662603389,0.9873644770408163
APTOS 2019,1,Mild NPDR,101.30445971267957,11.466972755850495,96.83908274754887,0.8338249362244898
APTOS 2019,0,No DR,111.75117800448328,20.49311537815323,157.36764463046387,0.4771205357142857
APTOS 2019,0,No DR,105.4338550600343,17.02468533828159,228.26564029681384,0.7922313456632653
APTOS 2019,0,No DR,102.87105157401206,17.06071139513601,158.71182912533553,0.7923110650510204
APTOS 2019,0,No DR,100.9501274903842,43.57608924782887,420.95704266013206,0.9679727359693877
APTOS 2019,0,No DR,72.88960264292925,14.594630160124767,138.975872430975,0.4758250956632653
APTOS 2019,4,Proliferative DR,109.16033892374216,14.351928986214332,86.01760914874161,0.8334462691326531
APTOS 2019,2,Moderate NPDR,91.6833670841771,12.37155800573294,119.99915901795143,0.8332469706632653
APTOS 2019,0,No DR,95.9449815527967,18.742173725361823,154.58575860070704,0.7898397640306123
APTOS 2019,0,No DR,50.92122963741461,13.361686946137585,33.07301135828624,0.7973533163265306
APTOS 2019,4,Proliferative DR,77.96475088122797,10.396187063098038,111.46712443661123,0.8333864795918368
APTOS 2019,0,No DR,101.48551358515573,21.74093952682191,363.6953970104708,0.8000837053571429
APTOS 2019,0,No DR,51.07974041669951,10.352976632986644,39.99541901971636,0.7973732461734694
APTOS 2019,3,Severe NPDR,88.81057973550661,12.488488499725383,151.03095689776077,0.8332868303571429
APTOS 2019,0,No DR,99.97351777592378,20.876207086632462,240.23424525255265,0.7899593431122449
APTOS 2019,2,Moderate NPDR,98.48537043790502,8.66328079685181,49.61561670981013,0.7461136798469388
APTOS 2019,0,No DR,107.14839245971093,17.03179283050878,154.7699873395621,0.7920121173469388
APTOS 2019,0,No DR,87.83343634946655,17.455619572458815,177.25453882069453,0.7908163265306123
APTOS 2019,0,No DR,98.95694393550751,25.577984783292795,252.00780517890303,0.47658242984693877
APTOS 2019,2,Moderate NPDR,109.90462005395683,12.874284354088253,133.37092383259184,0.7450374681122449
APTOS 2019,2,Moderate NPDR,64.09000182282173,15.19450428787114,118.01221077906322,0.9053332270408163
APTOS 2019,4,Proliferative DR,91.47599399849962,14.868023603943998,107.84091801957742,0.8330476721938775
APTOS 2019,2,Moderate NPDR,72.61671720575022,16.727285431369527,143.67551828969803,0.7457549426020408
APTOS 2019,0,No DR,82.89691954022989,21.04500584391788,96.22461984410093,0.47480867346938777
APTOS 2019,0,No DR,101.93178166460083,17.17031062564965,90.98372995190303,0.4754663584183674
APTOS 2019,0,No DR,96.53179482473848,16.26836803161065,34.88867990606165,0.4757453762755102
APTOS 2019,2,Moderate NPDR,83.70898190108932,17.18332139879685,198.25486425346566,0.7510562818877551
APTOS 2019,2,Moderate NPDR,68.60592535240134,13.284066084157557,56.416460797351625,0.905632174744898
APTOS 2019,0,No DR,83.72422348832936,16.397250416940217,238.05330850716484,0.4750876913265306
APTOS 2019,1,Mild NPDR,65.8566393360664,18.661844609265895,77.73310272899816,0.833366549744898
APTOS 2019,0,No DR,84.73620420530713,22.33568761847972,120.39126374256314,0.47544642857142855
APTOS 2019,1,Mild NPDR,102.63596151443208,11.279077740955191,48.59621645631483,0.8335658482142857
APTOS 2019,0,No DR,98.59005499541705,23.49235111779765,228.88460098707785,0.47634327168367346
APTOS 2019,1,Mild NPDR,101.92161028344,19.431427971117444,160.44340497507997,0.7908960459183674
APTOS 2019,0,No DR,75.61133151765992,30.964838260123496,95.32526457386116,0.9785754145408163
APTOS 2019,0,No DR,103.89732531999816,17.566032576673443,93.8644625261305,0.4758450255102041
APTOS 2019,4,Proliferative DR,87.05091527458238,12.17740305467757,85.33979810515628,0.8330875318877551
APTOS 2019,0,No DR,102.47376323904008,14.604056204715777,162.10026803719657,0.7919722576530612
APTOS 2019,0,No DR,89.9372879801962,28.013304323541643,178.81331383474824,0.47622369260204084
APTOS 2019,0,No DR,104.15340133322624,21.1410942971066,237.39371710739627,0.7927893813775511
APTOS 2019,0,No DR,119.60313280851179,18.622402244522437,145.64012884710314,0.7910355548469388
APTOS 2019,2,Moderate NPDR,72.08558476468177,20.991524890469197,381.79264433516573,0.9053730867346939
APTOS 2019,0,No DR,97.97717580796566,15.691724420128542,144.37142702763109,0.7917131696428571
APTOS 2019,1,Mild NPDR,82.7839708196967,15.635356134350461,122.15063090714412,0.8338050063775511
APTOS 2019,0,No DR,97.87130892301084,17.412510093531978,190.3877746393605,0.7914142219387755
APTOS 2019,0,No DR,82.50832873182404,16.48432021703196,92.70558519349325,0.4744499362244898
APTOS 2019,0,No DR,107.04692761509658,18.041438441534936,112.07103387485579,0.7897201849489796
APTOS 2019,2,Moderate NPDR,85.71031726205347,13.067501722720923,74.74637867215375,0.8338647959183674
APTOS 2019,0,No DR,67.9882508310943,32.88342015284887,220.5664346636499,0.9058314732142857
APTOS 2019,4,Proliferative DR,82.52533180034493,10.69964979995581,90.47802037038355,0.8335060586734694
APTOS 2019,0,No DR,111.8724009336517,12.818654430121745,126.67520183521363,0.7917131696428571
APTOS 2019,0,No DR,73.40232379402323,24.215792716126963,121.51221130001835,0.9171715561224489
APTOS 2019,4,Proliferative DR,129.30605873087308,11.700023433749442,100.18562277784584,0.7448182397959183
APTOS 2019,0,No DR,109.64898502801506,21.931146997445147,153.0391154423521,0.4752869897959184
APTOS 2019,0,No DR,79.41428505683649,18.28467547846477,100.62906653319536,0.47439014668367346
APTOS 2019,0,No DR,103.63522702934247,15.072114584406549,163.35221072728828,0.7925302933673469
APTOS 2019,4,Proliferative DR,79.25797849945266,15.585398574004179,130.82386134039604,0.7459741709183674
APTOS 2019,0,No DR,107.69106563313038,12.70008513695541,139.8624212596955,0.7919323979591837
APTOS 2019,0,No DR,76.55182583918618,10.80379133910494,78.16285812809767,0.8334661989795918
APTOS 2019,0,No DR,54.7651623968271,17.254061517345793,97.41826078316846,0.9780173788265306
APTOS 2019,2,Moderate NPDR,80.95768875115587,16.462335994985914,62.69417849190766,0.8335259885204082
APTOS 2019,3,Severe NPDR,95.13147639270547,17.81410730795246,145.3361653160579,0.8339046556122449
APTOS 2019,0,No DR,67.57588930107649,24.139137531069437,107.31022160860557,0.9061304209183674
APTOS 2019,3,Severe NPDR,96.54651133721657,13.06395331511569,104.09017880725328,0.8334263392857143
APTOS 2019,0,No DR,103.95696875335553,14.398727921236727,140.9127213713723,0.7915736607142857
APTOS 2019,0,No DR,99.13774578274418,14.492351383402886,162.49921867864867,0.7909956951530612
APTOS 2019,0,No DR,95.66428440535093,18.344355736791307,134.47289150598132,0.4765027104591837
APTOS 2019,2,Moderate NPDR,80.35861465366341,18.31251320043823,90.40177093785826,0.8331473214285714
APTOS 2019,1,Mild NPDR,63.474967367047036,18.69480069985451,69.65855459800083,0.9860491071428571
APTOS 2019,0,No DR,88.339021145819,18.74775071102357,53.56073797715567,0.47594467474489793
APTOS 2019,4,Proliferative DR,89.11031641586085,13.178451581339896,66.04999679664651,0.7358896683673469
APTOS 2019,2,Moderate NPDR,79.27947749065497,21.304070141704248,50.766678290841114,0.989616549744898
APTOS 2019,0,No DR,59.470584212805726,30.04002928756999,160.2070128631827,0.9050342793367347
APTOS 2019,2,Moderate NPDR,70.39578917215698,12.209475004740648,53.87983288204944,0.7353117028061225
APTOS 2019,0,No DR,95.52004179840308,19.695013624578493,209.05403845491105,0.7921715561224489
APTOS 2019,4,Proliferative DR,98.25970962397147,12.921656199947199,43.99873018227028,0.7450374681122449
APTOS 2019,2,Moderate NPDR,90.87291701733714,11.058487217575557,49.22774452580299,0.7462531887755102
APTOS 2019,0,No DR,48.95240222876367,19.3628989723557,52.35030685145354,0.7971141581632653
APTOS 2019,2,Moderate NPDR,97.80075607870091,20.846455375491452,171.53375263902927,0.7355309311224489
APTOS 2019,0,No DR,122.92998551424432,19.399533440080447,119.4850023389067,0.7918526785714286
APTOS 2019,0,No DR,106.08611978688224,26.365751176132605,235.8383001738593,0.47524713010204084
APTOS 2019,0,No DR,95.36079476617398,18.52083264702082,198.25696541076525,0.7897999043367347
APTOS 2019,0,No DR,74.67582468069466,22.433014235134706,115.19547446633366,0.4752869897959184
APTOS 2019,4,Proliferative DR,90.37219542293022,10.421487606402389,101.8822741869319,0.7463528380102041
APTOS 2019,2,Moderate NPDR,132.3349012759485,11.55900623433751,32.11943733606227,0.744140625
APTOS 2019,0,No DR,105.75788893482155,16.447774146741743,88.66386974706197,0.47522720025510207
APTOS 2019,2,Moderate NPDR,132.7855323912131,12.162187305861506,108.91664315911268,0.7472297512755102
APTOS 2019,0,No DR,113.11758864106073,13.097758387279352,138.6228888147104,0.7913544323979592
APTOS 2019,0,No DR,104.27136258660508,14.113137340989333,99.00365862242717,0.7914142219387755
APTOS 2019,0,No DR,108.09374244986712,15.149431199457553,161.92104120319573,0.7916533801020408
APTOS 2019,0,No DR,91.35384367359002,12.451121333404405,123.56309992591471,0.7911352040816326
APTOS 2019,2,Moderate NPDR,59.03115123126947,12.180975500438219,43.31260368013567,0.9067482461734694
APTOS 2019,0,No DR,91.95752708456854,18.31190023610995,153.898846553829,0.7895408163265306
APTOS 2019,2,Moderate NPDR,100.10426336830244,17.176063781749086,115.69241251782313,0.7915338010204082
APTOS 2019,0,No DR,104.85857502814561,18.695802917886443,169.996062249911,0.7918925382653061
APTOS 2019,2,Moderate NPDR,87.84754786781983,10.47745500117517,91.98740070507195,0.8335658482142857
APTOS 2019,0,No DR,106.05544517237676,10.81008931403034,160.86819737487247,0.7914740114795918
APTOS 2019,2,Moderate NPDR,118.31785061190041,12.830569642000006,174.8633195333219,0.7446388711734694
APTOS 2019,0,No DR,75.4109513528412,18.22922226807668,201.29463978407398,0.47518734056122447
APTOS 2019,0,No DR,104.47359963269054,23.39799366245575,129.46878749933597,0.47548628826530615
APTOS 2019,0,No DR,99.58678641533787,13.112017718653863,137.60090856591836,0.7904974489795918
APTOS 2019,2,Moderate NPDR,79.62151155527795,11.209186112535411,62.14070626470573,0.8337452168367347
APTOS 2019,2,Moderate NPDR,104.47179285774399,18.223845570003654,72.06361684608686,0.7454559948979592
APTOS 2019,1,Mild NPDR,91.0551033011453,12.021458413648508,113.9916627907031,0.7457549426020408
APTOS 2019,1,Mild NPDR,81.57178211634127,13.552337095618109,105.5973825261358,0.833366549744898
APTOS 2019,0,No DR,107.06773036601066,12.983544630567604,92.75236945674885,0.4747688137755102
APTOS 2019,0,No DR,101.24712459331897,22.409931388545314,244.86059487460034,0.4764030612244898
APTOS 2019,0,No DR,115.982540776476,14.472959117729893,137.7580287059594,0.4751076211734694
APTOS 2019,0,No DR,107.12775695931478,19.399200859962534,168.2242926619121,0.7928491709183674
APTOS 2019,2,Moderate NPDR,92.25618305198812,15.633407848687613,121.98756205252398,0.7464325573979592
APTOS 2019,0,No DR,67.10774989662451,19.529990303012372,60.621908924901,0.9717793367346939
APTOS 2019,0,No DR,110.12782256984437,16.08208595367027,193.3156064008704,0.7924107142857143
APTOS 2019,0,No DR,61.01356270040731,17.62446699975668,81.77286191372716,0.9738919005102041
APTOS 2019,0,No DR,93.0412085696621,16.738815588130038,157.23543981388195,0.7908561862244898
APTOS 2019,0,No DR,106.9123364385332,18.57004008222746,119.36668695659917,0.7899194834183674
APTOS 2019,4,Proliferative DR,101.82444332267654,12.005842305258957,133.13497873276472,0.7537069515306123
APTOS 2019,1,Mild NPDR,95.66163723114586,14.709154241935503,80.39407483980709,0.8338448660714286
APTOS 2019,1,Mild NPDR,87.01327168207948,11.961878079408088,60.463655461415826,0.8334462691326531
APTOS 2019,0,No DR,73.97335203366059,30.470981208528443,114.98489423244027,0.9786551339285714
APTOS 2019,0,No DR,71.6489318605342,16.902256315080002,168.5349762173266,0.7879264987244898
APTOS 2019,3,Severe NPDR,92.50299350940018,13.086732998132737,95.96326192552291,0.7555803571428571
APTOS 2019,0,No DR,93.09034482758621,17.177450431579473,74.13066612551195,0.47480867346938777
APTOS 2019,0,No DR,56.731333088119385,23.716745473884604,66.11625223931767,0.7973931760204082
APTOS 2019,2,Moderate NPDR,38.68213054496473,19.83663750424096,24.077455840574064,0.903938137755102
APTOS 2019,0,No DR,93.04287092772137,20.797773847784576,116.293794987519,0.47506776147959184
APTOS 2019,4,Proliferative DR,74.98551949515438,16.381165694285016,71.96435921649493,0.7504583864795918
APTOS 2019,0,No DR,115.241483825975,16.811581805222872,131.33526654204826,0.7919921875
APTOS 2019,3,Severe NPDR,104.9278631197702,12.23273709529107,170.89639745190487,0.8341039540816326
APTOS 2019,0,No DR,121.6925014064886,16.549360512776104,149.9086614485091,0.792610012755102
APTOS 2019,4,Proliferative DR,83.48340710730987,13.392200439098417,147.72965982994415,0.8330277423469388
APTOS 2019,2,Moderate NPDR,104.06285586065688,10.385039667153318,37.485180443761486,0.7463329081632653
APTOS 2019,2,Moderate NPDR,87.01131693035302,11.311122206702905,133.5709442965061,0.7507772640306123
APTOS 2019,0,No DR,82.62970461028803,19.614049899737285,96.52087712963441,0.4744897959183674
APTOS 2019,0,No DR,111.17352381462918,16.581733563918405,124.43700507974043,0.7923110650510204
APTOS 2019,3,Severe NPDR,46.311861080686384,18.60993062720286,80.73609991792237,0.9041972257653061
APTOS 2019,0,No DR,98.74211303530676,18.768560953660995,237.45263555077827,0.7913345025510204
APTOS 2019,0,No DR,48.77982577403287,19.016704867120747,150.56786084495909,0.9599410076530612
APTOS 2019,0,No DR,119.35450829084562,13.08920066289165,83.12400981550051,0.47522720025510207
APTOS 2019,2,Moderate NPDR,74.06492824641232,11.894226883881942,84.96845254283316,0.8332868303571429
APTOS 2019,4,Proliferative DR,68.0006,13.965067119065344,107.484642224375,0.8332071109693877
APTOS 2019,0,No DR,108.63703046912784,15.615986589034058,150.64603028307542,0.7908960459183674
APTOS 2019,4,Proliferative DR,73.70029174147217,12.502277526991817,99.28696534297728,0.7460738201530612
APTOS 2019,3,Severe NPDR,56.647206271078296,29.25311032619383,201.0982014748223,0.9052535076530612
APTOS 2019,1,Mild NPDR,116.70957582423075,11.329293988578655,81.5966937195494,0.8335259885204082
APTOS 2019,0,No DR,101.39620820037007,14.571325854205366,206.6878198237005,0.7923110650510204
APTOS 2019,0,No DR,58.8888790684314,14.11357234193982,51.01658827679928,0.9567522321428571
APTOS 2019,0,No DR,48.58517699115044,18.94516008774761,155.51524469246468,0.47373246173469385
APTOS 2019,0,No DR,92.70885259991405,14.532508756546713,171.06850368848328,0.7912348533163265
APTOS 2019,4,Proliferative DR,91.36122458242556,21.231858946855734,28.879440399010797,0.9090800382653061
APTOS 2019,1,Mild NPDR,48.17707905192492,10.737734369828786,36.23434496793161,0.9037786989795918
APTOS 2019,0,No DR,82.74379595588235,16.75163603518847,84.88486834146572,0.47500797193877553
APTOS 2019,1,Mild NPDR,78.3986843584842,10.868785208834325,116.26680070122634,0.7517538265306123
APTOS 2019,0,No DR,114.38061605392485,16.005419202591312,153.91359144681357,0.7913544323979592
APTOS 2019,0,No DR,66.08442695658107,17.91100292861661,90.43366433624587,0.9065888073979592
APTOS 2019,0,No DR,94.45331718476652,17.93152676799668,188.67822291806007,0.7900988520408163
APTOS 2019,2,Moderate NPDR,78.74655564723827,10.109429375558868,161.27451298926428,0.8331273915816326
APTOS 2019,1,Mild NPDR,125.3511637199081,12.921317344147512,73.35194771105395,0.8342036033163265
APTOS 2019,2,Moderate NPDR,54.69691506410256,12.527393321512998,74.1452287502151,0.8321508290816326
APTOS 2019,0,No DR,48.15029142381349,17.520096311910272,117.7621425818633,0.4720982142857143
APTOS 2019,2,Moderate NPDR,117.87656013880338,13.675877369966745,75.98142922414713,0.7478475765306123
APTOS 2019,4,Proliferative DR,94.01004296992106,16.36283683740674,112.54051866151973,0.8337252869897959
APTOS 2019,0,No DR,98.16245128342965,17.76696963952577,228.86477792302085,0.7909159757653061
APTOS 2019,0,No DR,73.24089672434432,28.346975554232575,161.34458127499676,0.9711017219387755
APTOS 2019,0,No DR,120.22956061021284,32.20092288942531,303.3505909127637,0.4778579400510204
APTOS 2019,4,Proliferative DR,86.11801754517508,13.455072735167848,80.23505590022876,0.8333864795918368
APTOS 2019,0,No DR,56.293834878772756,14.207329128952514,39.38666392001146,0.7975326849489796
APTOS 2019,0,No DR,63.455421623467004,17.507078832406435,54.93116938337541,0.7977120535714286
APTOS 2019,2,Moderate NPDR,91.34488383866794,15.845305923739856,107.31047869812774,0.7444395727040817
APTOS 2019,3,Severe NPDR,73.75610234016348,18.293563341740363,135.6798383395981,0.7550223214285714
APTOS 2019,0,No DR,100.32523188600618,21.164134726773693,195.89340850143608,0.7907764668367347
APTOS 2019,3,Severe NPDR,63.420950648528944,28.53968608099612,120.8332251110047,0.5464963329081632
APTOS 2019,0,No DR,93.33727485219305,16.943435948496663,59.808164694931534,0.4763233418367347
APTOS 2019,2,Moderate NPDR,83.48332164398934,11.487688598294644,57.412024015044786,0.7461535395408163
APTOS 2019,0,No DR,95.91769019248396,17.635467777201182,80.20025350946543,0.47642299107142855
APTOS 2019,0,No DR,119.57190707146493,17.152427256866712,117.6821969415305,0.7923708545918368
APTOS 2019,2,Moderate NPDR,68.79215225328865,15.56523164578968,96.98033806155165,0.8330277423469388
APTOS 2019,2,Moderate NPDR,100.11240601503759,11.159727286788664,132.1960388958144,0.7912946428571429
APTOS 2019,0,No DR,93.91399726123029,14.553809646191048,143.02650029790144,0.7915138711734694
APTOS 2019,0,No DR,112.84966689639329,16.52866289191254,128.37434672698137,0.4751076211734694
APTOS 2019,0,No DR,92.14379624075185,12.230201467681791,43.69884167287719,0.8333864795918368
APTOS 2019,2,Moderate NPDR,82.59246481162029,17.668251141519796,88.24447238721656,0.8332469706632653
APTOS 2019,2,Moderate NPDR,90.86128805949207,9.112990351656121,92.36864385173335,0.7459542410714286
APTOS 2019,0,No DR,44.06257845128603,20.489355504177645,102.00785058205855,0.9041573660714286
APTOS 2019,2,Moderate NPDR,73.54271734182977,27.572922646281764,151.53650411690205,0.9061104910714286
APTOS 2019,0,No DR,116.09560668339294,13.911802027412728,109.06073000127954,0.7941844706632653
APTOS 2019,4,Proliferative DR,66.97086956521738,11.524323016255089,81.6886821212642,0.5470145089285714
APTOS 2019,0,No DR,88.25510890929162,16.164582095037908,200.2466166985977,0.7898995535714286
APTOS 2019,2,Moderate NPDR,101.47956045185103,15.450975302921654,171.3265305240905,0.7559988839285714
APTOS 2019,0,No DR,101.01395973154362,12.478707493020462,97.2738430881492,0.7913345025510204
APTOS 2019,0,No DR,50.631280885118294,14.233242588886135,44.97874639011307,0.9721978635204082
APTOS 2019,0,No DR,92.74064797608467,18.483393675127484,157.4829148438293,0.7897799744897959
APTOS 2019,2,Moderate NPDR,81.40483553556368,12.026089585069684,87.73088263122233,0.7516741071428571
APTOS 2019,0,No DR,97.52295479009688,15.665136862006133,140.8163258459042,0.7903380102040817
APTOS 2019,3,Severe NPDR,76.11702190123891,23.187312175269113,77.83797173960421,0.7150829081632653
APTOS 2019,4,Proliferative DR,93.73992136611702,18.049191972998525,96.81228177167691,0.7153619260204082
APTOS 2019,1,Mild NPDR,81.85152303306157,9.996917811715226,63.23556669095174,0.8331672512755102
APTOS 2019,0,No DR,46.19533343843607,9.84831339176549,25.88519075717498,0.7972935267857143
APTOS 2019,0,No DR,100.15602493819198,15.418733605460382,144.15375261845432,0.7908960459183674
APTOS 2019,0,No DR,105.62092416870514,19.56548520760534,188.1057186700957,0.7906768176020408
APTOS 2019,2,Moderate NPDR,80.01409541898883,16.912149316286825,178.2671131782203,0.8334861288265306
APTOS 2019,0,No DR,106.92024918772321,14.460101079967078,146.55244665572502,0.7913345025510204
APTOS 2019,0,No DR,114.12075249222853,17.835104428488165,130.2819272354997,0.7923708545918368
APTOS 2019,0,No DR,84.48670700403373,19.093112493123346,125.32063751617187,0.47620376275510207
APTOS 2019,2,Moderate NPDR,114.4203814531014,11.89921792681759,68.40712393881446,0.7478475765306123
APTOS 2019,2,Moderate NPDR,80.28921073313124,9.473877228565893,77.9670182342081,0.7457948022959183
APTOS 2019,2,Moderate NPDR,68.20191847615575,37.51148125591069,209.7176715009248,0.9054129464285714
APTOS 2019,2,Moderate NPDR,132.55729896329504,10.908392747024724,51.30912034226423,0.7470304528061225
APTOS 2019,0,No DR,95.65553342663365,22.51913587545552,256.8606071948908,0.7901387117346939
APTOS 2019,0,No DR,64.22078519814056,20.93066828653146,96.95458983146702,0.4743502869897959
APTOS 2019,0,No DR,62.27616238883001,17.836486989743282,96.52918892877594,0.47383211096938777
APTOS 2019,0,No DR,112.45653163404643,14.592356121881743,118.10543311648975,0.7927893813775511
APTOS 2019,1,Mild NPDR,74.30652059728371,10.997352503625565,86.88826861226605,0.8329081632653061
APTOS 2019,0,No DR,78.93825726519086,23.50739176905176,260.7970851206655,0.9056521045918368
APTOS 2019,2,Moderate NPDR,112.42930014854676,10.460054840381503,96.50360239887972,0.7541254783163265
APTOS 2019,3,Severe NPDR,68.567376446885,22.577370486825725,133.9954886786383,0.5471938775510204
APTOS 2019,0,No DR,107.86652178579094,12.153792153574358,77.75907916929667,0.7917330994897959
APTOS 2019,4,Proliferative DR,98.43890442424848,16.551709599322212,114.03841518060877,0.8342833227040817
APTOS 2019,0,No DR,98.13167002012072,17.579336509868526,188.67695181884963,0.7914540816326531
APTOS 2019,0,No DR,71.13736278555439,18.65752905793248,163.30417013451336,0.7889628507653061
APTOS 2019,2,Moderate NPDR,71.80862988107714,22.934153711364353,71.48824092846365,0.9054528061224489
APTOS 2019,0,No DR,55.805213398163154,15.824671116086774,146.9823005502304,0.7882852359693877
APTOS 2019,1,Mild NPDR,77.10129398410896,23.389900527358986,87.85054983643857,0.9090401785714286
APTOS 2019,0,No DR,107.30602694779873,15.586629877488622,135.05535994208557,0.7907963966836735
APTOS 2019,3,Severe NPDR,63.278754841486155,16.80170461015542,90.51441660319456,0.7344945790816326
APTOS 2019,0,No DR,94.44655385885267,17.39575131795945,59.40054499840035,0.4760841836734694
APTOS 2019,0,No DR,101.64142132524624,14.843041490486257,172.0974047489913,0.7914740114795918
APTOS 2019,1,Mild NPDR,62.45165970432999,11.284537729332564,56.189780982883974,0.8328483737244898
APTOS 2019,4,Proliferative DR,114.63527354484137,19.53749445493676,118.24923272322177,0.8337452168367347
APTOS 2019,0,No DR,86.58048825256975,13.1260284255585,85.09322298251416,0.4756457270408163
APTOS 2019,0,No DR,101.72132579414334,24.449773336716273,162.1507976885601,0.4748684630102041
APTOS 2019,3,Severe NPDR,66.66422408698736,11.750655043041908,70.26532975517122,0.7141262755102041
APTOS 2019,1,Mild NPDR,80.71246512993687,17.763412350658296,100.82357774042228,0.7149633290816326
APTOS 2019,2,Moderate NPDR,112.11108613670987,15.460607719968523,113.69540917994183,0.8340441645408163
APTOS 2019,0,No DR,47.874211190576354,23.62829634030566,74.96226328347436,0.7967952806122449
APTOS 2019,0,No DR,105.5333512424446,13.86113500589492,113.93464372147483,0.7910953443877551
APTOS 2019,1,Mild NPDR,80.20830940550798,12.834019985094283,64.39870010783814,0.8342633928571429
APTOS 2019,1,Mild NPDR,100.74720251773404,10.42120288615545,53.9691993330241,0.8338847257653061
APTOS 2019,0,No DR,109.23911996145817,16.80836427925814,169.66853453716476,0.7927495216836735
APTOS 2019,1,Mild NPDR,121.70092384519351,11.422582781433226,49.16998388468846,0.8342235331632653
APTOS 2019,0,No DR,95.84956156866964,15.772743218497387,175.1039870712716,0.7903180803571429
APTOS 2019,0,No DR,64.81187125031366,21.03062827937498,30.54243911810182,0.9045161033163265
APTOS 2019,0,No DR,93.00940669022162,13.959451659242859,81.06168310677072,0.47568558673469385
APTOS 2019,2,Moderate NPDR,108.87245788163955,10.678493029069136,100.32493424674992,0.7362284757653061
APTOS 2019,0,No DR,122.65157897561106,10.858654157655389,121.60575385681983,0.7917530293367347
APTOS 2019,2,Moderate NPDR,130.78296333669695,11.017556351690025,49.591727250100725,0.7468112244897959
APTOS 2019,0,No DR,51.09840070055768,17.4048773605044,145.55512348336433,0.473812181122449
APTOS 2019,0,No DR,83.20906045302264,15.319189919551398,120.19430270978519,0.8333067602040817
APTOS 2019,0,No DR,63.28763875908915,27.161944373330282,80.10128326039111,0.9052933673469388
APTOS 2019,2,Moderate NPDR,70.39578917215698,12.209475004740648,53.87983288204944,0.7353117028061225
APTOS 2019,0,No DR,96.72650055103082,19.162650248843214,207.82977443048267,0.7907963966836735
APTOS 2019,0,No DR,94.88521018799925,16.219001982577137,136.91784665328825,0.7906768176020408
APTOS 2019,2,Moderate NPDR,94.76746045628326,19.558049594879733,68.44677550996181,0.8337452168367347
APTOS 2019,4,Proliferative DR,101.46471434020951,26.75699156996824,68.87579686969528,0.7153619260204082
APTOS 2019,2,Moderate NPDR,68.70861484118753,9.701801742068113,120.93876404627234,0.7539261798469388
APTOS 2019,0,No DR,44.64642692485016,12.46391462306523,130.33826217791628,0.47361288265306123
APTOS 2019,2,Moderate NPDR,93.4741802473984,15.897568551228414,87.2255462133446,0.7455755739795918
APTOS 2019,0,No DR,107.33257342094676,18.830328061852715,172.41841932816584,0.7918327487244898
APTOS 2019,2,Moderate NPDR,32.80572395964403,13.608091907234916,35.39721980102514,0.9024433992346939
EyePACS 2015,3,Severe NPDR,129.83807716635042,28.589975750506817,402.86500841618795,0.45017538265306123
EyePACS 2015,2,Moderate NPDR,111.29028712735266,15.377270598669112,177.91298166213022,0.4770607461734694
EyePACS 2015,0,No DR,109.62853008244167,24.075227324030653,443.6465526132243,0.4975087691326531
EyePACS 2015,2,Moderate NPDR,98.54557594209865,23.52801241904528,228.37811752099446,0.783561862244898
EyePACS 2015,0,No DR,79.17282195404199,22.47184653987654,85.60782198150821,0.6439532844387755
EyePACS 2015,0,No DR,138.53691779997592,31.512943095763823,196.24200600794643,0.6991589604591837
EyePACS 2015,0,No DR,150.36908425759248,27.363919796707783,213.2031796829192,0.7221978635204082
EyePACS 2015,1,Mild NPDR,91.99416807418974,39.27546832579641,681.0761001849605,0.665656887755102
EyePACS 2015,0,No DR,21.500794971344057,6.8776735547643995,58.28000446658047,0.6980229591836735
EyePACS 2015,0,No DR,150.77216786745535,29.61593816222339,285.13273007262694,0.746711575255102
EyePACS 2015,0,No DR,83.02320548828214,27.653080544410404,378.51149091707526,0.4744897959183674
EyePACS 2015,0,No DR,137.7050554080044,23.149159025747913,145.40815952343914,0.47718032525510207
EyePACS 2015,0,No DR,67.19651156578877,9.344973169742358,84.13770137177221,0.7834422831632653
EyePACS 2015,1,Mild NPDR,81.0759425669076,24.043181376081737,127.84345454477632,0.4487404336734694
EyePACS 2015,0,No DR,109.49247575015865,15.782138272413379,87.27887488084711,0.48166454081632654
EyePACS 2015,0,No DR,118.29007611986756,25.865740193136762,90.48970275309306,0.7398357780612245
EyePACS 2015,0,No DR,157.41246316271352,25.60282666480095,225.0037528246351,0.7402941645408163
EyePACS 2015,0,No DR,99.2137139087938,14.959294399445291,191.76523195781255,0.7110172193877551
EyePACS 2015,0,No DR,89.70737433253545,27.20015621962373,297.3749057767148,0.47480867346938777
EyePACS 2015,0,No DR,142.5343373019002,15.186573380676709,60.68584137483723,0.546516262755102
EyePACS 2015,1,Mild NPDR,85.01243457309812,28.712640510391484,255.03545905175372,0.7575932716836735
EyePACS 2015,0,No DR,68.92323102812725,21.01279497944321,79.82696487381702,0.7834422831632653
EyePACS 2015,0,No DR,91.40033120542749,24.704012855790573,142.2594442382207,0.7834821428571429
EyePACS 2015,2,Moderate NPDR,89.29297430548971,31.529098816660913,385.95343640927905,0.46153539540816324
EyePACS 2015,0,No DR,110.81177740533477,29.877202702822768,472.359687929907,0.7414301658163265
EyePACS 2015,3,Severe NPDR,132.25395746608896,30.589507438381588,149.22900267207513,0.7399952168367347
EyePACS 2015,1,Mild NPDR,120.247748610845,22.520598652790056,238.34529666840697,0.45707110969387754
EyePACS 2015,0,No DR,89.27300646263953,22.45571407372816,170.08462533036123,0.7836017219387755
EyePACS 2015,0,No DR,76.57672621921778,11.492095370880246,145.7756581576161,0.45376275510204084
EyePACS 2015,3,Severe NPDR,113.63638895335345,39.6746325315656,97.26845386081182,0.47092235331632654
EyePACS 2015,0,No DR,57.339405529804544,29.52249451793089,111.58243372648711,0.6555125956632653
EyePACS 2015,0,No DR,110.17081999164695,25.573971904318334,317.44577595835085,0.4709622130102041
EyePACS 2015,0,No DR,102.99150125484827,19.7972205488696,252.54386927506872,0.7342354910714286
EyePACS 2015,0,No DR,112.87813924516549,20.154475428307023,165.50353783079603,0.7394172512755102
EyePACS 2015,3,Severe NPDR,68.6748331456508,17.448279432411404,102.00969260552752,0.7608418367346939
EyePACS 2015,1,Mild NPDR,91.2572978558512,25.538566208002134,191.9961908173464,0.7318638392857143
EyePACS 2015,0,No DR,88.17753706944949,26.936556401311332,507.01274087534387,0.6446707589285714
EyePACS 2015,2,Moderate NPDR,69.62374471458774,28.384361698700427,303.5271404651648,0.6443718112244898
EyePACS 2015,0,No DR,161.89902280130292,19.77526196600589,155.81532631058542,0.4569714604591837
EyePACS 2015,1,Mild NPDR,72.3406627008395,26.238708891504825,137.56721467162666,0.7527503188775511
EyePACS 2015,0,No DR,88.6721392706131,29.123289553085616,456.24273262688723,0.6444714604591837
EyePACS 2015,0,No DR,102.0777339215231,31.986119779190027,177.1947901162944,0.470703125
EyePACS 2015,0,No DR,99.68985378821445,20.41923826647658,123.54281599516294,0.7576530612244898
EyePACS 2015,0,No DR,139.92867414437734,28.207081269802316,400.7911268687326,0.45675223214285715
EyePACS 2015,0,No DR,102.66140849926731,19.822631055032833,160.215556255709,0.7293327487244898
EyePACS 2015,4,Proliferative DR,96.75888435137718,18.776566190219953,58.57369974303853,0.7241908482142857
EyePACS 2015,0,No DR,99.07127479272594,26.341072405654586,212.20394403092666,0.47694116709183676
EyePACS 2015,0,No DR,116.9023344725714,29.935729622088104,283.2209671049275,0.7263831313775511
EyePACS 2015,0,No DR,87.55498289837418,32.85676258496085,421.2166825700854,0.4667370854591837
EyePACS 2015,0,No DR,99.85615497343836,29.403422207849296,249.8083981369419,0.4770408163265306
EyePACS 2015,0,No DR,169.5779046988384,24.6281490791903,429.3643150847498,0.7577726403061225
EyePACS 2015,0,No DR,118.23708988829756,22.169988335711714,98.40972088264583,0.7173150510204082
EyePACS 2015,0,No DR,76.5015330298244,25.472264630751404,251.38357936176075,0.47050382653061223
EyePACS 2015,1,Mild NPDR,92.72914938715326,29.78514895299564,238.73955906329516,0.4741709183673469
EyePACS 2015,0,No DR,124.83426797199252,21.004294113027534,168.12285318027034,0.6702008928571429
EyePACS 2015,0,No DR,66.10283638395975,21.91367099853268,133.11976566373121,0.4694076849489796
EyePACS 2015,0,No DR,105.36544041935785,12.543584301296493,124.38888238294969,0.46739477040816324
EyePACS 2015,0,No DR,91.09995864920744,21.93674481909545,155.54695429972725,0.7581313775510204
EyePACS 2015,0,No DR,123.29829902000053,16.732251557595067,202.2076281569133,0.7837013711734694
EyePACS 2015,0,No DR,96.54734633703788,32.65887894407052,103.81504630286351,0.7393973214285714
EyePACS 2015,0,No DR,119.30154804433452,27.3210806789853,393.4864163016103,0.4770009566326531
EyePACS 2015,1,Mild NPDR,119.08049735206079,21.720820121224598,206.50968963742247,0.47446986607142855
EyePACS 2015,0,No DR,72.60804564725383,32.148620345228544,400.9543298703481,0.6654775191326531
EyePACS 2015,0,No DR,32.810207985673,12.531346182184196,184.33320511307483,0.5388432716836735
EyePACS 2015,2,Moderate NPDR,105.58175483795415,25.7435771899966,179.7280946999799,0.7185108418367347
EyePACS 2015,0,No DR,112.04539000595429,23.993934273043845,273.54747823649006,0.4769810267857143
EyePACS 2015,0,No DR,85.6404570806693,28.335559314261797,287.7563688064121,0.48148517219387754
EyePACS 2015,0,No DR,118.75009862797528,18.077055066642888,368.15491350241496,0.4977877869897959
EyePACS 2015,0,No DR,114.66052724788747,27.948019819578548,249.81818670560008,0.4338528380102041
EyePACS 2015,1,Mild NPDR,147.5636722173532,14.664465873180307,246.6930400013518,0.4979272959183674
EyePACS 2015,0,No DR,144.45490958003288,38.19280497878763,231.57551529355456,0.7129504145408163
EyePACS 2015,0,No DR,111.77851123595505,32.236524299421255,717.4476977514062,0.46707589285714285
EyePACS 2015,0,No DR,94.23532477377174,22.88273299800391,448.4130535157607,0.4617944834183674
EyePACS 2015,0,No DR,131.63743667133772,21.230813499998785,82.25087848713233,0.4087013711734694
EyePACS 2015,2,Moderate NPDR,49.46358317593403,26.181783481404192,214.99414850383585,0.4744499362244898
EyePACS 2015,0,No DR,107.47708223573926,19.506631759290162,222.38334133369014,0.45723054846938777
EyePACS 2015,0,No DR,77.56623152503688,13.157966317186036,76.36358161686094,0.7514748086734694
EyePACS 2015,0,No DR,70.86237115132793,18.258305158497866,141.30826819878553,0.6352638711734694
EyePACS 2015,0,No DR,160.96446822581615,19.696430584916037,232.12395517391596,0.7043008609693877
EyePACS 2015,0,No DR,119.49331289634237,23.889331723001245,51.56249189899465,0.6995176977040817
EyePACS 2015,0,No DR,125.7375296912114,18.038599408424943,48.521134111552975,0.7402543048469388
EyePACS 2015,0,No DR,163.02097254197315,21.550493167997466,154.32446865361516,0.7461535395408163
EyePACS 2015,0,No DR,45.88905745188931,22.84244753541076,320.4806234644756,0.7563376913265306
EyePACS 2015,2,Moderate NPDR,87.10086883798726,32.22505277830794,250.41518126144194,0.47036431760204084
EyePACS 2015,0,No DR,142.22565459610027,24.288601916687707,242.28174214895913,0.7534080038265306
EyePACS 2015,0,No DR,64.93859344533774,12.582028007690754,80.57374659253317,0.7834622130102041
EyePACS 2015,0,No DR,107.30990170222968,23.3496291975551,221.7760407273774,0.4566127232142857
EyePACS 2015,0,No DR,47.72117650320184,21.283717589168223,79.77839292417796,0.7569355867346939
EyePACS 2015,0,No DR,70.94040713288216,34.28159266963858,113.35448129688886,0.7791175063775511
EyePACS 2015,0,No DR,87.49516583859273,29.545487358995132,525.6848229288593,0.6353037308673469
EyePACS 2015,2,Moderate NPDR,75.18379373848987,19.006553943044718,262.97297988970627,0.4747289540816326
EyePACS 2015,0,No DR,138.36927572331865,22.017364392857342,314.0470260145391,0.4569714604591837
EyePACS 2015,0,No DR,160.50276502792678,22.795395874900617,288.79594564320547,0.7575135522959183
EyePACS 2015,2,Moderate NPDR,155.76732099985878,23.822178877659816,247.31308064143917,0.7414301658163265
EyePACS 2015,2,Moderate NPDR,122.56841390548615,26.73713179972637,51.5553693069415,0.7741549744897959
EyePACS 2015,0,No DR,54.980513938934195,30.139734775347954,184.60014762343215,0.46155532525510207
EyePACS 2015,2,Moderate NPDR,66.31114723789487,21.716701379306283,381.69175453628543,0.6654974489795918
EyePACS 2015,0,No DR,109.64589483529653,17.664253956110386,77.47314007975137,0.7299505739795918
EyePACS 2015,0,No DR,82.55170011148272,25.142945528633113,128.19206668282015,0.4705436862244898
EyePACS 2015,0,No DR,114.6105775555848,13.732683144847451,81.60292575279064,0.4975087691326531
EyePACS 2015,2,Moderate NPDR,64.74543997863533,14.254058916330992,47.952776583293804,0.7835817920918368
EyePACS 2015,2,Moderate NPDR,69.44323804288071,16.175809157591996,147.47948690024924,0.4768813775510204
EyePACS 2015,0,No DR,58.8629896613867,27.854729431109984,276.3852317972201,0.4613759566326531
EyePACS 2015,0,No DR,103.2089063338322,22.73935865318953,291.70634919230616,0.7436025191326531
EyePACS 2015,3,Severe NPDR,72.70661437148945,25.913834052435302,279.375351313498,0.4524075255102041
EyePACS 2015,0,No DR,136.9729540174462,14.031163555540966,123.02598656465976,0.49776785714285715
EyePACS 2015,0,No DR,163.04430076628353,18.22728474264931,138.10460826140252,0.45723054846938777
EyePACS 2015,0,No DR,90.53376916348235,26.350440687564006,309.1031810280707,0.47474888392857145
EyePACS 2015,0,No DR,120.03368740515933,19.494838770928833,162.0152337516237,0.43399234693877553
EyePACS 2015,0,No DR,82.17825762733845,36.674021041181426,577.6336007881856,0.6553531568877551
EyePACS 2015,0,No DR,153.9874308118081,23.928003870559916,147.79095514832775,0.7334582270408163
EyePACS 2015,0,No DR,28.776520237866873,13.466505016232626,67.80355102077915,0.5408761160714286
EyePACS 2015,0,No DR,81.4146039255442,20.572854479306436,183.13013291921763,0.7431640625
EyePACS 2015,0,No DR,66.61610832969322,28.459179590821893,481.0512903092002,0.6348254145408163
EyePACS 2015,0,No DR,122.39762348555452,17.666352302381032,38.00589700250754,0.4691685267857143
EyePACS 2015,0,No DR,68.02524127691166,23.640623841543622,281.0703292692947,0.7336176658163265
EyePACS 2015,0,No DR,76.21638223432952,10.453431337202913,51.005518634119696,0.7835817920918368
EyePACS 2015,0,No DR,94.74264117385505,22.44296204709842,399.8634473362104,0.4908920599489796
EyePACS 2015,0,No DR,129.61296337402885,27.99309238933922,216.97810576532916,0.4912906568877551
EyePACS 2015,2,Moderate NPDR,84.0753939926418,12.595063772533816,59.44836126116809,0.7679767219387755
EyePACS 2015,0,No DR,72.84961054523667,34.3997925701037,119.62238848643939,0.4740712691326531
EyePACS 2015,2,Moderate NPDR,111.9171845509368,31.651456004003528,243.73304753799277,0.47464923469387754
EyePACS 2015,0,No DR,145.0766308477152,17.972221587552518,80.21011417391661,0.7736766581632653
EyePACS 2015,0,No DR,75.53778572954496,15.730259135751956,108.48314527013596,0.7836415816326531
EyePACS 2015,0,No DR,83.98432325606238,17.94154072554027,62.795215227135294,0.7835817920918368
EyePACS 2015,0,No DR,80.51176733210026,38.491525353100386,89.04582451916639,0.6652184311224489
EyePACS 2015,0,No DR,105.55193942989519,24.999165316098622,222.19851903799756,0.7409119897959183
EyePACS 2015,0,No DR,167.8151317948157,25.65590794838998,347.9054144432484,0.7647480867346939
EyePACS 2015,0,No DR,104.06511280302676,15.416492289622123,186.1188786625688,0.4684909119897959
EyePACS 2015,4,Proliferative DR,43.07947460304265,14.490384330009391,99.52765906079608,0.7572146045918368
EyePACS 2015,2,Moderate NPDR,102.04544911966578,24.062450940000907,131.912320158843,0.7158402423469388
EyePACS 2015,2,Moderate NPDR,143.1257427751529,27.805636839265933,335.6115085456653,0.7293526785714286
EyePACS 2015,2,Moderate NPDR,70.9165245404586,26.454904866277847,358.37388559173326,0.4618542729591837
EyePACS 2015,2,Moderate NPDR,114.22721962616822,30.82782344081959,130.75617065710415,0.6931401466836735
EyePACS 2015,0,No DR,55.821340114263066,15.275510430645252,93.30121780047253,0.6446707589285714
EyePACS 2015,0,No DR,48.28268011660728,18.59312815935634,88.76218662271155,0.47243702168367346
EyePACS 2015,3,Severe NPDR,63.291394418274834,22.742645163361598,350.2357909736272,0.43345424107142855
EyePACS 2015,2,Moderate NPDR,117.37658297182419,15.838645732894115,237.0907241143021,0.49794722576530615
EyePACS 2015,3,Severe NPDR,71.44299921257546,16.392733564793165,65.52329455903204,0.7329001913265306
EyePACS 2015,0,No DR,118.85683895820158,32.858793528329784,295.17072716680605,0.7290138711734694
EyePACS 2015,0,No DR,68.13157138753232,22.087980608928497,55.58386495807315,0.4571508290816326
EyePACS 2015,0,No DR,142.60756036795706,19.375837531785844,251.0789505501859,0.45705117984693877
EyePACS 2015,0,No DR,111.46423234174539,23.065603713877074,287.63872396398625,0.7502989477040817
EyePACS 2015,0,No DR,50.26798457087753,11.440973714881213,100.98051891025312,0.454280931122449
EyePACS 2015,0,No DR,157.86099814083198,22.377928128585534,233.2768141402841,0.7274792729591837
EyePACS 2015,0,No DR,84.37247201155652,31.86296365871067,320.4121330011721,0.48359773596938777
EyePACS 2015,0,No DR,72.21916431340641,24.306800188913677,144.01481622330292,0.4572903380102041
EyePACS 2015,0,No DR,119.59625221575082,24.901749019133174,326.4651743766962,0.4334741709183674
EyePACS 2015,2,Moderate NPDR,104.02799414624936,24.68309494969532,119.52404172041655,0.4634486607142857
EyePACS 2015,0,No DR,101.22880528298377,26.167764673605472,169.0659685418375,0.47012515943877553
EyePACS 2015,0,No DR,61.7977282172046,22.88646503028196,236.45422580409885,0.7573740433673469
EyePACS 2015,2,Moderate NPDR,139.74305422494731,21.36372585648171,266.2802449011327,0.45705117984693877
EyePACS 2015,0,No DR,144.95066104617743,25.632767335950728,277.3796051652875,0.45703125
EyePACS 2015,0,No DR,82.49033187434208,21.649196629809744,318.7465359303583,0.7574338329081632
EyePACS 2015,1,Mild NPDR,60.71759130964917,20.71263826616317,290.3419749612601,0.757194674744898
EyePACS 2015,0,No DR,57.26498773204944,17.798041975021054,31.161305556495744,0.4721181441326531
EyePACS 2015,0,No DR,100.87766476243556,25.453876275045136,269.48075141417587,0.7558992346938775
EyePACS 2015,0,No DR,73.66458091691594,28.355555282958573,214.26516074025986,0.6951929209183674
EyePACS 2015,0,No DR,153.8538373095717,26.171839345854345,236.81901050563502,0.4569515306122449
EyePACS 2015,1,Mild NPDR,52.801357904946656,22.936388791941372,180.81090903079766,0.7571747448979592
EyePACS 2015,0,No DR,153.03192763070373,18.130874652808153,189.83501082330346,0.49220742984693877
EyePACS 2015,2,Moderate NPDR,27.23766816143498,11.379218823556979,64.55471376373994,0.6394292091836735
EyePACS 2015,0,No DR,150.06764394206994,20.230549306118185,83.47172083532989,0.7136280293367347
EyePACS 2015,0,No DR,126.33835654085746,20.33653463362818,81.02569828179908,0.47696109693877553
EyePACS 2015,0,No DR,67.99328751370578,47.0908656749417,46.044422608239415,0.7835020727040817
EyePACS 2015,0,No DR,94.64868538943986,23.662456127768262,79.85896478612827,0.6858856823979592
EyePACS 2015,0,No DR,29.093089047554898,9.06138358269464,41.677410421882364,0.7832828443877551
EyePACS 2015,0,No DR,126.44946906413705,24.30851575477899,236.84015969781004,0.742805325255102
EyePACS 2015,2,Moderate NPDR,51.27299433821173,12.068041718197565,42.9179975244533,0.783561862244898
EyePACS 2015,0,No DR,100.00862713675214,16.88643108670437,181.74248437385856,0.7834821428571429
EyePACS 2015,4,Proliferative DR,169.29898527940546,21.14603504607895,204.29450130947933,0.7331792091836735
EyePACS 2015,0,No DR,104.94757433489828,23.212320124025712,224.06531180955918,0.4748485331632653
EyePACS 2015,0,No DR,148.3165357348151,24.99243642229952,227.32183568182654,0.45707110969387754
EyePACS 2015,0,No DR,56.25051255056242,17.69557879158701,104.49889207655515,0.7573541135204082
EyePACS 2015,0,No DR,66.6307475829513,21.365063546314055,226.03449473560164,0.48104671556122447
EyePACS 2015,0,No DR,165.37025299013393,29.58257269883074,372.9066632537433,0.7587492028061225
EyePACS 2015,0,No DR,59.94984326018809,24.33761689181766,227.11256589976043,0.480648118622449
EyePACS 2015,0,No DR,153.7009276649024,22.888349053349664,333.6366749535089,0.7431640625
EyePACS 2015,3,Severe NPDR,122.03778801843318,18.28394104367231,129.22115315866625,0.4972297512755102
EyePACS 2015,2,Moderate NPDR,51.15146273367322,20.74196013441783,82.63635385661937,0.6976442920918368
EyePACS 2015,0,No DR,125.5867756402691,26.5928091578087,163.23761443327268,0.7174545599489796
EyePACS 2015,2,Moderate NPDR,90.02594386382304,25.763447737855817,77.168268619765,0.7391581632653061
EyePACS 2015,0,No DR,109.43780250347704,23.783248406550165,238.4088662440687,0.751953125
EyePACS 2015,2,Moderate NPDR,140.21658745638857,29.580726482988705,474.1437066085129,0.763054049744898
EyePACS 2015,0,No DR,158.9614021948901,34.72866870080304,126.48800034396274,0.7284558354591837
EyePACS 2015,0,No DR,81.98583168036271,30.63513293676215,182.08774089366398,0.46324936224489793
EyePACS 2015,0,No DR,62.59612141652614,22.216297834782605,232.04587610967673,0.6552136479591837
EyePACS 2015,0,No DR,124.222542680374,29.575012551782827,372.14579617175553,0.4699856505102041
EyePACS 2015,0,No DR,119.87332565780237,20.278708382159294,205.0028790807313,0.7461336096938775
EyePACS 2015,2,Moderate NPDR,64.87683771222612,32.25085089505871,150.95768501291383,0.4613759566326531
EyePACS 2015,4,Proliferative DR,91.85389655014431,19.23935777330247,236.59532785551403,0.4768614477040816
EyePACS 2015,1,Mild NPDR,124.26880399982457,18.585775627289713,315.6455686373203,0.4975685586734694
EyePACS 2015,0,No DR,93.74757919642465,19.539592625257843,245.28162409332057,0.4979272959183674
EyePACS 2015,2,Moderate NPDR,120.5857363101696,28.04547570717544,181.2582829252871,0.7346938775510204
EyePACS 2015,1,Mild NPDR,107.91336418197645,27.125498996704707,295.99514030883586,0.4768614477040816
EyePACS 2015,0,No DR,141.06750690607734,23.535139393678524,270.07224565234947,0.7283362563775511
EyePACS 2015,0,No DR,174.89078172699521,22.19833962772843,48.27274955678168,0.7680564413265306
EyePACS 2015,0,No DR,110.94089617886924,20.26289133835763,76.24409202892299,0.6987404336734694
EyePACS 2015,2,Moderate NPDR,117.17284889024019,15.163073254980237,242.6083600058543,0.43325494260204084
EyePACS 2015,0,No DR,164.0437649039136,26.590738068168704,326.60205379409535,0.7498007015306123
EyePACS 2015,0,No DR,119.71837605605374,21.842941834433695,149.79662733368744,0.7272201849489796
EyePACS 2015,2,Moderate NPDR,122.04587457197805,13.952381163505457,51.30057632307533,0.4666374362244898
EyePACS 2015,0,No DR,143.46075899066165,21.862983587686994,61.50413840623807,0.7471500318877551
EyePACS 2015,0,No DR,109.52124122644994,26.31917733458653,301.0103556959664,0.7404536033163265
EyePACS 2015,0,No DR,110.01590162504723,22.332937312604543,106.47557867203308,0.7256457270408163
EyePACS 2015,0,No DR,88.62582762055429,26.938290640242975,236.7304535778325,0.7161591198979592
EyePACS 2015,3,Severe NPDR,169.08373598120485,20.197630345835535,66.24433146752766,0.4924465880102041
EyePACS 2015,0,No DR,59.64559294871795,22.530734216115,26.541400256792638,0.7835020727040817
EyePACS 2015,0,No DR,102.28042712584559,21.72097921305037,154.4127318862338,0.7498405612244898
EyePACS 2015,2,Moderate NPDR,101.91396006115924,36.91853008057934,197.56962335341564,0.4717594068877551
EyePACS 2015,2,Moderate NPDR,105.22733548090198,35.32882609407873,132.28938317581648,0.4749282525510204
EyePACS 2015,0,No DR,99.93322041428334,25.16791523376062,187.39792484086968,0.7531289859693877
EyePACS 2015,2,Moderate NPDR,61.06709856547894,26.491451047053623,291.1687979389801,0.4723373724489796
EyePACS 2015,0,No DR,113.79169022887586,17.515119165574195,164.72610996480262,0.7131297831632653
EyePACS 2015,2,Moderate NPDR,71.9370922248497,23.1508130343878,126.15808262696106,0.7351522640306123
EyePACS 2015,0,No DR,44.68917964889161,19.667044660115494,178.03931527162533,0.46482382015306123
EyePACS 2015,0,No DR,144.88972381887004,21.440876413433486,312.0856957879597,0.7481863839285714
EyePACS 2015,0,No DR,93.52066548384282,19.335259513869506,102.6689563989923,0.7210817920918368
EyePACS 2015,2,Moderate NPDR,47.3959444129325,13.865615072548175,42.480220009754944,0.7382613201530612
EyePACS 2015,0,No DR,142.4567818853152,17.692035790578892,241.96031788226875,0.4907126913265306
EyePACS 2015,2,Moderate NPDR,123.28696705705879,34.14160853286921,324.61392175092385,0.729850924744898
EyePACS 2015,2,Moderate NPDR,121.86646112069697,21.661653642032114,139.28307765399703,0.7455955038265306
EyePACS 2015,0,No DR,143.333957619863,27.251419478171382,312.75282878020306,0.7819874043367347
EyePACS 2015,0,No DR,122.98607287449393,35.143582876127006,236.02010005972886,0.6559909119897959
EyePACS 2015,0,No DR,62.595897545471544,9.546387529307909,84.77082527188287,0.7835020727040817
EyePACS 2015,0,No DR,74.3466438740351,13.208999349732103,151.33654018565926,0.7834821428571429
EyePACS 2015,0,No DR,133.51934920489015,19.100942488575477,224.568789791518,0.47536670918367346
EyePACS 2015,0,No DR,189.0529976352761,20.875574377424282,230.79416016781295,0.4714205994897959
EyePACS 2015,0,No DR,130.37829691032405,10.200581024157058,103.46655936921329,0.40919961734693877
EyePACS 2015,0,No DR,69.0027647689443,20.622421190117628,145.84926400216662,0.7421476403061225
EyePACS 2015,0,No DR,150.23809123985447,26.432181467360902,430.3217566960713,0.7496811224489796
EyePACS 2015,4,Proliferative DR,81.12135842068714,24.8202536727785,216.65705434423225,0.6438536352040817
EyePACS 2015,0,No DR,77.74711880483756,31.13554145256794,450.44498547130934,0.4613560267857143
EyePACS 2015,0,No DR,76.52200278885753,31.380539819698406,504.9550971948741,0.6552335778061225
EyePACS 2015,0,No DR,133.54385628742514,27.678337667339253,251.06842297622717,0.45705117984693877
EyePACS 2015,0,No DR,94.05966720974332,14.044385016779632,116.52785270810884,0.7835020727040817
EyePACS 2015,0,No DR,106.45791872035711,24.009683731404625,219.03678382790307,0.47030452806122447
EyePACS 2015,0,No DR,67.43125595751441,17.908463631363276,186.6759080616864,0.48104671556122447
EyePACS 2015,0,No DR,51.22173219480154,7.910283547104847,40.00546572366841,0.46643813775510207
EyePACS 2015,2,Moderate NPDR,84.97722586691658,13.344570082703653,97.38124579815879,0.4665577168367347
EyePACS 2015,0,No DR,145.63814894675733,20.568934645242237,206.75289268672972,0.6382334183673469
EyePACS 2015,2,Moderate NPDR,76.74798313164649,25.315016041598067,165.96048539370656,0.4766422193877551
EyePACS 2015,0,No DR,71.81945891087787,14.786339447648217,126.79797761398795,0.783561862244898
EyePACS 2015,0,No DR,98.0367816091954,30.286025552261677,192.82912616119916,0.7206433354591837
EyePACS 2015,0,No DR,133.15396644867786,21.088886227372754,186.00511549208687,0.7387794961734694
EyePACS 2015,0,No DR,75.6457220679342,17.612795154613796,101.19831321407713,0.7836814413265306
EyePACS 2015,0,No DR,109.57821694237815,22.95452091987659,98.49372468515013,0.7533482142857143
EyePACS 2015,4,Proliferative DR,48.52320923027616,13.900869914143115,114.85289958473913,0.7835419323979592
EyePACS 2015,0,No DR,130.36374133949192,22.03245091136554,102.1413294613284,0.726921237244898
EyePACS 2015,0,No DR,79.25202870678737,16.531004646669007,162.5728692165363,0.4665377869897959
EyePACS 2015,0,No DR,132.25378312100005,25.82372159581753,208.73137392996546,0.7155014349489796
EyePACS 2015,0,No DR,152.899261487965,26.63670817967844,298.657697079439,0.7652463329081632
EyePACS 2015,0,No DR,91.44233674668457,24.519630128815855,490.2958076161571,0.6352638711734694
EyePACS 2015,0,No DR,58.60518162393162,21.451189248135414,163.2794370986456,0.7834821428571429
EyePACS 2015,0,No DR,122.00411720905787,21.629980488478253,278.501547101091,0.49814652423469385
EyePACS 2015,2,Moderate NPDR,108.0360298744289,20.3577633582013,183.52170012517175,0.7637316645408163
EyePACS 2015,0,No DR,87.14457370517928,31.043295412652906,687.4495140544436,0.6655771683673469
EyePACS 2015,0,No DR,85.93554265982446,16.991865236443513,346.06175231985117,0.4564931441326531
EyePACS 2015,0,No DR,61.74032521676501,15.514831183868894,207.16179251867163,0.7573939732142857
EyePACS 2015,0,No DR,80.79626201977338,24.144714719893177,201.3148129335125,0.4835578762755102
EyePACS 2015,0,No DR,37.61302105027074,22.80689726987359,65.49971202149419,0.6647401147959183
EyePACS 2015,0,No DR,163.9077527376607,29.619595644841354,336.80453317623943,0.5438456632653061
EyePACS 2015,0,No DR,47.68636695018226,10.6118646223021,150.6454780964642,0.4509127869897959
EyePACS 2015,2,Moderate NPDR,44.054266047702896,20.837522095006754,102.33749382493558,0.439273756377551
EyePACS 2015,0,No DR,145.80464684537705,27.605467471718686,228.33402154113034,0.7446986607142857
EyePACS 2015,0,No DR,112.38306017126978,24.637833948704863,261.1200652559968,0.7416095344387755
EyePACS 2015,0,No DR,139.00352677140108,25.93010056575358,352.3540435036058,0.4769810267857143
EyePACS 2015,0,No DR,134.94857757813963,33.309086600743875,370.6662242922351,0.46731505102040816
EyePACS 2015,0,No DR,83.93022279625444,21.298249719618628,137.2399480086815,0.6578643176020408
EyePACS 2015,0,No DR,108.43899443170652,20.142730039401105,89.88107613715599,0.7653061224489796
EyePACS 2015,0,No DR,85.06815146059586,24.5061762782426,87.97295645508947,0.7220982142857143
EyePACS 2015,0,No DR,157.48519973177508,25.071944498479123,275.4194964742598,0.45707110969387754
EyePACS 2015,1,Mild NPDR,60.008445945945944,16.566437837636105,111.04283987035663,0.6655970982142857
EyePACS 2015,2,Moderate NPDR,38.31404675731194,17.635766872928656,69.21220272468604,0.44814253826530615
EyePACS 2015,0,No DR,108.5159450350013,47.691112934023174,594.4447927853953,0.6556122448979592
EyePACS 2015,0,No DR,197.30506114388436,11.728509020729739,37.33563009537697,0.8263113839285714
EyePACS 2015,3,Severe NPDR,125.17055267702936,22.769629233066162,180.7357304148359,0.40818319515306123
EyePACS 2015,0,No DR,40.142891753076846,21.35946732197514,122.09083931519503,0.4520886479591837
EyePACS 2015,0,No DR,70.02598511072122,30.232484486407028,162.0670213859027,0.4614357461734694
EyePACS 2015,0,No DR,104.30491171186961,21.89143939837051,326.6200228647802,0.4979671556122449
EyePACS 2015,0,No DR,91.64698066526161,28.631631444292832,98.95138809090523,0.47684151785714285
EyePACS 2015,0,No DR,85.3521608699728,15.990624326274656,142.94748426788024,0.46675701530612246
EyePACS 2015,0,No DR,52.49646352097665,26.763473455003197,195.87583666523378,0.45216836734693877
EyePACS 2015,0,No DR,186.43152904625438,18.77510939191091,177.0754331929596,0.7795161033163265
EyePACS 2015,0,No DR,113.64465172692618,27.685897262473716,212.0469544282198,0.7286152742346939
EyePACS 2015,0,No DR,132.04174960994243,13.532339236564592,113.100213797712,0.40937898596938777
EyePACS 2015,0,No DR,75.31149102122257,21.66250597397123,271.23124553703167,0.48146524234693877
EyePACS 2015,0,No DR,108.08612861873732,31.953518226958387,139.74321696178566,0.7836017219387755
EyePACS 2015,0,No DR,147.20650798671517,30.101925283476444,153.0449970159075,0.5452407525510204
EyePACS 2015,2,Moderate NPDR,103.9046482815583,26.302600986657,241.55245471574145,0.4760642538265306
EyePACS 2015,0,No DR,111.55431291580638,24.151251579103732,187.6212200691839,0.7366470025510204
EyePACS 2015,2,Moderate NPDR,142.107028033166,27.991602906672707,295.34815709526606,0.7424465880102041
EyePACS 2015,2,Moderate NPDR,56.35874906527081,8.845071093944552,36.95795843788905,0.7835817920918368
EyePACS 2015,0,No DR,62.240771437679314,15.126865959061842,260.8595275836675,0.6654575892857143
EyePACS 2015,0,No DR,123.22850262697023,17.687257383915668,310.5706047322269,0.49838568239795916
EyePACS 2015,0,No DR,110.44477657310772,24.64920190694088,138.21661280506933,0.4333545918367347
EyePACS 2015,0,No DR,192.22828617655182,10.811653423421447,42.653631858942155,0.5461375956632653
EyePACS 2015,2,Moderate NPDR,67.71534761696546,18.663581196169606,271.07852602963794,0.45127152423469385
EyePACS 2015,0,No DR,150.86595122886024,24.729561968666008,277.3442591903971,0.4570910395408163
EyePACS 2015,2,Moderate NPDR,112.31379003558719,18.43699539401043,296.486627526168,0.49085220025510207
EyePACS 2015,2,Moderate NPDR,152.25962918485106,25.94573189732386,219.57043200705672,0.7221181441326531
EyePACS 2015,0,No DR,90.2866452991453,13.284716777451196,70.25034002837589,0.7834821428571429
EyePACS 2015,0,No DR,128.96967311788129,24.562414602918615,132.65231078970118,0.47205835459183676
EyePACS 2015,0,No DR,105.60809922551513,19.38473831017858,155.9204777431996,0.7336176658163265
EyePACS 2015,0,No DR,123.98529538967217,21.37744604474354,175.93477627078866,0.7269810267857143
EyePACS 2015,0,No DR,61.63424371654115,21.05967695202801,205.49444230253857,0.481265943877551
EyePACS 2015,0,No DR,45.85116293909326,20.340905543928645,126.34523530633396,0.6649792729591837
EyePACS 2015,0,No DR,74.37488935210303,19.713370459972086,227.7863217447081,0.7335977359693877
EyePACS 2015,1,Mild NPDR,53.63014796218151,15.289058481512722,67.4692413078481,0.7835220025510204
EyePACS 2015,0,No DR,95.41410280029477,26.97645760662359,181.22728004379974,0.47441007653061223
EyePACS 2015,2,Moderate NPDR,73.99209331836595,19.45046271267863,172.10251408792254,0.44899952168367346
EyePACS 2015,0,No DR,71.10980609418283,22.53880048070915,123.39945071861018,0.7574139030612245
EyePACS 2015,0,No DR,129.57939052430456,36.619233569817276,523.7836036617368,0.6560307716836735
EyePACS 2015,0,No DR,40.79649181986844,15.30577442730929,184.56769170667198,0.6990393813775511
EyePACS 2015,1,Mild NPDR,116.228814279643,35.18506799279997,222.84329266042326,0.7430843431122449
EyePACS 2015,0,No DR,24.011393514461,9.527575335462007,36.093831708207006,0.7016501913265306
EyePACS 2015,0,No DR,86.27508884485958,18.409847963956153,156.5240822002364,0.6738679846938775
EyePACS 2015,1,Mild NPDR,72.8719541101735,17.661456561772,200.08817027141933,0.46153539540816324
EyePACS 2015,2,Moderate NPDR,61.66940622402807,22.748575538027183,208.34701093547514,0.4733737244897959
EyePACS 2015,0,No DR,101.11695336331331,51.30194068060397,108.0383459502829,0.6739078443877551
EyePACS 2015,0,No DR,85.22783741971779,27.462383194976834,183.8160419884364,0.46659757653061223
EyePACS 2015,0,No DR,73.577898897176,14.764744389968493,103.70008157728941,0.6655572385204082
EyePACS 2015,2,Moderate NPDR,141.62387737478412,11.936914262025706,91.37770579784394,0.5048628826530612
EyePACS 2015,0,No DR,62.83217474489796,39.88945412317615,343.556828127237,0.6652782206632653
EyePACS 2015,2,Moderate NPDR,40.20652957153151,14.120633812000706,136.64918646833422,0.7571149553571429
EyePACS 2015,0,No DR,108.41863041289024,25.8619960926706,427.11134873847266,0.6353635204081632
EyePACS 2015,0,No DR,107.37293772701413,24.109573493842266,180.8201160759692,0.4984654017857143
EyePACS 2015,0,No DR,94.2265302376801,30.595705763537666,507.9346742490853,0.4760841836734694
EyePACS 2015,0,No DR,111.49299951385512,25.691036149806337,374.684282102046,0.4506138392857143
EyePACS 2015,0,No DR,108.24775397373877,17.826567860284253,88.7581259269059,0.7277582908163265
EyePACS 2015,0,No DR,100.40508337660839,28.43182818956295,159.23997173212365,0.7294921875
EyePACS 2015,2,Moderate NPDR,127.91904654823476,25.40341969350653,166.4767732100113,0.7458346619897959
EyePACS 2015,0,No DR,35.94091175895128,15.866211798797382,73.11215476172657,0.44810267857142855
EyePACS 2015,0,No DR,131.48460566373714,22.272935191449285,167.4962840488733,0.7305086096938775
EyePACS 2015,2,Moderate NPDR,93.89283283088592,26.288785689292812,134.81171405104453,0.45053411989795916
EyePACS 2015,0,No DR,68.75154085555623,17.482322272223016,69.02210211129908,0.6941964285714286
EyePACS 2015,0,No DR,105.9532587405082,32.863396958645964,83.06037131560468,0.7778021364795918
EyePACS 2015,0,No DR,90.10960927484533,21.01870241075247,158.5546088785945,0.7505181760204082
EyePACS 2015,0,No DR,104.23818525519849,14.796202611908,212.03775219769352,0.45216836734693877
EyePACS 2015,0,No DR,145.0045259438783,20.320110508314876,237.87379860898287,0.7242307079081632
EyePACS 2015,2,Moderate NPDR,85.38680425265791,19.399908912612773,180.6005757150607,0.7366071428571429
EyePACS 2015,0,No DR,98.61100693793362,30.060904593490704,129.55613335434063,0.46659757653061223
EyePACS 2015,0,No DR,110.62567101995032,19.988578987373025,151.2409692413138,0.7835419323979592
EyePACS 2015,2,Moderate NPDR,121.18450184501845,17.98298458912548,135.57733346518953,0.49093191964285715
EyePACS 2015,2,Moderate NPDR,58.814333492594365,25.53243489607903,219.906738223035,0.4580875318877551
EyePACS 2015,0,No DR,99.80495457525522,35.60758348549897,471.11437127512636,0.4669563137755102
EyePACS 2015,0,No DR,34.63894973022063,12.024211960036306,30.605942899368934,0.7834422831632653
EyePACS 2015,0,No DR,135.58941733695804,28.592409501698477,184.45031687758376,0.7497409119897959
EyePACS 2015,0,No DR,98.51560763245647,21.267120623403745,65.54250537366426,0.4719387755102041
EyePACS 2015,2,Moderate NPDR,44.82058815377366,16.538218503824073,157.59211960744938,0.7570551658163265
EyePACS 2015,0,No DR,57.842966901157325,21.36335379245848,194.70592834674355,0.6554328762755102
EyePACS 2015,2,Moderate NPDR,48.835415934294204,31.47608711925304,203.11133150093374,0.6752431441326531
EyePACS 2015,0,No DR,60.14458298532395,28.46733287251026,17.528999001027334,0.7072903380102041
EyePACS 2015,0,No DR,85.24425511197663,26.931806098957797,151.24365664308084,0.44991629464285715
EyePACS 2015,2,Moderate NPDR,58.00175869270509,26.6368486456277,145.38568632265816,0.6143176020408163
EyePACS 2015,0,No DR,140.84851010028447,25.28452461490685,272.5665839536186,0.7392378826530612
EyePACS 2015,2,Moderate NPDR,109.38697964318389,23.255713342502773,317.4115305577923,0.7373246173469388
EyePACS 2015,1,Mild NPDR,90.43744248214207,24.170452315054057,418.6082737496854,0.49794722576530615
EyePACS 2015,0,No DR,60.95072869414149,6.688834170280335,43.57743674562464,0.45400191326530615
EyePACS 2015,0,No DR,95.58590182648402,19.54670088373651,47.703535239375796,0.8028938137755102
EyePACS 2015,0,No DR,166.76452988921145,26.377709433394408,123.03426995887313,0.7157206632653061
EyePACS 2015,0,No DR,94.80435955864716,13.000420272604156,84.72919716080366,0.7067920918367347
EyePACS 2015,0,No DR,110.40150401447472,26.602314461009144,218.48990535629332,0.7461933992346939
EyePACS 2015,0,No DR,121.94720030973237,27.681668328251373,311.68029563005297,0.4525868941326531
EyePACS 2015,0,No DR,71.29903120423566,28.874307055552134,175.59527786080324,0.7675382653061225
EyePACS 2015,0,No DR,97.505,20.49544331007529,292.81520386919505,0.6355030293367347
EyePACS 2015,0,No DR,204.8717637212818,20.154230301511305,156.779822704917,0.7737763073979592
EyePACS 2015,0,No DR,170.86729635953077,21.740736456371,157.19972788928098,0.7605827487244898
EyePACS 2015,4,Proliferative DR,68.49757726866444,21.45847849563146,122.38103199957825,0.465023118622449
EyePACS 2015,0,No DR,106.58435567271621,19.56674745090747,215.25911284917677,0.4330955038265306
EyePACS 2015,0,No DR,104.18029552330425,19.662931784000854,262.6374100059499,0.4976084183673469
EyePACS 2015,1,Mild NPDR,134.6819297169398,15.464708931022168,78.0737420039445,0.4978077168367347
EyePACS 2015,0,No DR,135.5660998665796,23.72064141044083,302.4483478560415,0.739616549744898
EyePACS 2015,0,No DR,97.09492267455083,25.894471494943385,112.82563422328444,0.7389787946428571
EyePACS 2015,0,No DR,30.820273942217046,8.880368787709767,38.47465701178553,0.7567960778061225
EyePACS 2015,2,Moderate NPDR,89.32818181818182,37.35663500701256,272.99223877148336,0.7803730867346939
EyePACS 2015,0,No DR,149.50356205474316,25.07395844645635,234.82185952819356,0.7338767538265306
EyePACS 2015,2,Moderate NPDR,155.33894471642475,25.46763259821794,350.61815168634985,0.73828125
EyePACS 2015,0,No DR,108.16823502409915,37.47775802400884,465.71364629472765,0.4759048150510204
EyePACS 2015,0,No DR,37.990228418497544,15.189630302563511,104.2747468928629,0.7177535076530612
EyePACS 2015,0,No DR,68.66818057952584,29.796650666168862,418.5723611189025,0.4807876275510204
EyePACS 2015,1,Mild NPDR,51.846839835262834,11.647537522928259,146.9734570627423,0.6552335778061225
EyePACS 2015,0,No DR,178.48749702310073,17.90917184566606,146.7715008387497,0.45994100765306123
EyePACS 2015,0,No DR,140.8013510352088,30.06125339947659,306.8563204230076,0.7242307079081632
EyePACS 2015,0,No DR,158.14982995641137,21.59691315110973,192.2319308019083,0.45713089923469385
EyePACS 2015,0,No DR,164.40747533192126,28.12469516249254,350.86258236930104,0.8190170599489796
EyePACS 2015,0,No DR,90.69385030888151,27.634214156795643,71.66365479249457,0.6835538903061225
EyePACS 2015,2,Moderate NPDR,53.473941887076684,19.5315591194757,93.29557822242946,0.7237922512755102
EyePACS 2015,0,No DR,68.8336149456435,18.401496177602187,260.3746752982542,0.665397799744898
EyePACS 2015,0,No DR,155.70218050541516,17.124634553846597,89.60972866061071,0.7265824298469388
EyePACS 2015,2,Moderate NPDR,159.9692256150091,15.243609403539295,168.41689097376013,0.45742984693877553
EyePACS 2015,0,No DR,67.51972925393068,27.223867190726917,182.10897035499326,0.6995575573979592
EyePACS 2015,0,No DR,154.16133289343452,21.025440656627893,160.14714572098433,0.7658442283163265
EyePACS 2015,0,No DR,129.10356943224468,31.829062131665193,81.89937975950049,0.7876674107142857
EyePACS 2015,0,No DR,135.64547641823927,33.12449676881238,560.8490170929613,0.7363081951530612
EyePACS 2015,2,Moderate NPDR,141.96215076131867,28.34726193954992,301.6857306591006,0.7329201211734694
EyePACS 2015,0,No DR,72.2616433296397,23.968808623214336,126.44960718759408,0.6352240114795918
EyePACS 2015,0,No DR,139.4173254372676,31.96707269149454,391.4656340521656,0.7619977678571429
EyePACS 2015,0,No DR,122.80281690140845,31.937115834944894,400.0357710037698,0.4672951211734694
EyePACS 2015,2,Moderate NPDR,70.3146738788603,25.36072317688017,417.4450747287738,0.6739477040816326
EyePACS 2015,0,No DR,162.30068419157365,26.355149764152298,343.23200808295235,0.7551419005102041
EyePACS 2015,0,No DR,84.28218508488011,19.35998630274496,319.1180736656138,0.6445511798469388
EyePACS 2015,1,Mild NPDR,125.14529983574333,23.389942809234988,104.02115203917039,0.7776227678571429
EyePACS 2015,0,No DR,83.57921136965305,19.97663357403433,121.66044259671874,0.47060347576530615
EyePACS 2015,0,No DR,101.75245210376754,31.898622813546076,236.04624600444407,0.476741868622449
EyePACS 2015,0,No DR,94.71454144863674,32.429445716436604,411.6470991467211,0.47592474489795916
EyePACS 2015,0,No DR,76.54496611810261,23.76036710246631,197.08752849106307,0.4525669642857143
EyePACS 2015,2,Moderate NPDR,108.21930556165225,24.85966789951162,154.73012582610093,0.49697066326530615
EyePACS 2015,0,No DR,148.16684225117825,29.669000129916174,252.55929567150224,0.7609813456632653
EyePACS 2015,0,No DR,126.90505623670079,24.543744280172174,449.5853433345968,0.4333545918367347
EyePACS 2015,0,No DR,138.22186457880238,17.944072017724473,118.46920243053565,0.7238719706632653
EyePACS 2015,0,No DR,137.00674080679852,22.413249543909842,41.462620970234425,0.7947624362244898
EyePACS 2015,0,No DR,136.37338462203397,15.289387445815645,202.31948711857282,0.5044842155612245
EyePACS 2015,0,No DR,84.40100508786715,30.595393034972645,140.0936348344979,0.6782724808673469
EyePACS 2015,0,No DR,87.13241814005661,24.85399567861918,157.4755592811317,0.7835220025510204
EyePACS 2015,0,No DR,62.28209436196877,14.350273105911551,53.68221917733711,0.7597855548469388
EyePACS 2015,0,No DR,144.54205871042174,41.86504901773575,259.0077789447844,0.8213687818877551
EyePACS 2015,0,No DR,110.94281918819188,24.932062518469497,155.63948469634133,0.7125518176020408
EyePACS 2015,0,No DR,196.9561076009956,13.144771789598982,202.0524576944111,0.45740991709183676
EyePACS 2015,0,No DR,105.3997658627956,41.78919244201443,848.2001706334494,0.466976243622449
EyePACS 2015,0,No DR,120.8720685232686,29.613537472876352,238.21747137708107,0.47696109693877553
EyePACS 2015,2,Moderate NPDR,53.58040963398445,13.864545171189095,145.9979950478571,0.4614955357142857
EyePACS 2015,0,No DR,105.26435567010309,32.38680187464198,145.89133763152302,0.8122010522959183
EyePACS 2015,0,No DR,98.62303912863317,26.246202943584958,268.9573647135267,0.7159598214285714
EyePACS 2015,0,No DR,71.33654745051952,13.677864965473026,70.26705526194543,0.7834622130102041
EyePACS 2015,0,No DR,61.0916860294314,23.172825517766647,82.61091718263883,0.7835419323979592
EyePACS 2015,0,No DR,53.1312394840157,17.374580685014077,79.2972939368334,0.7835817920918368
EyePACS 2015,0,No DR,98.83542106247162,13.322562129587594,100.55538524331067,0.7835020727040817
EyePACS 2015,0,No DR,48.179910941095606,14.84487285315832,84.62690730698787,0.7095623405612245
EyePACS 2015,2,Moderate NPDR,89.80024235645041,22.635734666859214,94.34949246804618,0.6833346619897959
EyePACS 2015,2,Moderate NPDR,198.647267152976,28.830198900257106,332.4363791075792,0.7895009566326531
EyePACS 2015,0,No DR,61.53500208208023,22.040198707950942,50.729525495524484,0.4723971619897959
EyePACS 2015,0,No DR,31.644739360683978,11.330591675255496,64.64226659766787,0.6649593431122449
EyePACS 2015,0,No DR,128.40178380687888,19.495656235971747,64.4591570188893,0.7836615114795918
EyePACS 2015,3,Severe NPDR,68.47954091816368,23.128946889566365,236.9610298443544,0.48130580357142855
EyePACS 2015,0,No DR,92.32068233994943,27.933726097420323,109.81907797768899,0.7219587053571429
EyePACS 2015,0,No DR,86.27500243926237,18.183224740931173,177.7565032105586,0.44917889030612246
EyePACS 2015,0,No DR,152.74054209366918,18.810087141515478,117.96251271654451,0.4571109693877551
EyePACS 2015,0,No DR,166.409771917129,18.50699194073437,184.8131809351966,0.779296875
EyePACS 2015,1,Mild NPDR,49.9169535732916,27.849768174631805,231.45512416716684,0.6518255739795918
EyePACS 2015,0,No DR,142.97530260774562,16.98596929859622,207.63202498239175,0.7332190688775511
EyePACS 2015,0,No DR,38.98157975161837,25.096047424815815,98.51472339611898,0.7566565688775511
EyePACS 2015,2,Moderate NPDR,138.47656068693433,25.12455457638457,139.33761664327943,0.7228356186224489
EyePACS 2015,0,No DR,150.98864996887121,26.733660119841787,172.18816475933335,0.4571906887755102
EyePACS 2015,2,Moderate NPDR,40.56218942930282,30.15555980820348,113.70234364621213,0.6911670918367347
EyePACS 2015,1,Mild NPDR,58.07561813948331,27.628393595294114,286.26549026527516,0.7571548150510204
EyePACS 2015,2,Moderate NPDR,85.60387944402154,25.673419896166198,231.1959719428027,0.7423270089285714
EyePACS 2015,0,No DR,59.9834034487541,20.10939413572765,140.7718794437431,0.4728156887755102
EyePACS 2015,0,No DR,80.7599348360218,11.159870304781975,55.2589985683681,0.783561862244898
EyePACS 2015,0,No DR,140.5006024442022,20.302643394422756,137.05521873369995,0.7364477040816326
EyePACS 2015,0,No DR,103.29874053074313,25.652024941465054,194.2027254453473,0.47042410714285715
EyePACS 2015,0,No DR,109.66104645835243,25.216337326822494,96.75866308322662,0.47684151785714285
EyePACS 2015,2,Moderate NPDR,108.22594298877051,18.93200133370704,92.05250796216696,0.7277981505102041
EyePACS 2015,2,Moderate NPDR,81.20133009267914,18.343866348026303,56.35613616841618,0.7835020727040817
EyePACS 2015,2,Moderate NPDR,80.61463369710366,23.5372025077968,275.04239275282015,0.4746691645408163
EyePACS 2015,0,No DR,81.77058652165469,13.443069253677079,166.17371117169787,0.451351243622449
EyePACS 2015,0,No DR,60.500640265591656,30.21404570405628,215.86115613547227,0.4613560267857143
EyePACS 2015,0,No DR,68.30360334932732,25.634302023069893,348.41479642500985,0.46504304846938777
EyePACS 2015,2,Moderate NPDR,62.09263099682013,16.974863440788575,152.9515613047826,0.4740712691326531
EyePACS 2015,0,No DR,80.47251134852584,22.57842367752893,235.29103941494697,0.476383131377551
EyePACS 2015,0,No DR,120.95091387979886,38.747927419020066,59.9115882948015,0.7921914859693877
EyePACS 2015,3,Severe NPDR,51.59102748836178,14.935293242005438,120.78312865992469,0.7572345344387755
EyePACS 2015,0,No DR,128.77467893425342,23.949879519106627,254.41296821594327,0.456851881377551
EyePACS 2015,0,No DR,31.4538480063302,17.309185430526835,54.653388595548506,0.6366191007653061
EyePACS 2015,0,No DR,16.358974358974358,1.4230191718473446,18.632478632478637,0.07766661352040816
EyePACS 2015,0,No DR,166.2229186602871,20.13611863736586,169.4837707103775,0.4575892857142857
EyePACS 2015,0,No DR,160.88768815129293,25.402435657309795,307.0632219376987,0.7125916772959183
EyePACS 2015,0,No DR,55.14114328329172,23.047697262905164,282.08757714827243,0.6553132971938775
EyePACS 2015,0,No DR,82.25076970878175,18.111735404664255,195.47117504802196,0.7410315688775511
EyePACS 2015,0,No DR,110.89593018156302,19.102670680220523,372.7226521838071,0.4975685586734694
EyePACS 2015,0,No DR,76.79988052568697,32.13953063232447,338.19999380089695,0.47556600765306123
EyePACS 2015,0,No DR,127.78713101523815,18.59566699300738,233.37846048885203,0.7680564413265306
EyePACS 2015,2,Moderate NPDR,77.19721148445501,20.097265586974505,366.60725238923214,0.6443917410714286
EyePACS 2015,0,No DR,107.15690237554682,23.990261324421326,210.74964279152542,0.7578125
EyePACS 2015,2,Moderate NPDR,97.03208280642593,31.954691226502057,522.2937760059469,0.46701610331632654
EyePACS 2015,0,No DR,85.92991608074394,20.904106323000057,173.73230474110642,0.4813257334183674
EyePACS 2015,0,No DR,91.90050645808985,22.599617601574298,143.88553129209015,0.7082071109693877
EyePACS 2015,0,No DR,157.31785061108368,22.066292532028875,88.79883877965055,0.7223971619897959
EyePACS 2015,0,No DR,86.4321914204215,27.057055987872513,349.4958680625284,0.7576331313775511
EyePACS 2015,0,No DR,66.29265413602107,27.88626153950292,365.3729090495059,0.4809470663265306
EyePACS 2015,0,No DR,96.44903846153846,14.354944915250918,127.28440303345754,0.7835020727040817
EyePACS 2015,0,No DR,40.74896081582885,14.284834593493951,53.96076678336903,0.757194674744898
EyePACS 2015,0,No DR,124.22626546037563,16.34991642381031,201.57767614456773,0.7326211734693877
EyePACS 2015,0,No DR,114.62501266849092,26.64511686308683,294.30777633033176,0.4332748724489796
EyePACS 2015,0,No DR,111.31996153317763,17.43442358494354,258.4986059974189,0.4770607461734694
EyePACS 2015,0,No DR,64.61698804780876,14.811842301429182,269.5425203932636,0.6655771683673469
EyePACS 2015,2,Moderate NPDR,132.0317165752847,22.963840073002636,88.61797898197736,0.7509167729591837
EyePACS 2015,0,No DR,100.5319640914037,25.83466328492594,303.9057045021023,0.7677375637755102
EyePACS 2015,0,No DR,135.8819402576048,33.956214208632915,337.5420174047692,0.7683952487244898
EyePACS 2015,0,No DR,60.925102261507355,12.681343730628788,118.01673624236403,0.4651426977040816
EyePACS 2015,0,No DR,78.44104120240861,25.059937097579763,148.19127371861632,0.4614756058673469
EyePACS 2015,0,No DR,133.89727904161091,26.86145650889641,661.6613867434714,0.6658163265306123
EyePACS 2015,1,Mild NPDR,156.50104084617982,24.950038386346403,221.22981934787435,0.7530891262755102
EyePACS 2015,0,No DR,78.14722222222223,16.51220614229546,118.50680390547953,0.7835220025510204
EyePACS 2015,0,No DR,150.2963101974824,33.11949791902034,100.15364453007398,0.7270009566326531
EyePACS 2015,1,Mild NPDR,96.60468470393418,20.050190713649584,93.16453836123763,0.7835020727040817
EyePACS 2015,0,No DR,136.25756960556845,23.07387731853527,174.54395770640772,0.7231744260204082
EyePACS 2015,0,No DR,106.34459636745284,26.488308241239057,284.54414346336495,0.7257453762755102
EyePACS 2015,2,Moderate NPDR,116.87752852075545,22.167134381258176,246.90585861533563,0.4569515306122449
EyePACS 2015,0,No DR,67.41495394945782,20.74611068230306,254.54524150367027,0.48124601403061223
EyePACS 2015,1,Mild NPDR,117.82942117321575,9.617234454111374,115.27933842962209,0.5043048469387755
EyePACS 2015,1,Mild NPDR,78.62081475532416,28.185311045299123,164.36339793938333,0.7576929209183674
EyePACS 2015,0,No DR,86.0553046878637,21.108128939002714,137.99474946502622,0.4694874043367347
EyePACS 2015,2,Moderate NPDR,89.67195088426647,28.211858667962936,252.3741387832621,0.47684151785714285
EyePACS 2015,0,No DR,70.66017512935692,28.387262481879723,50.82542360648805,0.7369658801020408
EyePACS 2015,0,No DR,78.06300579578537,15.89697538114518,103.30477220058708,0.7835020727040817
EyePACS 2015,2,Moderate NPDR,117.76131027039641,19.52196985155756,107.73736421222964,0.7191485969387755
EyePACS 2015,0,No DR,95.62439479411896,30.79099635459435,283.20433551445205,0.49101163903061223
EyePACS 2015,0,No DR,142.0323732771647,49.93958532955688,109.55378023480557,0.4771006058673469
EyePACS 2015,0,No DR,175.61542625169147,21.87908536421179,400.0049325010391,0.7722217793367347
EyePACS 2015,0,No DR,88.55846688034188,21.490870910193564,90.36058445578455,0.7835020727040817
EyePACS 2015,0,No DR,97.15499475369259,22.08822038586333,90.3756210149563,0.7759486607142857
EyePACS 2015,0,No DR,131.26020310404292,23.0461047444979,336.59627608276185,0.4571508290816326
EyePACS 2015,0,No DR,75.36739047980276,31.323904524351263,250.53485792728227,0.4614955357142857
EyePACS 2015,0,No DR,96.6240870602613,21.49883933034318,125.97294985364158,0.7206831951530612
EyePACS 2015,0,No DR,76.30857774299001,25.37215057438755,386.542761356259,0.4746890943877551
EyePACS 2015,0,No DR,141.63416860272153,27.312058881611044,266.02607264242016,0.7570153061224489
EyePACS 2015,0,No DR,151.7288786482335,22.80382620749278,176.36348047256874,0.7626953125
EyePACS 2015,0,No DR,169.81618924688476,31.751540134031547,244.1054781920449,0.8490712691326531
EyePACS 2015,0,No DR,130.76280287565456,19.89588278146918,255.3637805889748,0.4919284119897959
EyePACS 2015,0,No DR,128.1988630697118,19.090007596927833,180.29925845165585,0.6370974170918368
EyePACS 2015,0,No DR,163.05668128573808,24.093287221004548,272.1969802814463,0.7541055484693877
EyePACS 2015,0,No DR,67.92293169385681,10.327303980060272,93.18248078106721,0.45250717474489793
EyePACS 2015,0,No DR,138.6485147104896,32.87313620473426,203.16275536530833,0.7357900191326531
EyePACS 2015,2,Moderate NPDR,105.80007473841555,25.418884935990956,238.74287653794283,0.7290138711734694
EyePACS 2015,4,Proliferative DR,114.95275515093435,36.174568374162575,198.62735440765604,0.45703125
EyePACS 2015,2,Moderate NPDR,72.79586188121058,26.807850621904734,339.07758437233724,0.4812061543367347
EyePACS 2015,0,No DR,113.15429805615551,8.649031075568622,117.03280218501742,0.5045838647959183
EyePACS 2015,0,No DR,45.57660915888764,18.65030790376152,65.76530616424976,0.44844148596938777
EyePACS 2015,0,No DR,81.79937728016102,32.82790168917394,529.3156611438872,0.6738480548469388
EyePACS 2015,0,No DR,85.95347595011083,14.510498788472884,92.52039073681806,0.7835419323979592
EyePACS 2015,0,No DR,34.59240420481519,13.605245129217588,48.44768144346151,0.6139787946428571
EyePACS 2015,2,Moderate NPDR,94.37542182227222,27.66060311556997,207.34611199296094,0.46659757653061223
EyePACS 2015,0,No DR,212.91659217877094,17.467015158702768,147.61433598748482,0.7490035076530612
EyePACS 2015,0,No DR,45.97051863812255,14.292891037194037,38.453378732014684,0.7568957270408163
EyePACS 2015,2,Moderate NPDR,149.9944478544724,26.005381984678646,127.40909957173328,0.7653459821428571
EyePACS 2015,0,No DR,78.41248961506508,20.920500021812543,177.43437467641144,0.7577128507653061
EyePACS 2015,2,Moderate NPDR,56.28647849208597,22.668675326373187,224.37502084614724,0.6735690369897959
EyePACS 2015,0,No DR,82.88531093992793,22.117377842024815,100.99497799718782,0.6439732142857143
EyePACS 2015,2,Moderate NPDR,91.49262512656323,24.42054387502909,228.42532575719338,0.7672791772959183
EyePACS 2015,0,No DR,103.1918908182953,31.358266202411613,348.17622558227634,0.7389987244897959
EyePACS 2015,0,No DR,145.29065675759367,23.762510928456766,247.38032287605844,0.7454360650510204
EyePACS 2015,2,Moderate NPDR,91.95389908256881,24.949251858189932,179.45697843405438,0.47620376275510207
EyePACS 2015,0,No DR,110.19389160828912,19.675312695951657,106.35226917494067,0.7159199617346939
EyePACS 2015,2,Moderate NPDR,117.6460453048016,24.550992263692898,128.6083808859088,0.7217195471938775
EyePACS 2015,0,No DR,80.5725204899162,27.949754030328272,318.1553890626647,0.4746890943877551
EyePACS 2015,0,No DR,107.9213117757523,25.114030978548918,213.79030526290987,0.4770607461734694
EyePACS 2015,0,No DR,83.05320589406611,15.571778002367159,91.950677287381,0.7855747767857143
EyePACS 2015,1,Mild NPDR,72.50763745000722,8.204051658661793,119.80809801021881,0.45469945790816324
EyePACS 2015,1,Mild NPDR,130.57104627071823,31.677610568969328,325.3682392888698,0.7376833545918368
EyePACS 2015,3,Severe NPDR,58.224542424051826,21.35541030986926,100.04199595221425,0.673828125
EyePACS 2015,0,No DR,81.5377945276833,21.947318612206683,93.5440507566611,0.6934390943877551
EyePACS 2015,0,No DR,76.26192374431365,14.600978837980492,134.9543320430747,0.4666374362244898
EyePACS 2015,4,Proliferative DR,27.44883046172583,9.061372407321368,23.15655524652648,0.6290258290816326
EyePACS 2015,2,Moderate NPDR,107.31940383250533,27.9139127722934,377.096262403962,0.7433235012755102
EyePACS 2015,0,No DR,117.30263003059544,19.778796914680843,101.5722414348764,0.7149433992346939
EyePACS 2015,0,No DR,84.11796396061676,34.832067314614136,290.3857688847749,0.4706234056122449
EyePACS 2015,0,No DR,95.12026510793022,20.179932024734295,99.62738117263275,0.4748684630102041
EyePACS 2015,0,No DR,62.51350446962092,20.364905638426066,164.02454357416994,0.4577487244897959
EyePACS 2015,0,No DR,124.70794834687743,19.561249177526648,169.5221160965617,0.7563177614795918
EyePACS 2015,2,Moderate NPDR,150.33174415079782,25.81341653957076,218.825793456963,0.7595065369897959
EyePACS 2015,0,No DR,53.73018474788165,23.211390521275135,170.2084081772636,0.7571149553571429
EyePACS 2015,0,No DR,163.2934934934935,22.22463489890918,290.96329118152084,0.7392578125
EyePACS 2015,2,Moderate NPDR,116.54135672254912,21.938829501192814,69.93654133211885,0.7579719387755102
EyePACS 2015,0,No DR,93.2451328825287,17.163067604122947,354.5298538786906,0.6738879145408163
EyePACS 2015,0,No DR,159.2371774587924,24.271591020201114,295.4473396681409,0.7348931760204082
EyePACS 2015,0,No DR,60.8366306456082,17.481878971898283,76.90856489283856,0.7572743941326531
EyePACS 2015,0,No DR,110.5669926375541,15.739138288046346,145.26036164109087,0.7503188775510204
EyePACS 2015,0,No DR,76.96533541646323,20.853719543389396,56.112809265169524,0.44886001275510207
EyePACS 2015,0,No DR,55.323617422143414,18.282039391915067,87.00463673612236,0.7573142538265306
EyePACS 2015,0,No DR,153.10022558814052,15.461646462896926,169.96792803103963,0.47462930484693877
EyePACS 2015,2,Moderate NPDR,75.27442916277207,19.341997258546378,52.674767551272645,0.7835817920918368
EyePACS 2015,0,No DR,92.7395666018542,13.215417254342245,48.2249974152666,0.7427654655612245
EyePACS 2015,0,No DR,100.78583301740981,13.966936003410883,48.73125410760351,0.7354312818877551
EyePACS 2015,1,Mild NPDR,100.71833839918946,29.972075178200093,422.52063198191496,0.4744897959183674
EyePACS 2015,0,No DR,171.18889620725616,22.32114256572737,322.23646269558833,0.7692323022959183
EyePACS 2015,0,No DR,118.96633490804018,25.507924049667437,247.28472347152476,0.4762635522959184
EyePACS 2015,0,No DR,63.95136177618891,15.059159735092223,70.39088219216617,0.465023118622449
EyePACS 2015,0,No DR,68.6607810905793,8.52192117336293,25.79382330617202,0.7387197066326531
EyePACS 2015,0,No DR,61.21970412338684,23.336059779479424,163.54367226214464,0.6733896683673469
EyePACS 2015,3,Severe NPDR,137.78357565486277,25.533053817530032,189.94782269452742,0.7121133609693877
EyePACS 2015,0,No DR,138.53185762680403,29.749046572108377,170.7127559715325,0.4710020727040816
EyePACS 2015,0,No DR,65.65040088471109,22.669095078860558,322.3297173696902,0.4743502869897959
EyePACS 2015,0,No DR,93.13910712635179,24.74458610351033,129.13750899278645,0.47285554846938777
EyePACS 2015,0,No DR,146.60793521491206,23.022097406484203,193.87126036239184,0.45705117984693877
EyePACS 2015,0,No DR,88.72030004688233,31.78027095012519,436.3391203134983,0.4664979272959184
EyePACS 2015,0,No DR,85.01193968752132,22.41116720608211,205.22498502625237,0.626335299744898
EyePACS 2015,0,No DR,83.91354628492067,19.782625090478817,84.85803608643027,0.7835220025510204
EyePACS 2015,0,No DR,99.42500350778728,15.114753659036786,87.15061740479669,0.4678930165816326
EyePACS 2015,0,No DR,77.50970757110429,10.865412852537158,82.27096452479795,0.7835817920918368
EyePACS 2015,0,No DR,143.90184244886117,22.492602348210706,207.03574355463016,0.7325813137755102
EyePACS 2015,0,No DR,111.81596958174904,20.319911175429866,175.26263079428867,0.7431042729591837
EyePACS 2015,0,No DR,86.12221737232649,33.67237741429579,425.7136595227477,0.6352638711734694
EyePACS 2015,0,No DR,66.35142594296228,17.107490043440123,148.95356335774474,0.4523875956632653
EyePACS 2015,0,No DR,103.62825586746433,26.872415104574642,298.89082713653676,0.47480867346938777
EyePACS 2015,3,Severe NPDR,121.07533186741591,22.190379742573874,215.76593494092918,0.7725406568877551
EyePACS 2015,0,No DR,115.11884230804513,31.834994698008796,322.3749788408913,0.4762436224489796
EyePACS 2015,1,Mild NPDR,42.248054727013354,19.001795993585233,61.63944408814696,0.6553730867346939
EyePACS 2015,0,No DR,63.29146306409888,27.363215383665967,81.23790161292168,0.6724330357142857
EyePACS 2015,0,No DR,92.87983761117492,12.889746807138405,99.28447927717629,0.7835020727040817
EyePACS 2015,0,No DR,152.3436747414648,21.341186593762934,68.9043201922974,0.7504583864795918
EyePACS 2015,0,No DR,101.1215525758645,26.5831708212815,88.93616294844985,0.7414700255102041
EyePACS 2015,0,No DR,77.34269662921348,28.241066550666993,449.27193468350305,0.6442522321428571
EyePACS 2015,0,No DR,85.25580880112992,28.623767420052047,304.8206436317216,0.7575932716836735
EyePACS 2015,0,No DR,104.3061235986705,25.17763439770066,132.72524000953595,0.7479671556122449
EyePACS 2015,0,No DR,140.41008333333335,28.36157266235327,314.48304604861113,0.7590082908163265
EyePACS 2015,0,No DR,133.36925427024025,28.500379012972534,117.65348071848757,0.4721580038265306
EyePACS 2015,0,No DR,117.58060646051408,25.76420396474061,211.68572383086305,0.7067920918367347
EyePACS 2015,0,No DR,177.40093797856048,17.166474075892733,158.88022359905267,0.4575294961734694
EyePACS 2015,0,No DR,116.70922921203571,18.61465546442867,180.54077312084627,0.6928611288265306
EyePACS 2015,0,No DR,71.2407441016334,23.831995349741995,138.9229368397996,0.48124601403061223
EyePACS 2015,0,No DR,181.97435553618718,16.767375931998806,162.24894289432268,0.6361208545918368
EyePACS 2015,0,No DR,126.6161373543279,18.419089127635555,96.10304177669845,0.4907724808673469
EyePACS 2015,0,No DR,122.5196316592283,27.427183696357222,275.22432074378804,0.745735012755102
EyePACS 2015,0,No DR,163.29104625208373,18.293933736171912,265.8747974302893,0.7424665178571429
EyePACS 2015,0,No DR,141.61401490751817,15.937404835001221,138.6702800080199,0.4748684630102041
EyePACS 2015,2,Moderate NPDR,107.61492060915903,23.94794390222002,81.34290976220468,0.7718231823979592
EyePACS 2015,0,No DR,114.11764705882354,36.404124950214424,131.0123169280409,0.8296396683673469
EyePACS 2015,0,No DR,100.6669538991814,25.988502632017177,205.67107351801397,0.457210618622449
EyePACS 2015,0,No DR,84.50196675900277,27.712185615518,294.4379941191366,0.7574736926020408
EyePACS 2015,0,No DR,134.60343399005708,21.758075624901423,168.41890608238586,0.4746691645408163
EyePACS 2015,0,No DR,47.919557494006526,28.222202867381572,43.586049595108854,0.7338368941326531
EyePACS 2015,0,No DR,114.07293655089889,27.326847280797583,156.09909806623742,0.7350526147959183
EyePACS 2015,0,No DR,155.30618352594502,22.587309694012806,137.74254355269431,0.47456951530612246
EyePACS 2015,1,Mild NPDR,111.61175111962369,34.52797103924264,307.17841834896717,0.7467912946428571
EyePACS 2015,0,No DR,108.3737214581386,12.652239322964153,109.01222370617691,0.7836415816326531
EyePACS 2015,0,No DR,87.17946047008547,16.385954290168936,60.92756259302634,0.7834821428571429
EyePACS 2015,0,No DR,97.29464257258502,36.537533197622935,392.2018006837549,0.6656170280612245
EyePACS 2015,0,No DR,135.46701075268817,21.497112448168554,107.24439552914275,0.7389987244897959
EyePACS 2015,0,No DR,36.77294631850275,20.86195102811481,123.55460873684024,0.7562978316326531
EyePACS 2015,1,Mild NPDR,86.42704749790408,19.29514927469287,190.8215287560271,0.7251275510204082
EyePACS 2015,0,No DR,100.55380457189976,24.5911495249708,242.84042818744152,0.47690130739795916
EyePACS 2015,2,Moderate NPDR,102.6005326231691,20.322539348594393,280.43585073430717,0.6362205038265306
EyePACS 2015,0,No DR,100.44691986363854,32.5354297317362,214.38721076781835,0.4559749681122449
EyePACS 2015,0,No DR,93.98075698424564,16.35698640964282,182.055115506556,0.7577925701530612
EyePACS 2015,0,No DR,164.17834425367067,16.737367155237067,165.18768774905817,0.4577686543367347
EyePACS 2015,2,Moderate NPDR,97.90792906442984,23.748732361319398,560.9855264531616,0.6446109693877551
EyePACS 2015,0,No DR,158.46169338152123,19.26171088600316,164.65455773253998,0.7591278698979592
EyePACS 2015,4,Proliferative DR,106.41348692800975,28.128701672802425,147.6327793795261,0.7235730229591837
EyePACS 2015,0,No DR,95.39139957264958,15.999656472225602,157.53759656476,0.7834821428571429
EyePACS 2015,0,No DR,160.36482494185682,37.402008122301496,407.19221073422244,0.6742267219387755
EyePACS 2015,0,No DR,149.38223451751622,36.14860213458363,149.12795732082995,0.7684351084183674
EyePACS 2015,3,Severe NPDR,159.1326527669637,15.449338499640568,155.33830373348894,0.7325813137755102
EyePACS 2015,2,Moderate NPDR,93.58887968332873,24.265646301177693,248.38894128295783,0.47474888392857145
EyePACS 2015,0,No DR,107.65547542735042,19.357212663303176,63.62064800832329,0.7835020727040817
EyePACS 2015,0,No DR,115.19368998628258,31.473189561020764,163.08001328388286,0.7628746811224489
EyePACS 2015,0,No DR,24.391128245168847,5.667903247761844,50.35539225916931,0.4503148915816326
EyePACS 2015,0,No DR,135.78976450847654,28.80902026709218,196.36810660202647,0.7271603954081632
EyePACS 2015,0,No DR,152.23740927475205,28.23556621285469,105.63962410905599,0.7559789540816326
EyePACS 2015,0,No DR,84.80543212115715,16.454562047946187,105.78433368809924,0.4815051020408163
EyePACS 2015,0,No DR,95.49713459229342,28.615008422071142,234.89945205476636,0.767578125
EyePACS 2015,2,Moderate NPDR,90.29168578507846,28.8914998658388,356.79005901648975,0.4760841836734694
EyePACS 2015,0,No DR,105.34270666361347,23.160157158331945,150.66406218674112,0.47702088647959184
EyePACS 2015,0,No DR,148.01376229582166,15.839323287060916,242.32694439060978,0.4841159119897959
EyePACS 2015,0,No DR,123.7651051625239,22.16591471921433,208.3829233179013,0.6656768176020408
EyePACS 2015,0,No DR,94.27489326539045,29.918587554286137,347.74392867590944,0.47586495535714285
EyePACS 2015,0,No DR,102.44844764700649,27.75873564532327,449.9742837633192,0.4907326211734694
EyePACS 2015,2,Moderate NPDR,52.951146334559866,15.791411781790906,98.26917460370618,0.7397161989795918
EyePACS 2015,2,Moderate NPDR,60.83556885071891,11.014345953480023,95.16718362512493,0.45412149234693877
EyePACS 2015,0,No DR,146.28004404864504,34.30960437721894,166.27894353169984,0.457210618622449
EyePACS 2015,0,No DR,57.53186478248822,18.321902168491373,62.15690391643501,0.7572743941326531
EyePACS 2015,4,Proliferative DR,84.81189912219591,9.68377485278438,165.47730639024417,0.47060347576530615
EyePACS 2015,0,No DR,139.51707829742512,18.292518549090058,288.0830517958157,0.498226243622449
EyePACS 2015,0,No DR,125.29446577817936,20.210771775925156,274.46830512948327,0.4834781568877551
EyePACS 2015,3,Severe NPDR,26.075348603792524,13.118677916009705,77.04717044604789,0.6875996492346939
EyePACS 2015,0,No DR,101.64260226838282,31.569593723601933,173.16046475225198,0.6658362563775511
EyePACS 2015,0,No DR,99.441593625498,23.419779647453094,608.05789754042,0.6655771683673469
EyePACS 2015,2,Moderate NPDR,128.82459752901536,31.801376176942632,571.8640926816882,0.4672353316326531
EyePACS 2015,1,Mild NPDR,66.18559564184046,12.200582919558984,107.26758355911485,0.7836216517857143
EyePACS 2015,2,Moderate NPDR,45.96679955350024,9.976592662769816,98.40179690902893,0.6651586415816326
EyePACS 2015,0,No DR,149.00124533001247,18.29953220695181,155.3057769751386,0.45717075892857145
EyePACS 2015,1,Mild NPDR,137.03172230994812,25.74672712408535,133.99632298139724,0.7427256058673469
EyePACS 2015,0,No DR,57.049401529424806,18.69972251119832,206.22928035363321,0.7573142538265306
EyePACS 2015,0,No DR,55.87668910737637,28.846554400871018,188.44220894936115,0.4522680165816326
EyePACS 2015,0,No DR,69.59456211105473,15.785376322050235,41.78600166848801,0.7835020727040817
EyePACS 2015,0,No DR,67.1450967150644,13.155239361592855,175.6036798574869,0.4541015625
EyePACS 2015,2,Moderate NPDR,98.86162367088232,18.070248570965273,66.35410259150188,0.7088050063775511
EyePACS 2015,0,No DR,54.39805595068753,32.72690953764147,294.2000788600235,0.46157525510204084
EyePACS 2015,0,No DR,182.31148947951274,23.967719172754425,264.50919852491205,0.7554408482142857
EyePACS 2015,0,No DR,79.57171018048011,23.109904949667353,192.10714818634867,0.4981265943877551
EyePACS 2015,0,No DR,65.106396484375,21.81287737189291,152.53003233909607,0.44882015306122447
EyePACS 2015,0,No DR,126.87244485194974,14.557910617925542,96.10012526417438,0.4084422831632653
EyePACS 2015,2,Moderate NPDR,175.33227091633466,19.219478187398014,87.66561953368084,0.7181720344387755
EyePACS 2015,0,No DR,54.579253980373856,17.282791841306363,90.54969884800597,0.7401945153061225
EyePACS 2015,1,Mild NPDR,91.37995781826703,13.718958129132957,40.38276142000535,0.7163783482142857
EyePACS 2015,0,No DR,130.92033893501855,31.183290834184067,238.23620983835048,0.7434231505102041
EyePACS 2015,0,No DR,73.36734584879963,15.249359827601026,29.364771509409227,0.7836415816326531
EyePACS 2015,0,No DR,98.20591298774137,21.596082784299696,103.24567884219721,0.783561862244898
EyePACS 2015,0,No DR,127.83744413741343,27.123250923734762,361.68399585477124,0.6263153698979592
EyePACS 2015,0,No DR,84.68207799145299,27.953313477245683,143.69358691784345,0.7834821428571429
EyePACS 2015,2,Moderate NPDR,86.38370375344121,28.600233065907407,309.2310379180616,0.6353435905612245
EyePACS 2015,1,Mild NPDR,91.35917575309554,26.04480396027427,213.4548134133768,0.4730947066326531
EyePACS 2015,0,No DR,117.21173361023268,26.881955859100263,254.2926194071835,0.46350845025510207
EyePACS 2015,0,No DR,127.21573580604418,28.31233498308894,88.6303001829844,0.6912667410714286
EyePACS 2015,0,No DR,151.75409363468634,23.54347989677618,60.5047240293428,0.728874362244898
EyePACS 2015,0,No DR,105.68820577164367,26.54951757867012,160.29105141618732,0.7107382015306123
EyePACS 2015,0,No DR,90.8484780876494,30.616304103641436,452.7186479493341,0.6655771683673469
EyePACS 2015,0,No DR,97.51039732640179,17.385722668901717,119.60118292054989,0.4708625637755102
EyePACS 2015,0,No DR,153.7483475428681,19.038035018689392,170.2383441655091,0.4571508290816326
EyePACS 2015,0,No DR,72.89532843253498,32.30686249808283,358.28643272493326,0.4613560267857143
EyePACS 2015,0,No DR,137.25649101898358,23.275390023748763,290.2845603665837,0.7397161989795918
EyePACS 2015,1,Mild NPDR,149.6238449341134,15.554498071582278,70.63827002084183,0.7673788265306123
EyePACS 2015,2,Moderate NPDR,182.91561994297604,34.01978257756605,214.69430466543386,0.8142139668367347
EyePACS 2015,0,No DR,94.72592291853957,22.282228675417258,164.2936767502251,0.7230548469387755
EyePACS 2015,0,No DR,85.72580602078158,15.274152705341038,155.07356093186826,0.7834223533163265
EyePACS 2015,0,No DR,119.42922886645383,29.095219799114723,421.83715696380847,0.7294124681122449
EyePACS 2015,0,No DR,135.32856299793448,18.69040086302897,183.93820302976295,0.7249481823979592
EyePACS 2015,2,Moderate NPDR,127.78421944406283,21.303947699252554,349.11859662185594,0.4770607461734694
EyePACS 2015,0,No DR,60.69267538988943,14.127017969404147,188.07148720874508,0.45370296556122447
EyePACS 2015,0,No DR,222.80748679336935,22.82435384841975,109.78988761413135,0.693359375
EyePACS 2015,0,No DR,82.22678335535007,29.413197461302687,448.82295754813293,0.64453125
EyePACS 2015,0,No DR,128.73551438707133,20.998436594042282,225.2661681619206,0.4981265943877551
EyePACS 2015,0,No DR,86.78849035549179,32.28977618292692,775.7390021506445,0.6653778698979592
EyePACS 2015,3,Severe NPDR,138.33673558787453,18.953246028698,155.84169188771799,0.498046875
EyePACS 2015,0,No DR,123.66851986610392,26.8611132199033,248.24516206335778,0.7231744260204082
EyePACS 2015,0,No DR,114.55579603497533,11.109534798385514,190.0908256579635,0.5037268813775511
EyePACS 2015,0,No DR,54.03209801258419,28.359479506910183,246.61589015844814,0.7570153061224489
EyePACS 2015,1,Mild NPDR,114.37258398527382,27.77527245765674,144.44793864882206,0.736945950255102
EyePACS 2015,1,Mild NPDR,98.00236603426369,19.85426669685728,173.46486668764143,0.49800701530612246
EyePACS 2015,0,No DR,99.3432046853882,14.25084227276085,91.99014897226421,0.7061742665816326
EyePACS 2015,2,Moderate NPDR,134.73660355093065,27.01821943221235,263.3603238322614,0.7791972257653061
EyePACS 2015,0,No DR,103.01851088201603,30.223005068227746,364.97144029737746,0.4768215880102041
EyePACS 2015,0,No DR,36.814453345368385,17.03476003914234,26.874455624696054,0.7568957270408163
EyePACS 2015,0,No DR,109.90594942259904,27.541981584071394,100.62006183385594,0.7184311224489796
EyePACS 2015,0,No DR,139.32607602012297,29.18319992631791,153.77586904132173,0.7503985969387755
EyePACS 2015,2,Moderate NPDR,88.07501281540127,25.541597372500075,221.42470420407804,0.7354512117346939
EyePACS 2015,0,No DR,109.58943882048132,17.734809609649936,433.2979114862371,0.7834821428571429
EyePACS 2015,4,Proliferative DR,78.04547311095983,20.19371630405103,129.50380249174515,0.4811264349489796
EyePACS 2015,0,No DR,80.59416347639197,24.458130823842716,342.82438906010015,0.6351642219387755
EyePACS 2015,0,No DR,109.01002635499026,14.456644533939972,232.62126081329478,0.7354312818877551
EyePACS 2015,0,No DR,91.36820888685295,18.493272150716614,164.05288205260783,0.47692123724489793
EyePACS 2015,0,No DR,116.01481174746768,26.4479232736859,505.843371126495,0.6659558354591837
EyePACS 2015,0,No DR,66.8582035736225,12.392064595704314,65.47021874925082,0.7835020727040817
EyePACS 2015,2,Moderate NPDR,108.86264494754279,28.261230943661445,212.52913109199432,0.47496811224489793
EyePACS 2015,0,No DR,152.82061222145646,26.032106762372855,101.27470461601561,0.7361686862244898
EyePACS 2015,4,Proliferative DR,145.0469174778567,20.95600885835423,118.9712856365104,0.7266621492346939
EyePACS 2015,0,No DR,174.20979860401013,13.9941762794796,84.92475240631136,0.49093191964285715
EyePACS 2015,0,No DR,80.2116388308977,17.2766190557931,93.73879183386046,0.7231544961734694
EyePACS 2015,3,Severe NPDR,90.99595787076572,17.29506117585323,172.52652456910687,0.7421875
EyePACS 2015,0,No DR,128.11904761904762,40.7127987432767,123.95837487546794,0.47720025510204084
EyePACS 2015,0,No DR,134.50521289644297,17.734106327429625,206.8764596360272,0.498046875
EyePACS 2015,2,Moderate NPDR,80.71036714449887,19.251389976645054,88.64808922429964,0.7004544005102041
EyePACS 2015,0,No DR,89.79101500997166,33.94611483180853,73.98307387951743,0.794304049744898
EyePACS 2015,0,No DR,117.94647714310784,17.96711861011847,153.19320127137695,0.49742904974489793
EyePACS 2015,0,No DR,133.69062445185054,26.001717215824723,178.80628101808597,0.49752869897959184
EyePACS 2015,0,No DR,171.1788419178661,20.193512544469396,259.28632270297925,0.7014708227040817
EyePACS 2015,0,No DR,71.25933953844192,35.835594752329634,118.52030645355558,0.6655173788265306
EyePACS 2015,0,No DR,68.06772819573077,17.64903199974644,30.55891971114223,0.8444475446428571
EyePACS 2015,0,No DR,126.31021999443053,25.821034423370808,90.16770356191196,0.47092235331632654
EyePACS 2015,0,No DR,103.31614868625326,30.74595916088372,243.58962139060645,0.718132174744898
EyePACS 2015,0,No DR,158.6550766283525,21.53831774572859,209.0066597281859,0.4572903380102041
EyePACS 2015,0,No DR,80.68682672869762,15.580420519729946,136.58788252435554,0.7576530612244898
EyePACS 2015,0,No DR,90.17405894368252,24.40708641524875,223.91610225951035,0.4504544005102041
EyePACS 2015,0,No DR,71.61248865319382,28.958600443607075,107.92363730264368,0.45798788265306123
EyePACS 2015,0,No DR,88.57624476836484,23.6046634606148,65.08133856460225,0.7262436224489796
EyePACS 2015,0,No DR,28.867050099819373,10.49528103486597,65.10010255052445,0.4950573979591837
EyePACS 2015,0,No DR,129.2383493418712,20.985055972093193,370.9253772295301,0.4908920599489796
EyePACS 2015,0,No DR,121.09838166482878,30.20817717790826,60.947185562418,0.7136678890306123
EyePACS 2015,0,No DR,101.13963230160577,29.50962584251755,299.1886664411131,0.46968670280612246
EyePACS 2015,1,Mild NPDR,82.80516819773975,33.4788347019268,640.8927485849018,0.6442323022959183
EyePACS 2015,0,No DR,31.14614064182014,18.982375947038122,119.98707861353824,0.753547512755102
EyePACS 2015,0,No DR,81.43340279342195,15.353169934358734,157.42810580694723,0.7432836415816326
EyePACS 2015,0,No DR,112.07334398863435,23.534553789946333,247.1597177292061,0.7161391900510204
EyePACS 2015,0,No DR,64.56499660476514,19.709469515125015,104.13763613649341,0.7176339285714286
EyePACS 2015,0,No DR,149.16049515608182,19.621676634327628,73.81686500119925,0.40921954719387754
EyePACS 2015,0,No DR,152.66196212476225,37.07781602823893,272.4888797416503,0.7584701849489796
EyePACS 2015,0,No DR,125.36378064333286,31.27222055925345,351.36457165240984,0.7393574617346939
EyePACS 2015,0,No DR,96.48138586090393,26.087121682577553,870.4395370145954,0.6655572385204082
EyePACS 2015,0,No DR,83.98452080968073,16.757430070025205,137.83493692811976,0.7550422512755102
EyePACS 2015,0,No DR,103.84124477473293,30.926212601192514,533.1876342756378,0.4704639668367347
EyePACS 2015,0,No DR,120.65148166523838,17.291409092862526,340.9338823218134,0.48423549107142855
EyePACS 2015,0,No DR,58.34390538257301,9.8303642708222,179.012155391647,0.4538026147959184
EyePACS 2015,2,Moderate NPDR,117.75608248581221,22.043856884526868,166.79400080605376,0.7512555803571429
EyePACS 2015,1,Mild NPDR,67.65638354700855,14.58931230395951,126.64279644867685,0.7834821428571429
EyePACS 2015,0,No DR,83.43680121281031,32.187734476806206,321.406665285535,0.46189413265306123
EyePACS 2015,0,No DR,109.33220115105199,25.188557693233015,492.7270317185917,0.6738081951530612
EyePACS 2015,0,No DR,142.32519336479058,28.441805124754403,246.32109250111924,0.4502551020408163
EyePACS 2015,0,No DR,93.12860921620492,27.98766307739483,154.73254772020866,0.7510562818877551
EyePACS 2015,0,No DR,112.16366807416927,34.18555423832141,327.22460752949235,0.47596460459183676
EyePACS 2015,0,No DR,62.02347119444318,26.220669960579993,378.5998077296639,0.4809669961734694
EyePACS 2015,0,No DR,91.54674675218786,23.514364046423886,159.04302584672217,0.7685347576530612
EyePACS 2015,0,No DR,111.69458827842185,34.937954333660215,362.5603007281179,0.47678172831632654
EyePACS 2015,0,No DR,169.17837974683545,36.56591521279706,73.22929716391604,0.43359375
EyePACS 2015,0,No DR,123.73049229738781,26.12218206739539,101.53737239949513,0.749641262755102
EyePACS 2015,0,No DR,69.34062118013112,27.36483448006812,175.54660461217793,0.7557198660714286
EyePACS 2015,0,No DR,60.39443399534572,23.20961113218788,304.34801797532265,0.6654376594387755
EyePACS 2015,0,No DR,41.84054969879518,17.972035493738396,127.50418701481968,0.4647241709183674
EyePACS 2015,1,Mild NPDR,157.76030984071568,30.714463847000324,162.82311922612877,0.7719029017857143
EyePACS 2015,0,No DR,79.04845350952792,35.867731418270516,184.82960318028177,0.4571508290816326
EyePACS 2015,2,Moderate NPDR,130.82964127051287,26.34529114919974,129.67015807908297,0.7034438775510204
EyePACS 2015,2,Moderate NPDR,72.74841087056656,23.9800698571444,263.77255841787,0.4745495854591837
EyePACS 2015,0,No DR,168.68533946184047,18.539206975908307,164.22852686781843,0.45738998724489793
EyePACS 2015,0,No DR,83.8104942544649,17.977133338497683,178.5218757047519,0.7577527104591837
EyePACS 2015,1,Mild NPDR,110.45898034904494,29.399195928080285,321.5980836931276,0.47694116709183676
EyePACS 2015,0,No DR,64.58684633950121,18.70036578683058,209.20623032667575,0.5397799744897959
EyePACS 2015,0,No DR,161.24190740438496,20.801753695021386,118.79534356125649,0.7683155293367347
EyePACS 2015,0,No DR,189.36168032786884,16.496802321541562,62.63973857769313,0.5467753507653061
EyePACS 2015,2,Moderate NPDR,75.5643009089151,23.94790391866921,327.36983471922406,0.4530054209183674
EyePACS 2015,0,No DR,141.823356965509,25.07732391116513,209.13188506072734,0.7106385522959183
EyePACS 2015,0,No DR,124.47093673150012,38.314512108203466,120.54815349030244,0.7492227359693877
EyePACS 2015,0,No DR,58.87671362838575,13.11346740225133,105.59891237558766,0.46127630739795916
EyePACS 2015,1,Mild NPDR,127.58457962370072,20.91225173500464,290.61479574234255,0.4973294005102041
EyePACS 2015,2,Moderate NPDR,106.47527305114143,34.92747319177694,326.4486929199817,0.46665736607142855
EyePACS 2015,0,No DR,104.11544045333208,32.11543307362101,302.60382613503646,0.4670559630102041
EyePACS 2015,0,No DR,75.53999669585329,21.77355627020002,346.25902294367705,0.6442920918367347
EyePACS 2015,2,Moderate NPDR,97.45718449098545,25.477222701204138,347.50317064852425,0.7337970344387755
EyePACS 2015,0,No DR,141.50397016021927,24.946484127789,229.49848706502704,0.7553411989795918
EyePACS 2015,0,No DR,61.39743026039377,25.36868877304449,112.67924685304935,0.44860092474489793
EyePACS 2015,0,No DR,142.33092180912226,27.306468495351766,278.6501278173513,0.45703125
EyePACS 2015,0,No DR,83.6553232728783,22.31691208424216,128.16923605196217,0.7577726403061225
EyePACS 2015,3,Severe NPDR,108.23361263109895,18.77326348077548,213.12035161311047,0.7389389349489796
EyePACS 2015,0,No DR,111.2067558675148,20.335320782169305,393.8895692993249,0.49742904974489793
EyePACS 2015,2,Moderate NPDR,122.85022991022554,18.16228787775282,368.87117994692454,0.498226243622449
EyePACS 2015,2,Moderate NPDR,145.4442640535761,29.981570358254857,202.50474786682378,0.7245097257653061
EyePACS 2015,0,No DR,39.32000657030223,26.67154195633376,252.4420605149874,0.7056361607142857
EyePACS 2015,0,No DR,127.56845071994643,24.782027260984755,168.9141102499398,0.7496014030612245
EyePACS 2015,1,Mild NPDR,32.49471067691774,17.21178268198588,67.54517281043158,0.7507374043367347
EyePACS 2015,3,Severe NPDR,91.12134088762984,25.42328733466215,276.2951480140992,0.46326929209183676
EyePACS 2015,0,No DR,162.23720373473785,15.358489915436104,173.07467110868376,0.457210618622449
EyePACS 2015,0,No DR,145.60033831406824,34.335176199737916,414.4637210430254,0.7529695471938775
EyePACS 2015,0,No DR,140.9457344775366,27.18029350138058,368.3265394026986,0.7482063137755102
EyePACS 2015,0,No DR,123.08597506550345,19.90054688667987,188.26096143708554,0.7280771683673469
EyePACS 2015,0,No DR,129.0520265667575,23.679306827833994,268.71196875301627,0.7468510841836735
EyePACS 2015,0,No DR,70.25162043038631,19.335847050747518,199.69053532932318,0.6556122448979592
EyePACS 2015,0,No DR,136.2009846353603,20.002701264884486,55.403666741774856,0.7718032525510204
EyePACS 2015,0,No DR,65.32594298877052,28.382292035040308,167.5214810193775,0.6037547831632653
EyePACS 2015,1,Mild NPDR,107.03300604891733,23.62128522249796,263.97900356309754,0.4977479272959184
EyePACS 2015,0,No DR,115.73048743035142,20.67650163019021,374.4493035928189,0.4973891900510204
EyePACS 2015,1,Mild NPDR,137.20327006819488,21.649289486266056,156.3750066333862,0.7632334183673469
EyePACS 2015,2,Moderate NPDR,158.80007062562532,27.32075558024632,89.9955604008383,0.7190489477040817
EyePACS 2015,0,No DR,68.03074762734845,28.82327542860305,205.77616207847305,0.4523875956632653
EyePACS 2015,3,Severe NPDR,112.16209143345439,26.878075583020127,299.7007238715318,0.7836814413265306
EyePACS 2015,0,No DR,116.1957050134886,19.470353425163236,229.23120799377537,0.7834821428571429
EyePACS 2015,0,No DR,73.97831653323826,18.98195129298718,354.92236851108095,0.6555524553571429
EyePACS 2015,4,Proliferative DR,151.43589160938475,26.67991770045709,336.09007752454386,0.7450175382653061
EyePACS 2015,0,No DR,142.39209490707495,20.27948651840334,69.08840198172398,0.7358896683673469
EyePACS 2015,2,Moderate NPDR,80.52957671251168,19.771589624432412,146.07722998333193,0.7836017219387755
EyePACS 2015,0,No DR,111.09227213635707,27.806434214055674,318.57249740459264,0.7285554846938775
EyePACS 2015,0,No DR,16.296767028627837,4.232511128879591,26.87498196797384,0.44411670918367346
EyePACS 2015,0,No DR,83.8796807506365,24.477555561000642,145.22848355922216,0.7323222257653061
EyePACS 2015,1,Mild NPDR,85.97125075472574,30.764710011802713,356.39846692625326,0.47050382653061223
EyePACS 2015,0,No DR,137.19264069264068,24.884671770263964,238.5773868839841,0.7461336096938775
EyePACS 2015,2,Moderate NPDR,102.12967390264895,34.41459985987745,398.3187415006282,0.6654974489795918
EyePACS 2015,0,No DR,42.55281285878301,32.9466010434721,66.1545443427662,0.6574856505102041
EyePACS 2015,0,No DR,59.966050723427,22.591478389672115,85.64174835435009,0.6339883609693877
EyePACS 2015,0,No DR,149.68652239125777,50.45410009571554,326.92459033625187,0.782585299744898
EyePACS 2015,0,No DR,128.63175067776686,17.58577926832081,137.46223951190828,0.8550900829081632
EyePACS 2015,0,No DR,93.62370024277404,29.710142699839952,242.4294537110914,0.47694116709183676
EyePACS 2015,0,No DR,95.41809121510131,21.631959243108973,196.04453812349692,0.6450294961734694
EyePACS 2015,0,No DR,19.65967662910338,7.402034076499485,22.054694192858264,0.34237484056122447
EyePACS 2015,3,Severe NPDR,86.13665847229215,34.63052941336353,93.89072083308612,0.7256058673469388
EyePACS 2015,2,Moderate NPDR,49.312587505833726,6.788868448736323,64.17407612048683,0.635383450255102
EyePACS 2015,2,Moderate NPDR,76.87918015102481,28.792428325857326,305.4369710815011,0.4662587691326531
EyePACS 2015,0,No DR,58.77514825694175,28.44042203492227,164.71068935743847,0.757194674744898
EyePACS 2015,0,No DR,98.59184904359815,49.374217911937514,164.84404597183874,0.7296914859693877
EyePACS 2015,0,No DR,37.33299837305005,23.339954009569453,194.54935465958226,0.46073820153061223
EyePACS 2015,0,No DR,92.10773258155457,24.427158476406564,241.83295790711878,0.6354830994897959
EyePACS 2015,0,No DR,123.51854525764823,18.558330880323858,204.5578306374158,0.4840760522959184
EyePACS 2015,3,Severe NPDR,112.94514697261536,27.507556048819502,161.41543332420764,0.7528300382653061
EyePACS 2015,0,No DR,101.79282454214571,24.427751953545894,207.9685081304722,0.7257852359693877
EyePACS 2015,0,No DR,90.58248981201525,17.069950148142524,123.8286990138659,0.49794722576530615
EyePACS 2015,0,No DR,146.80407485087025,37.735879671231494,364.3723031037866,0.7671795280612245
EyePACS 2015,0,No DR,161.86729031235134,22.534501926417985,54.48541293886515,0.5442044005102041
EyePACS 2015,0,No DR,172.89405344899959,34.95255529667891,217.46888970900307,0.7493223852040817
EyePACS 2015,0,No DR,121.23870656793585,15.590445090482449,140.00296097830025,0.4979671556122449
EyePACS 2015,0,No DR,101.23956659473853,35.87790278238779,599.3510376101161,0.4758250956632653
EyePACS 2015,2,Moderate NPDR,150.2921219091432,28.11347220769147,157.64192853936368,0.45683195153061223
EyePACS 2015,0,No DR,84.761578413596,21.678043312510525,239.46303935238703,0.688117825255102
EyePACS 2015,0,No DR,136.5455416606775,22.525810198195302,173.879416501669,0.45705117984693877
EyePACS 2015,0,No DR,91.58128214548127,31.707111691029244,365.44634130639344,0.47568558673469385
EyePACS 2015,0,No DR,68.83360058088525,18.656662663106523,213.97323265323092,0.7008529974489796
EyePACS 2015,1,Mild NPDR,73.36681999798543,26.434625523536113,346.14958950594126,0.6352439413265306
EyePACS 2015,0,No DR,67.99015845506314,29.05329880628457,77.15480397269083,0.6858258928571429
EyePACS 2015,0,No DR,85.50093477912505,30.941968902135102,32.73846307997018,0.7835419323979592
EyePACS 2015,0,No DR,81.35699074074074,24.18448983029756,83.95975646219136,0.4720982142857143
EyePACS 2015,0,No DR,67.65187258884981,18.606148607274655,82.62667545326484,0.6258769132653061
EyePACS 2015,2,Moderate NPDR,129.60250158999364,25.992594020648397,98.02577159331355,0.7009526466836735
EyePACS 2015,0,No DR,145.97113727742678,22.204679426309053,90.48582668938903,0.7363081951530612
EyePACS 2015,0,No DR,147.59704750416452,23.12790048938043,152.6402709259283,0.7296516262755102
EyePACS 2015,0,No DR,129.32471104608632,24.246194993466542,336.18435125459615,0.7193478954081632
EyePACS 2015,0,No DR,78.42458332005481,40.20318081940688,192.45919510730909,0.665656887755102
EyePACS 2015,0,No DR,69.70551311501683,16.801363438740243,83.8367807843997,0.7834422831632653
EyePACS 2015,2,Moderate NPDR,80.37450814213935,22.536061335085556,104.52984124249134,0.7026068239795918
EyePACS 2015,0,No DR,146.0609487302348,25.713832321349184,302.9816029455623,0.45699139030612246
EyePACS 2015,0,No DR,69.90980615195033,26.465620899249352,136.51705790823806,0.4616749043367347
EyePACS 2015,0,No DR,149.58734103201286,25.544650549959375,300.63222280188455,0.7267817283163265
EyePACS 2015,0,No DR,108.10566122932777,33.04403991356478,466.2613379856477,0.7419882015306123
EyePACS 2015,0,No DR,110.90873987839667,22.098586375326526,196.4918788233455,0.7272799744897959
EyePACS 2015,0,No DR,117.23232838294346,23.357879859604907,870.0720629064396,0.6656369579081632
EyePACS 2015,0,No DR,84.92983173454945,23.657142708939247,233.49810181452918,0.6738879145408163
EyePACS 2015,2,Moderate NPDR,58.967165419783875,17.619869394497446,36.12538151864881,0.7572743941326531
EyePACS 2015,0,No DR,45.857156348869054,28.984179809429737,275.70851169188154,0.4739516900510204
EyePACS 2015,0,No DR,70.3465001452222,15.660322600075963,186.52266676699634,0.45252710459183676
EyePACS 2015,0,No DR,114.68046578708402,16.488414863379823,114.04466353573854,0.7835220025510204
EyePACS 2015,0,No DR,91.79086284672233,29.72634940492299,286.1638044157867,0.45639349489795916
EyePACS 2015,0,No DR,78.58717948717948,26.288426986940603,363.4427803114297,0.45272640306122447
EyePACS 2015,0,No DR,170.86772625771707,14.68504584384747,90.68644616047936,0.4982860331632653
EyePACS 2015,2,Moderate NPDR,32.98903835145965,17.11114614264842,87.88928414038098,0.7501594387755102
EyePACS 2015,0,No DR,156.85404887398178,22.90848173396791,202.56422196273323,0.45699139030612246
EyePACS 2015,0,No DR,163.6018058573942,25.05893828400839,247.33747595304519,0.8080357142857143
EyePACS 2015,0,No DR,127.62971290211,24.656903911992025,200.18716823728008,0.727180325255102
EyePACS 2015,0,No DR,54.59904116535288,16.110255545794615,242.48989620179063,0.47397161989795916
EyePACS 2015,2,Moderate NPDR,88.44338585562477,21.500259937879125,131.98950969995934,0.47696109693877553
EyePACS 2015,0,No DR,108.096353315303,21.447777999186307,246.20142297224092,0.7138871173469388
EyePACS 2015,0,No DR,61.57674403775029,12.089208800693596,103.2769740638618,0.6653579400510204
EyePACS 2015,0,No DR,81.04453610158495,27.76932024638448,102.27886878841738,0.47165975765306123
EyePACS 2015,0,No DR,88.43811249832193,28.547002689957555,302.12258973405613,0.6355030293367347
EyePACS 2015,0,No DR,85.71724697177031,16.82312280439543,287.57655898832354,0.4331752232142857
EyePACS 2015,1,Mild NPDR,52.82970763475128,20.582172947547964,262.1964297889555,0.7571747448979592
EyePACS 2015,0,No DR,172.37961373975102,27.166177325095312,139.41270644216016,0.7683952487244898
EyePACS 2015,0,No DR,93.3265763961221,17.544678297278143,137.0597276648619,0.783561862244898
EyePACS 2015,0,No DR,79.85942070006604,18.12371619204819,197.5885423950715,0.6739277742346939
EyePACS 2015,2,Moderate NPDR,119.73759994691616,14.624712289402392,102.80506585263609,0.6382533482142857
EyePACS 2015,0,No DR,101.11163522012579,20.075185340396473,152.33951379878596,0.7327407525510204
EyePACS 2015,0,No DR,74.52665734824281,16.157828883260134,98.03730344902188,0.6363201530612245
EyePACS 2015,0,No DR,63.484759965772625,29.985460109212585,157.67589216562004,0.7173947704081632
EyePACS 2015,0,No DR,116.73102454732917,27.324593226276736,223.6461403616587,0.7450773278061225
EyePACS 2015,0,No DR,77.33531878522396,10.627516484390236,40.529509760603695,0.7834622130102041
EyePACS 2015,2,Moderate NPDR,132.84427222770185,23.3511761079772,135.21123802576383,0.7445591517857143
EyePACS 2015,0,No DR,36.061206516952886,13.672199140532841,53.31798379357534,0.4480030293367347
EyePACS 2015,0,No DR,116.18282483607655,18.865277559216704,160.96767095653817,0.6332110969387755
EyePACS 2015,1,Mild NPDR,119.05112561082395,33.745015653874354,359.4634218168752,0.7413504464285714
EyePACS 2015,0,No DR,71.71085703021043,26.799156621680225,165.7849885467517,0.4489198022959184
EyePACS 2015,0,No DR,68.19000090735868,22.659804894019747,245.5171437255242,0.481265943877551
EyePACS 2015,0,No DR,94.28521067651502,28.042031892096094,383.46116546457716,0.6353435905612245
EyePACS 2015,2,Moderate NPDR,112.85458782996403,16.339166667388785,388.8608103538272,0.4332948022959184
EyePACS 2015,2,Moderate NPDR,53.611555623942145,32.686803498790695,111.94887962541421,0.6018415178571429
EyePACS 2015,1,Mild NPDR,67.21150045403557,16.73502009556825,133.85976507650352,0.7835220025510204
EyePACS 2015,0,No DR,82.92357930064856,20.32703305916573,199.01912943390644,0.48140545280612246
EyePACS 2015,0,No DR,141.38692185864227,33.18622295699827,256.7415067188503,0.7910754145408163
EyePACS 2015,0,No DR,94.96942194917621,25.36856579720137,299.2883349293972,0.46970663265306123
EyePACS 2015,2,Moderate NPDR,59.06583072100314,23.01348397865919,212.8402280742654,0.48068797831632654
EyePACS 2015,1,Mild NPDR,49.34246043843361,19.082925830821114,351.7552261072764,0.7571348852040817
EyePACS 2015,0,No DR,79.10127440347071,33.162074093359074,204.33006290285238,0.4830994897959184
EyePACS 2015,0,No DR,112.1756812749004,43.710262871695896,712.5809591045222,0.6655771683673469
EyePACS 2015,0,No DR,110.2248214371315,20.617740009040325,270.7869599072245,0.456851881377551
EyePACS 2015,0,No DR,143.10118213660246,14.102730368850333,160.01828404824855,0.49832589285714285
EyePACS 2015,0,No DR,149.65302713987475,27.682877921055688,163.44699594037488,0.4711415816326531
EyePACS 2015,0,No DR,59.32328115818153,12.828540845761973,78.02081329694184,0.7834422831632653
EyePACS 2015,0,No DR,70.3684785106872,12.657449996380803,83.66451481257714,0.7294124681122449
EyePACS 2015,0,No DR,135.44077159140727,13.369625520537342,46.66369854396371,0.49764827806122447
EyePACS 2015,0,No DR,138.30676029585288,19.836743561941155,143.2780312025286,0.7281369579081632
EyePACS 2015,0,No DR,97.09123666096919,23.400968795815714,171.75524844439022,0.4731544961734694
EyePACS 2015,0,No DR,83.82824182866909,11.725134424656991,66.32154086964988,0.7836814413265306
EyePACS 2015,0,No DR,103.51146490902339,26.004262097612806,231.36859172065104,0.4708625637755102
EyePACS 2015,0,No DR,82.81821296031973,33.408612370685525,405.5018483516718,0.7338767538265306
EyePACS 2015,2,Moderate NPDR,136.15314017847058,34.15428120905422,198.09311818553144,0.7436822385204082
EyePACS 2015,0,No DR,103.85525773195876,28.667940321082742,267.46384067998986,0.4768215880102041
EyePACS 2015,0,No DR,108.90394912985275,19.959848697829607,82.04925312584565,0.7500996492346939
EyePACS 2015,2,Moderate NPDR,135.24401701825917,20.798516434273747,177.55338946107435,0.49246651785714285
EyePACS 2015,2,Moderate NPDR,124.04055056213106,21.555483952249766,118.51442103390934,0.7194475446428571
EyePACS 2015,0,No DR,96.28635692225058,29.025552945000584,354.0780486207091,0.6352638711734694
EyePACS 2015,0,No DR,56.08591635916359,23.846677349124555,94.69011147270145,0.6877391581632653
EyePACS 2015,2,Moderate NPDR,98.18478739810531,25.328500525664207,184.76145342540846,0.7594268176020408
EyePACS 2015,0,No DR,119.62888971407352,48.57832018372854,110.3904020185861,0.8446069834183674
EyePACS 2015,0,No DR,81.61042136945072,17.4754621189514,113.42832617184956,0.4651626275510204
EyePACS 2015,0,No DR,168.21936107836916,33.968334240160566,241.01717109879039,0.6987603635204082
EyePACS 2015,0,No DR,68.52373066958681,18.27196408411389,62.36539785069468,0.7835020727040817
EyePACS 2015,0,No DR,75.89804278561675,18.02989964207546,110.80685628612896,0.7361088966836735
EyePACS 2015,2,Moderate NPDR,83.11053790500158,16.435759173521543,125.67165632516233,0.6737284757653061
EyePACS 2015,0,No DR,111.36235079673075,20.824575234251956,193.96451430306112,0.7137874681122449
EyePACS 2015,4,Proliferative DR,107.41416624286602,31.118030146872584,230.30184941329452,0.7468510841836735
EyePACS 2015,1,Mild NPDR,76.68014421151021,18.150431536684,106.43479612783575,0.7835817920918368
EyePACS 2015,2,Moderate NPDR,77.22852401405702,20.668916806467248,147.9572779486084,0.4489795918367347
EyePACS 2015,0,No DR,83.40504961473941,18.316153937776235,101.99709806612566,0.7364875637755102
EyePACS 2015,0,No DR,121.05375165811176,24.91369022284546,178.2018667345687,0.7344347895408163
EyePACS 2015,0,No DR,55.169474774096386,24.484760906107663,250.52419217769042,0.46484375
EyePACS 2015,1,Mild NPDR,96.77260223730057,27.83151717071648,286.7738717171956,0.4765027104591837
EyePACS 2015,0,No DR,89.78741632377326,19.058051774624058,80.55752826240112,0.6922433035714286
EyePACS 2015,0,No DR,82.11885451381721,28.76684951672225,236.10523389879583,0.7194874043367347
EyePACS 2015,0,No DR,78.12852365026278,29.606555912919262,361.16427642854956,0.6260762117346939
EyePACS 2015,0,No DR,91.66275768073145,23.675047057417576,277.0254934944666,0.7378627232142857
EyePACS 2015,0,No DR,105.64943617928552,30.546563495365746,234.88953272229182,0.46177455357142855
EyePACS 2015,1,Mild NPDR,109.81679289060106,19.00205197269302,221.76558121306124,0.498226243622449
EyePACS 2015,0,No DR,121.17989835261129,21.463019469696704,427.4046604215725,0.4979870854591837
EyePACS 2015,0,No DR,169.74907667714018,18.91876802943074,113.4913641261891,0.7601442920918368
EyePACS 2015,0,No DR,109.83924469846696,13.197269569561112,194.11964625544618,0.7835419323979592
EyePACS 2015,0,No DR,142.72655893825035,26.953295081612566,366.0719308561909,0.433414381377551
EyePACS 2015,0,No DR,67.9708444118456,23.571191250843913,148.0351177620465,0.47660235969387754
EyePACS 2015,2,Moderate NPDR,90.55651227236739,44.024962475971925,235.63277119608875,0.4490593112244898
EyePACS 2015,2,Moderate NPDR,98.3355673889093,35.2465966628311,378.36616344137457,0.4758848852040816
EyePACS 2015,0,No DR,113.51929496595007,20.056373554555933,354.72583090549097,0.7836216517857143
EyePACS 2015,0,No DR,110.92739585119149,14.070829490568658,72.23712876822779,0.7332190688775511
EyePACS 2015,1,Mild NPDR,150.16641923279536,20.224723657375257,355.9878715046069,0.45725047831632654
EyePACS 2015,0,No DR,63.047693871892044,28.324461295449712,203.00268669120402,0.4729751275510204
EyePACS 2015,0,No DR,117.77629116766467,12.297354823121935,168.95031461216786,0.4676937181122449
EyePACS 2015,3,Severe NPDR,20.612038970076547,4.323462747265183,18.507305799748078,0.41246811224489793
EyePACS 2015,0,No DR,92.78439697922406,18.561396855746125,112.76177532057106,0.6555524553571429
EyePACS 2015,0,No DR,75.59245090538128,19.80594608361268,326.4068412385366,0.6654376594387755
EyePACS 2015,0,No DR,104.79502337091009,26.851805085086394,300.2581114186543,0.47676179846938777
EyePACS 2015,0,No DR,78.77317417675243,22.028882699448427,82.5429952253331,0.7575534119897959
EyePACS 2015,0,No DR,91.41814951717814,19.880236091288108,166.78047438389794,0.7311264349489796
EyePACS 2015,0,No DR,87.248388820774,24.334728702607116,82.33110273720769,0.6740473533163265
EyePACS 2015,0,No DR,78.82971473079544,32.30299241799828,359.91331794030685,0.4499362244897959
EyePACS 2015,0,No DR,165.43329525456173,20.32339813439704,169.22513989814576,0.6865234375
EyePACS 2015,0,No DR,105.97836002432597,17.588154726637484,373.0724763600953,0.43319515306122447
EyePACS 2015,0,No DR,107.20460055414453,31.36703095782582,124.54539466694925,0.7289341517857143
EyePACS 2015,0,No DR,115.32289825801566,25.153411381572205,385.6665024420904,0.7459542410714286
EyePACS 2015,2,Moderate NPDR,131.57820947493815,26.436274602949226,246.76843851450954,0.4767219387755102
EyePACS 2015,0,No DR,132.4793219558523,23.493315565753175,103.05317996918998,0.7383808992346939
EyePACS 2015,3,Severe NPDR,67.3349478390462,24.993107335163945,173.80406006692806,0.4693080357142857
EyePACS 2015,0,No DR,50.641666666666666,19.702030216658375,61.404909496219595,0.7834821428571429
EyePACS 2015,0,No DR,58.83307824756074,15.886036289460346,320.428531356678,0.6652981505102041
EyePACS 2015,0,No DR,48.58602352941176,22.787271213643642,99.53556927557095,0.46488360969387754
EyePACS 2015,0,No DR,162.74272194812315,22.504181370648187,49.47010074780827,0.7375039859693877
EyePACS 2015,2,Moderate NPDR,150.1741717185958,24.9249063313488,154.63836981629873,0.7486447704081632
EyePACS 2015,0,No DR,132.72972277057764,27.155125551788622,194.0808211338748,0.7400350765306123
EyePACS 2015,2,Moderate NPDR,95.706148409894,26.192627243450975,120.42034452991048,0.7415896045918368
EyePACS 2015,0,No DR,44.42056779615364,18.52274253201921,69.81367990038473,0.7832828443877551
EyePACS 2015,0,No DR,106.14126962078066,19.153950622207876,90.56478950539436,0.47203842474489793
EyePACS 2015,0,No DR,126.47213430576579,35.26179672947657,393.6663526920214,0.47622369260204084
EyePACS 2015,0,No DR,92.12215565045574,25.321546647637057,704.8958704420072,0.6656369579081632
EyePACS 2015,0,No DR,89.41283618221001,28.349710847253796,207.6101039605855,0.7181521045918368
EyePACS 2015,0,No DR,193.1817965591057,19.372207364646414,98.87708478236311,0.5442442602040817
EyePACS 2015,0,No DR,135.85852090032154,26.3912512949352,225.4363365167363,0.7115154655612245
EyePACS 2015,0,No DR,144.82145041988767,21.974232052293182,180.72989171741915,0.752311862244898
EyePACS 2015,0,No DR,125.74580041639335,24.789517685232617,224.58716373670876,0.7358896683673469
EyePACS 2015,0,No DR,100.37118504261754,28.98980713387042,305.8595399508917,0.47676179846938777
EyePACS 2015,0,No DR,80.31020427508413,19.792449675939185,292.1720225538055,0.46163504464285715
EyePACS 2015,0,No DR,55.557141698434584,22.612875684613375,103.7796397331367,0.7724210778061225
EyePACS 2015,0,No DR,61.405753583882216,19.60734345348935,175.31886782992757,0.45228794642857145
EyePACS 2015,2,Moderate NPDR,101.82064831261101,20.080860737611566,210.27352845230922,0.49119100765306123
EyePACS 2015,0,No DR,159.90327249099178,22.342891552442644,359.17089789017524,0.716179049744898
EyePACS 2015,0,No DR,109.3232158720758,16.073236204429907,157.37177181703225,0.7147640306122449
EyePACS 2015,0,No DR,141.10763214898586,34.884735672589876,129.0196876301434,0.7473294005102041
EyePACS 2015,1,Mild NPDR,116.22326131658264,23.022119438916892,127.74980156821177,0.7429249043367347
EyePACS 2015,0,No DR,87.5510726553892,17.880299245033363,196.78276061799764,0.6556521045918368
EyePACS 2015,0,No DR,70.85418938783252,28.014797841782922,235.78277710162516,0.4614357461734694
EyePACS 2015,2,Moderate NPDR,131.12144245056578,18.90114953677258,156.26113343035294,0.7422871492346939
EyePACS 2015,0,No DR,100.83912662142824,19.936579912015425,208.11528343843023,0.4734733737244898
EyePACS 2015,4,Proliferative DR,101.03945970556988,26.26280974820426,124.95623098488804,0.43393255739795916
EyePACS 2015,2,Moderate NPDR,162.586802384917,58.46981334627133,69.06645642559991,0.778938137755102
EyePACS 2015,0,No DR,128.9836572156738,24.88534819590051,388.2134356132313,0.6658761160714286
EyePACS 2015,0,No DR,148.18319725366487,26.065392623489977,105.80473590328415,0.47110172193877553
EyePACS 2015,0,No DR,59.48001440403313,14.476079489374548,64.3779708735545,0.7574338329081632
EyePACS 2015,0,No DR,111.87458829490753,15.284682377474631,218.1815744091862,0.43325494260204084
EyePACS 2015,2,Moderate NPDR,69.55638322792223,18.904772262024135,115.42857048101715,0.46665736607142855
EyePACS 2015,0,No DR,81.87222222222222,27.37614097531629,215.10771495794606,0.4833386479591837
EyePACS 2015,0,No DR,118.2769277979922,18.506248770917562,138.21646345748238,0.4977279974489796
EyePACS 2015,2,Moderate NPDR,121.10044369436808,27.14485923781413,398.516478895497,0.7683354591836735
EyePACS 2015,0,No DR,101.92117496078711,28.29497117207819,366.31719565194453,0.7353117028061225
EyePACS 2015,0,No DR,42.62982456140351,17.28464396243441,123.89522239441459,0.7027264030612245
EyePACS 2015,0,No DR,132.09489786571402,24.555684701692233,81.62257445696683,0.4770009566326531
EyePACS 2015,0,No DR,130.701918577445,35.37442957458929,453.3925536522649,0.4672751913265306
EyePACS 2015,0,No DR,52.845469570289715,13.671718723430965,79.14842293414375,0.4508729272959184
EyePACS 2015,0,No DR,75.51309483468074,27.23225862386094,214.67990160727953,0.45250717474489793
EyePACS 2015,0,No DR,98.78036283063288,13.838426667810236,57.54501581956806,0.4734733737244898
EyePACS 2015,0,No DR,126.43304310667165,12.427550460354032,67.07755817611405,0.7835419323979592
EyePACS 2015,0,No DR,100.11722254729861,15.787578037632578,110.27798610057798,0.4493781887755102
EyePACS 2015,0,No DR,124.81872309242466,21.700899358692116,221.48950889265475,0.4770607461734694
EyePACS 2015,2,Moderate NPDR,79.95075548185001,30.912686316609676,311.6595427712185,0.4743104272959184
EyePACS 2015,0,No DR,146.15557279990804,21.13925237940962,158.9917035471165,0.7394770408163265
EyePACS 2015,0,No DR,99.73368411872438,17.14132696935696,127.5494645649782,0.7212412308673469
EyePACS 2015,0,No DR,74.93153643876785,15.37548472803624,136.36399910869568,0.46615911989795916
EyePACS 2015,0,No DR,75.8052734375,29.48183152654541,277.1520870566368,0.44882015306122447
EyePACS 2015,0,No DR,163.30954825462013,15.867315363917161,105.17005697925538,0.5458585778061225
EyePACS 2015,0,No DR,36.89260468970897,10.490162273089137,77.80249392056838,0.46291055484693877
EyePACS 2015,1,Mild NPDR,190.6608447300489,24.9315509545383,251.84772705849795,0.762077487244898
EyePACS 2015,2,Moderate NPDR,141.45032573289902,20.38186826860691,208.51819838863855,0.45713089923469385
EyePACS 2015,0,No DR,97.39078332892765,28.698541739855052,77.1955897682033,0.7145647321428571
EyePACS 2015,0,No DR,159.51576915434185,24.34899801945603,236.46989930498168,0.7384207589285714
EyePACS 2015,0,No DR,32.99313533202578,15.057431213457571,76.86579433308569,0.7567362882653061
EyePACS 2015,4,Proliferative DR,55.824101526781014,21.473077532798722,96.3013214240338,0.7572544642857143
EyePACS 2015,1,Mild NPDR,68.5833450952717,22.940923284520583,292.41880873339557,0.4650031887755102
EyePACS 2015,2,Moderate NPDR,103.41066838046272,32.04660304668818,270.72674562473895,0.4758848852040816
EyePACS 2015,0,No DR,32.55499445273346,19.533500986592966,144.8363363901137,0.6403858418367347
EyePACS 2015,2,Moderate NPDR,117.24184282447432,16.717973035870163,75.79539713185831,0.7500996492346939
EyePACS 2015,0,No DR,70.7165096678235,27.769550934937865,325.38012452900966,0.6441525829081632
EyePACS 2015,0,No DR,66.82610866506286,24.920838604192852,301.23706243393207,0.48104671556122447
EyePACS 2015,2,Moderate NPDR,108.69426526909898,42.06067568159073,318.9145400434364,0.8251554528061225
EyePACS 2015,0,No DR,125.74215081484209,20.637812107591454,328.03811596006113,0.474609375
EyePACS 2015,0,No DR,71.3490358565737,11.02210268850754,345.91105413463276,0.6655771683673469
EyePACS 2015,0,No DR,83.0364411259416,24.946260998465437,263.28616346344796,0.6443718112244898
EyePACS 2015,0,No DR,130.30980623691696,19.82937496093461,183.92676112686743,0.41025589923469385
EyePACS 2015,0,No DR,95.95474572898604,25.214007101278366,88.82662192610026,0.7377232142857143
EyePACS 2015,0,No DR,74.43059232517716,21.94281339826307,113.69301555627318,0.7801937181122449
EyePACS 2015,0,No DR,116.07281460134486,31.482610064262822,446.47667501783275,0.45583545918367346
EyePACS 2015,0,No DR,91.92345329678427,23.742066952156062,213.27005344566564,0.7196069834183674
EyePACS 2015,0,No DR,106.45293252902114,16.843781779425274,200.62078572391482,0.4330955038265306
EyePACS 2015,0,No DR,106.33410456815552,20.711955442946564,190.67754091360217,0.7417291135204082
EyePACS 2015,0,No DR,109.3918297711009,28.74941072780428,482.6280953566809,0.4616749043367347
EyePACS 2015,2,Moderate NPDR,154.48450603699519,26.883965276684098,161.80442327793605,0.7071308992346939
EyePACS 2015,0,No DR,94.03080149114632,24.578332694351328,412.7785109968567,0.46912866709183676
EyePACS 2015,1,Mild NPDR,71.83804437897062,15.861130618962676,193.47647542875518,0.4747688137755102
EyePACS 2015,0,No DR,155.84434782608696,41.79290646727016,91.48920850818719,0.47731983418367346
EyePACS 2015,0,No DR,144.21441086289968,20.880680364297454,110.46145472753344,0.7638911033163265
EyePACS 2015,2,Moderate NPDR,34.055792569274736,18.2694761373168,62.76175990071748,0.6064253826530612
EyePACS 2015,0,No DR,101.42992086578462,19.595378221248666,173.61162906069984,0.6781927614795918
EyePACS 2015,2,Moderate NPDR,100.35975143403442,26.887937407198457,836.1604435716952,0.6656768176020408
EyePACS 2015,0,No DR,141.83843542109477,27.33640481882308,313.01600871881664,0.7578324298469388
EyePACS 2015,0,No DR,50.74209003367962,23.037441700502093,91.02037992017891,0.46131616709183676
EyePACS 2015,0,No DR,157.66459121605442,16.696032878480622,191.91711268989374,0.45717075892857145
EyePACS 2015,2,Moderate NPDR,72.93637816572412,16.32860996173929,78.61240681880687,0.6880580357142857
EyePACS 2015,1,Mild NPDR,97.28882799056784,19.460270405268677,184.0584281555604,0.6657166772959183
EyePACS 2015,0,No DR,138.1173775716359,33.27958957197968,176.12060876079664,0.7370256696428571
EyePACS 2015,0,No DR,62.58678332949574,23.76036943602484,186.05999564513155,0.47439014668367346
EyePACS 2015,1,Mild NPDR,128.9965034965035,18.904402784825553,135.40141854640777,0.43323501275510207
EyePACS 2015,0,No DR,94.18388899412767,20.076330660886637,473.34342429639594,0.4619937818877551
EyePACS 2015,2,Moderate NPDR,161.03010396435508,19.580074214616808,78.36337455350949,0.7336973852040817
EyePACS 2015,0,No DR,72.0869578460039,27.716307021886212,122.00379004967904,0.7003148915816326
EyePACS 2015,0,No DR,72.38373315492689,24.978408551333537,143.63087245791755,0.4580676020408163
EyePACS 2015,0,No DR,90.4455333691078,26.944668458401257,152.50170837781627,0.7426259566326531
EyePACS 2015,3,Severe NPDR,97.05828178694158,24.899591136061797,201.64851287065576,0.4768614477040816
EyePACS 2015,0,No DR,91.11458795427401,26.09237407306578,249.16203455465367,0.6261360012755102
EyePACS 2015,0,No DR,67.11471019575336,33.20667787869178,275.84251213636406,0.6653778698979592
EyePACS 2015,0,No DR,87.94936534848554,28.058072293497155,128.89176586450412,0.47678172831632654
EyePACS 2015,0,No DR,82.28461538461538,16.807937445649223,62.49625063919936,0.7834821428571429
EyePACS 2015,0,No DR,118.71256959971942,23.56775846729908,402.7116881377761,0.49770806760204084
EyePACS 2015,1,Mild NPDR,153.47520614480968,21.82282431546026,132.24257489023148,0.7417889030612245
EyePACS 2015,0,No DR,60.426677114098005,17.5046762701044,169.80152592274683,0.7040218431122449
EyePACS 2015,0,No DR,175.1383731724298,17.018663018140597,63.598684744008885,0.7236328125
EyePACS 2015,0,No DR,99.96763429015745,25.466254523205304,217.1821565975112,0.6558115433673469
EyePACS 2015,0,No DR,77.72821642025794,25.569575709155636,608.5327530098087,0.6737882653061225
EyePACS 2015,1,Mild NPDR,106.31206115515289,27.99133018883373,375.9224738036576,0.7410913584183674
EyePACS 2015,0,No DR,71.5320353604145,12.530994955076087,75.26367797593413,0.783561862244898
EyePACS 2015,2,Moderate NPDR,78.092472815898,14.034794847133215,93.5118605024625,0.4669164540816326
EyePACS 2015,0,No DR,30.164430320150657,9.979450347705523,83.85845377330551,0.7216398278061225
EyePACS 2015,2,Moderate NPDR,57.616316094172134,9.105760626497817,92.57484591923084,0.45406170280612246
EyePACS 2015,0,No DR,108.15023453596949,18.53857722609043,325.7098131556512,0.4977479272959184
EyePACS 2015,0,No DR,96.19542687177581,24.860128522345168,168.9827055840263,0.47032445790816324
EyePACS 2015,2,Moderate NPDR,113.0906805612688,25.37948203216454,136.6733852688797,0.47789779974489793
EyePACS 2015,2,Moderate NPDR,146.0477490577796,23.753809566198083,86.74522961082711,0.7133490114795918
EyePACS 2015,0,No DR,107.61628464563154,27.201847648200232,431.972924338293,0.45665258290816324
EyePACS 2015,0,No DR,134.68655248235157,23.740639991381364,253.97628461522987,0.7258649553571429
EyePACS 2015,0,No DR,118.88299698746397,44.05222067780835,476.09060519730167,0.6558514030612245
EyePACS 2015,0,No DR,124.2249408050513,25.08632474282419,423.4913559332253,0.49764827806122447
EyePACS 2015,0,No DR,86.56089401725977,29.98920748459151,197.85404864209093,0.4518494897959184
EyePACS 2015,0,No DR,130.50131995776135,22.448540329863505,50.93861409841745,0.7202447385204082
EyePACS 2015,0,No DR,139.14292185730466,26.916096159349564,310.26799699623825,0.7413504464285714
EyePACS 2015,0,No DR,107.18760757314975,23.969869944362422,322.41700889280975,0.7533880739795918
EyePACS 2015,0,No DR,88.63351668205725,18.550454269541984,133.8228186869367,0.5408761160714286
EyePACS 2015,0,No DR,106.45266064697115,26.634493880857125,567.1543310361219,0.4977479272959184
EyePACS 2015,1,Mild NPDR,112.16351890114368,19.5943319755791,64.78753311262733,0.7307676977040817
EyePACS 2015,0,No DR,82.22694902548726,35.508452508341335,504.84871141795696,0.46675701530612246
EyePACS 2015,1,Mild NPDR,80.8701156486205,14.313371702814507,87.56938211900975,0.7835020727040817
EyePACS 2015,2,Moderate NPDR,128.66901217861977,19.46419079003318,394.7539626423855,0.48427535076530615
EyePACS 2015,0,No DR,129.9797492767599,18.569755809189196,263.66785393034684,0.4977279974489796
EyePACS 2015,2,Moderate NPDR,72.02176246706352,19.918557087811664,73.80691117215837,0.4490991709183674
EyePACS 2015,2,Moderate NPDR,119.63780234581066,24.368223898196337,151.90763280761107,0.7463727678571429
EyePACS 2015,0,No DR,112.22072538860104,24.034841162430656,258.14437108373266,0.7161591198979592
EyePACS 2015,2,Moderate NPDR,51.146421245218164,19.045482515596504,77.5464529216491,0.7543845663265306
EyePACS 2015,0,No DR,87.98437179299223,18.184603451081575,136.474391672397,0.7235331632653061
EyePACS 2015,2,Moderate NPDR,106.59436305571045,21.135253612422254,342.50354555683464,0.4330955038265306
EyePACS 2015,1,Mild NPDR,139.73159052312147,24.047911511377887,282.7150622713294,0.7517538265306123
EyePACS 2015,0,No DR,58.53191188929681,15.39264851001996,89.52501488970191,0.4647839604591837
EyePACS 2015,0,No DR,75.69485527629072,24.003923624269902,300.1409108372027,0.481265943877551
EyePACS 2015,0,No DR,61.55026662740865,36.68278531527877,87.23690618644893,0.6622090242346939
EyePACS 2015,2,Moderate NPDR,119.0649118893598,29.958247995168865,335.8999424748283,0.7529097576530612
EyePACS 2015,0,No DR,76.00587840107491,22.24957376657094,377.76971846298045,0.6350247130102041
EyePACS 2015,0,No DR,82.74455889682672,19.785544127798246,165.60847237579665,0.7577726403061225
EyePACS 2015,2,Moderate NPDR,155.51701555708075,25.146003467427594,186.56627236999665,0.7397759885204082
EyePACS 2015,1,Mild NPDR,72.68555004404061,21.582675483860136,132.06934411004517,0.4715202487244898
EyePACS 2015,0,No DR,45.738944918541506,19.6554088612131,147.3086570541666,0.7572544642857143
EyePACS 2015,2,Moderate NPDR,78.993264604811,31.15792387795981,71.89371394291518,0.47694116709183676
EyePACS 2015,0,No DR,42.731614273987155,10.077119002988749,118.3651230450616,0.4536631058673469
EyePACS 2015,0,No DR,124.61871215300677,27.374444203519253,364.7531817833183,0.7066525829081632
EyePACS 2015,0,No DR,98.3382582362118,31.908470923391633,202.42149131166033,0.47604432397959184
EyePACS 2015,0,No DR,123.3944109387229,28.3610938614926,432.1479149548295,0.47456951530612246
EyePACS 2015,0,No DR,84.20235435641862,29.411461466633224,175.9103541977886,0.7407924107142857
EyePACS 2015,0,No DR,115.32411858974359,14.263220944528351,149.99823091233722,0.7834821428571429
EyePACS 2015,4,Proliferative DR,82.53332743206161,17.81233755998148,50.858062115714255,0.7113958864795918
EyePACS 2015,0,No DR,60.84065412736507,14.832075369305707,73.75602389864355,0.7496213329081632
EyePACS 2015,2,Moderate NPDR,112.34818852196217,28.466067526994816,328.3120894198245,0.4769810267857143
EyePACS 2015,0,No DR,180.13515731874145,24.238895562310297,229.8534589193448,0.7642498405612245
EyePACS 2015,0,No DR,44.857142857142854,13.121600760141629,131.32567222602154,0.4539819834183674
EyePACS 2015,0,No DR,95.29915511066214,35.61864083343307,508.8290657406587,0.4757453762755102
EyePACS 2015,0,No DR,123.1227679217434,20.126613679355344,123.3454210091007,0.7261041135204082
EyePACS 2015,0,No DR,72.48246191461351,23.483781311484698,226.14503943493867,0.46524234693877553
EyePACS 2015,0,No DR,81.17233464493161,32.030343390834,340.85263224913984,0.46683673469387754
EyePACS 2015,0,No DR,82.00644091877813,15.72114193583773,175.39511265198658,0.46201371173469385
EyePACS 2015,0,No DR,96.79842117483167,30.007979703633147,321.928066216254,0.47068319515306123
EyePACS 2015,2,Moderate NPDR,128.0360615065055,27.792588503793418,209.57898627621512,0.7267617984693877
EyePACS 2015,0,No DR,138.8151717881846,26.723990049747734,105.63263776535423,0.7395966198979592
EyePACS 2015,0,No DR,101.78730470577229,13.189398531695648,165.0530559367433,0.4678332270408163
EyePACS 2015,0,No DR,65.94598240469209,21.476436312933828,160.53970827478264,0.7154217155612245
EyePACS 2015,0,No DR,115.04809465709502,25.937155162431505,211.87409491595824,0.7416493941326531
EyePACS 2015,0,No DR,142.09283044186716,28.796157557750213,278.1387461864187,0.45689174107142855
EyePACS 2015,0,No DR,142.95785958953397,29.404340620046316,360.2548868924842,0.7357700892857143
EyePACS 2015,0,No DR,48.9632496105919,15.644231550164783,178.73138034243877,0.45053411989795916
EyePACS 2015,0,No DR,84.17980284775466,28.49443602736398,302.4187665328245,0.4979671556122449
EyePACS 2015,2,Moderate NPDR,88.38172017811108,32.90734609890321,160.79355310062908,0.4664979272959184
EyePACS 2015,0,No DR,164.54913642482742,26.141572898347388,189.4843629019839,0.7401745854591837
EyePACS 2015,0,No DR,70.55573995922045,22.747487395949143,148.50338238852558,0.4614756058673469
EyePACS 2015,0,No DR,133.0111674322826,33.08692743036438,241.68614638324982,0.5445033482142857
EyePACS 2015,0,No DR,110.7752799261226,28.36040289773366,227.4912883812066,0.7263432716836735
EyePACS 2015,0,No DR,41.234783537643885,8.762196459591582,44.192327901087154,0.783561862244898
EyePACS 2015,0,No DR,60.168089115495455,25.638562974994976,252.74833842254782,0.7572345344387755
EyePACS 2015,0,No DR,119.67269921436588,29.609430579567526,385.17783999664306,0.7457549426020408
EyePACS 2015,0,No DR,186.52527025521007,17.659857257019585,225.48551288982165,0.7511957908163265
EyePACS 2015,0,No DR,156.81682789004884,18.3317557578058,136.56325461247667,0.45713089923469385
EyePACS 2015,0,No DR,108.52203632887189,26.69887838719888,117.23087255830278,0.4579480229591837
EyePACS 2015,0,No DR,77.13561230464352,17.55227510761609,165.06142071099853,0.48471380739795916
EyePACS 2015,0,No DR,79.06441068139964,24.346908556046646,351.7259716647335,0.4747289540816326
EyePACS 2015,0,No DR,106.42539815590948,23.694250939998245,264.05465736820673,0.7074697066326531
EyePACS 2015,0,No DR,142.30153855069105,25.87500566764066,165.14833593329053,0.7309072066326531
EyePACS 2015,0,No DR,89.36149444631437,31.38073464008692,113.01365422663669,0.7468311543367347
EyePACS 2015,2,Moderate NPDR,109.4659948441528,30.4258418583494,293.8564812235364,0.46665736607142855
EyePACS 2015,2,Moderate NPDR,33.52718862105859,18.18145908259116,88.01508591621413,0.6735491071428571
EyePACS 2015,0,No DR,56.52976074059587,22.71216068375478,291.11674095447023,0.6541374362244898
EyePACS 2015,0,No DR,98.90155931560737,25.300838896557252,334.4147865537112,0.46163504464285715
EyePACS 2015,1,Mild NPDR,122.61026523297491,22.498436249950625,289.53855834246735,0.7307477678571429
EyePACS 2015,0,No DR,127.23035892876986,28.19990977300748,440.9794541351232,0.7563974808673469
EyePACS 2015,1,Mild NPDR,130.12679693552553,22.53448616886013,256.73867206068127,0.7377232142857143
EyePACS 2015,1,Mild NPDR,110.66270224240704,38.0202804132311,247.6676575343779,0.7421675701530612
EyePACS 2015,0,No DR,88.85692855803488,23.724465035737072,237.80898626929348,0.466617506377551
EyePACS 2015,3,Severe NPDR,43.0370300928096,13.313606605672224,112.7762999785401,0.6776147959183674
EyePACS 2015,0,No DR,77.94523869948961,20.760855051963382,113.08632586778381,0.7425263073979592
EyePACS 2015,0,No DR,126.59466193876084,22.796163387393122,273.28679390337,0.45689174107142855
EyePACS 2015,1,Mild NPDR,42.35348076709899,18.075040308786967,65.2180739951752,0.7570950255102041
EyePACS 2015,0,No DR,125.63459188842864,18.439049614795803,187.37769606291045,0.7130699936224489
EyePACS 2015,0,No DR,119.81278143401455,17.382337965401284,381.435813548042,0.5035873724489796
EyePACS 2015,0,No DR,104.08709054103791,14.00653492784158,101.91141467543943,0.4750478316326531
EyePACS 2015,0,No DR,124.95224952906645,13.575571385101053,114.99314941603772,0.49806680484693877
EyePACS 2015,0,No DR,66.89800539083558,26.926739008828502,40.69285525315858,0.7745137117346939
EyePACS 2015,1,Mild NPDR,89.94419744124852,27.903325273715417,265.71575079945904,0.481265943877551
EyePACS 2015,0,No DR,120.46883808330723,27.82158650103176,215.1805756528165,0.7355907206632653
EyePACS 2015,0,No DR,103.82282071713148,33.16284200085143,933.1840097522262,0.6655771683673469
EyePACS 2015,3,Severe NPDR,144.54380251795425,27.487979076941706,322.1979538169775,0.7276187818877551
EyePACS 2015,0,No DR,44.413897133959416,13.22524034524906,140.14659428449585,0.45041454081632654
EyePACS 2015,2,Moderate NPDR,90.7632120475166,15.91671121621394,54.09989961414811,0.4677734375
EyePACS 2015,0,No DR,21.408227942715342,7.182824628488447,24.52646746904474,0.7678372130102041
EyePACS 2015,0,No DR,132.02283560580867,23.476059113449885,307.05874574323684,0.7562380420918368
EyePACS 2015,0,No DR,66.88455149501661,26.02706157254731,69.06287704697887,0.7551020408163265
EyePACS 2015,3,Severe NPDR,116.84992544513639,15.52422899955918,139.96060751914402,0.49758848852040816
EyePACS 2015,0,No DR,104.11999207646214,33.02072619283712,315.880690550274,0.8444874043367347
EyePACS 2015,1,Mild NPDR,81.78015735507144,29.897024780378356,152.71227559536825,0.7371253188775511
EyePACS 2015,0,No DR,122.3628851949062,23.69750054306713,268.55667862859883,0.4506935586734694
EyePACS 2015,0,No DR,101.21169242226773,33.93890188013776,361.03765157955206,0.46958705357142855
EyePACS 2015,2,Moderate NPDR,87.07027961182257,17.98278687429646,186.95846406773444,0.4926060267857143
EyePACS 2015,0,No DR,201.17336204077182,24.448369679963108,288.54255665313656,0.7684151785714286
EyePACS 2015,0,No DR,47.69997112330349,48.1955678923029,66.10941670953885,0.30197704081632654
EyePACS 2015,1,Mild NPDR,72.04608808771604,22.57326781069303,248.52222493901863,0.4704639668367347
EyePACS 2015,1,Mild NPDR,89.19369009584665,28.14148033520403,337.88107262063943,0.7342354910714286
EyePACS 2015,0,No DR,128.87733822223495,26.666338481633762,142.35588542946812,0.7331792091836735
EyePACS 2015,0,No DR,127.72534782405022,15.15770335715454,200.98721109830427,0.4672154017857143
EyePACS 2015,2,Moderate NPDR,123.64811791818705,23.964644970791248,248.0858516657545,0.4559948979591837
EyePACS 2015,0,No DR,80.25266127136572,23.40793011645174,361.5581652340616,0.6352040816326531
EyePACS 2015,2,Moderate NPDR,62.75581928152493,17.488433233552065,157.05555855258157,0.4768016581632653
EyePACS 2015,0,No DR,47.619496245393336,18.92766354266973,43.02613596044946,0.7572743941326531
EyePACS 2015,0,No DR,71.32684294871795,17.131481104700768,51.65384112015121,0.7834821428571429
EyePACS 2015,0,No DR,48.34840079116214,11.487915632563114,85.39276544258651,0.45408163265306123
EyePACS 2015,0,No DR,80.57405307325924,23.708473964693273,272.1451353761489,0.4813257334183674
EyePACS 2015,0,No DR,139.70682465272785,16.672865731868622,229.713092834147,0.7286949936224489
EyePACS 2015,0,No DR,119.49551364219008,25.206020330865815,265.17890094703927,0.47720025510204084
EyePACS 2015,0,No DR,148.79224575865044,26.14207617087271,206.58124449705954,0.4567920918367347
EyePACS 2015,0,No DR,141.99748604168494,26.588670567537307,276.7056368906446,0.7183514030612245
EyePACS 2015,0,No DR,94.91771682727946,26.0153966866716,174.8480206764366,0.47177933673469385
EyePACS 2015,2,Moderate NPDR,104.3603921388978,24.051390109764355,257.13673745300946,0.47690130739795916
EyePACS 2015,1,Mild NPDR,116.34799413191898,21.678305983203156,264.2922834154465,0.7475286989795918
EyePACS 2015,3,Severe NPDR,32.58984569437531,11.842338769758213,36.74476752386018,0.7798349808673469
EyePACS 2015,2,Moderate NPDR,144.7751758120844,38.25458392594438,199.3173207009414,0.8642777423469388
EyePACS 2015,0,No DR,72.65078716936618,24.341875167263073,220.04773430798969,0.48124601403061223
EyePACS 2015,0,No DR,74.7948772735771,12.086030407806811,57.81879045015636,0.7835020727040817
EyePACS 2015,0,No DR,150.18493286780776,21.522596951148667,139.60417353612368,0.7449976084183674
EyePACS 2015,0,No DR,132.49788041053102,13.489641685831211,55.960060399233654,0.7503985969387755
EyePACS 2015,3,Severe NPDR,67.30816279867383,23.463158736635556,116.52538749537985,0.7352519132653061
EyePACS 2015,1,Mild NPDR,131.07766524670635,22.13467116676679,114.1777628743187,0.7418486926020408
EyePACS 2015,0,No DR,86.754513148543,38.56830191933698,589.9235738456666,0.4617546237244898
EyePACS 2015,2,Moderate NPDR,112.14443431094898,24.052821116760082,153.4062501119636,0.45609454719387754
EyePACS 2015,0,No DR,153.644938566924,25.023585801219927,253.7371754542828,0.7695711096938775
EyePACS 2015,0,No DR,85.66198347107438,26.939851993851025,372.3166104550809,0.47580516581632654
EyePACS 2015,2,Moderate NPDR,43.05777864532501,20.84427682005027,144.55565562280148,0.4660794005102041
EyePACS 2015,2,Moderate NPDR,126.87857018207201,22.377569770469762,76.10977045714618,0.7210419323979592
EyePACS 2015,0,No DR,142.4861868019209,38.315096999221424,402.293947654652,0.7747329400510204
EyePACS 2015,1,Mild NPDR,123.44033960532354,26.409419813089734,153.81126061253474,0.4760044642857143
EyePACS 2015,0,No DR,68.33018782324653,21.224333221727882,305.1448442897669,0.481265943877551
EyePACS 2015,0,No DR,92.2142078945163,20.37106914149483,108.41836683891864,0.7488241390306123
EyePACS 2015,0,No DR,60.31947519746191,23.35072393553918,211.491989885561,0.644172512755102
EyePACS 2015,0,No DR,112.76567108616592,27.420273692412373,204.98669509543976,0.7315648915816326
EyePACS 2015,0,No DR,108.15893917767853,27.83768749822439,336.60968902786186,0.47458944515306123
EyePACS 2015,2,Moderate NPDR,81.73228065707373,17.39389417795251,66.40302900185405,0.8187579719387755
EyePACS 2015,1,Mild NPDR,107.40968073578038,20.36533812101409,102.78688772520444,0.752570950255102
EyePACS 2015,2,Moderate NPDR,33.42453517161027,19.147025737390493,117.85936106564364,0.45178970025510207
EyePACS 2015,0,No DR,151.42621154656553,23.482084963202247,158.4099388160981,0.7471699617346939
EyePACS 2015,0,No DR,131.90761817347408,42.8379054349675,152.69254558037727,0.4761240433673469
EyePACS 2015,0,No DR,129.84721083434647,30.915659574669142,406.88460643500974,0.7417291135204082
EyePACS 2015,0,No DR,89.55389261744966,23.539659130106863,333.0732385466871,0.6355030293367347
EyePACS 2015,1,Mild NPDR,174.4479028385821,16.796665761480416,316.34048090048293,0.748046875
EyePACS 2015,3,Severe NPDR,60.05359135397073,20.72298371767687,231.50305461027614,0.665397799744898
EyePACS 2015,0,No DR,99.89310623090668,29.00535832074953,137.79851774208615,0.7280771683673469
EyePACS 2015,2,Moderate NPDR,113.1381057518116,28.155782863207424,397.08656018422795,0.7412507971938775
EyePACS 2015,4,Proliferative DR,72.24430102761544,17.074885260027852,187.06459744063736,0.7575135522959183
EyePACS 2015,2,Moderate NPDR,101.08975723480818,11.04116183066055,117.43949302447142,0.43321508290816324
EyePACS 2015,0,No DR,180.4429156908665,22.757466163541068,232.5048127966297,0.7991071428571429
EyePACS 2015,0,No DR,174.0336782366935,32.91307793728149,202.41573833021533,0.7449776785714286
EyePACS 2015,0,No DR,56.76519856954639,17.428024583519996,135.78900702172373,0.4649234693877551
EyePACS 2015,0,No DR,81.69310685575408,18.43152414936988,108.5711234910892,0.783561862244898
EyePACS 2015,0,No DR,79.96457093073907,22.33086304340178,183.54777981075256,0.4525868941326531
EyePACS 2015,0,No DR,138.40437970195026,26.02746500850682,253.74768233613804,0.4569515306122449
EyePACS 2015,0,No DR,105.99467527685728,28.11586080031264,221.75980166102676,0.7392378826530612
EyePACS 2015,2,Moderate NPDR,78.27352148455653,18.167530763404447,169.5459450692705,0.6849091198979592
EyePACS 2015,0,No DR,90.58577000746908,48.078240992276804,189.39675160608604,0.7765066964285714
EyePACS 2015,2,Moderate NPDR,114.69415278361099,15.740029880485103,54.62042831817465,0.46876992984693877
EyePACS 2015,0,No DR,140.6328249942883,24.537983633949136,335.1763240937763,0.7451969068877551
EyePACS 2015,0,No DR,64.91921575746574,20.62327606075897,261.4686404465776,0.48110650510204084
EyePACS 2015,3,Severe NPDR,71.62828816920026,20.046793396700437,259.14406714729233,0.6442920918367347
EyePACS 2015,0,No DR,162.0083283759667,34.61027008057525,74.03752709991561,0.4773796237244898
EyePACS 2015,0,No DR,80.79121584448927,30.47902387896494,287.43816835750175,0.4765625
EyePACS 2015,0,No DR,84.46917058690347,29.79719884496141,209.76918601254243,0.8256536989795918
EyePACS 2015,2,Moderate NPDR,80.7248991419967,21.27662542394797,198.97141924711414,0.7370057397959183
EyePACS 2015,0,No DR,155.41520402459474,26.18627521726504,370.1663805510103,0.7497608418367347
EyePACS 2015,0,No DR,94.48480153854372,39.997797916065245,162.50340188707418,0.7873286033163265
EyePACS 2015,0,No DR,110.41039426523298,24.61685016445409,245.50293715670057,0.7212810905612245
EyePACS 2015,0,No DR,76.17658954224335,18.753925178114336,116.83591170538752,0.7935467155612245
EyePACS 2015,0,No DR,193.34253619857503,22.309857559779147,235.82334098547156,0.7356305803571429
EyePACS 2015,3,Severe NPDR,52.99986955954607,14.586014372655146,86.47086486826669,0.5016940369897959
EyePACS 2015,0,No DR,176.67780703854442,22.28417350871144,173.85552556726591,0.45717075892857145
EyePACS 2015,2,Moderate NPDR,62.5809160651868,23.385377731565523,313.72391025765023,0.4810068558673469
EyePACS 2015,0,No DR,126.9439420353018,26.936017662679944,248.79957856993246,0.7696906887755102
EyePACS 2015,0,No DR,169.60825108566917,18.28838561443513,168.09610591280762,0.5458585778061225
EyePACS 2015,0,No DR,48.332876913296495,24.462561109310666,156.88679091794467,0.44820232780612246
EyePACS 2015,0,No DR,74.43767727953596,19.26888026231443,279.50545997200214,0.6656170280612245
EyePACS 2015,0,No DR,124.06058480557626,23.01072389606967,492.65715722610673,0.49776785714285715
EyePACS 2015,1,Mild NPDR,102.50918968905329,28.261186489985207,141.8704257511321,0.7255062181122449
EyePACS 2015,1,Mild NPDR,95.85514973784768,27.78473588849742,391.5296105147557,0.4908920599489796
EyePACS 2015,0,No DR,154.57834372933974,26.209299001851136,159.31619820161444,0.7344746492346939
EyePACS 2015,0,No DR,131.35798464966575,56.69622185093204,527.751073351363,0.8445671237244898
EyePACS 2015,0,No DR,109.61504583857631,29.312179525507112,274.2741971488926,0.7082868303571429
EyePACS 2015,1,Mild NPDR,45.724072944958706,19.19494169171706,101.08484273611374,0.7571149553571429
EyePACS 2015,0,No DR,98.42017580577648,23.966134898200984,100.94916865938016,0.7496213329081632
EyePACS 2015,0,No DR,91.6501247812742,32.392169994815745,319.5726477431953,0.7304089604591837
EyePACS 2015,3,Severe NPDR,88.60778113032377,27.98506114413445,220.68986071585235,0.7227359693877551
EyePACS 2015,0,No DR,26.999139732087993,5.72336008646854,38.365629361403435,0.6916852678571429
EyePACS 2015,0,No DR,128.31652257444765,35.54831521347448,503.36582913929465,0.45583545918367346
EyePACS 2015,0,No DR,72.160525822769,28.176154839079874,286.77680562823633,0.6780532525510204
EyePACS 2015,0,No DR,43.74992729035385,25.216830774000574,158.63115245670258,0.45192920918367346
EyePACS 2015,0,No DR,102.69464337700146,21.23829730973351,171.46829630674898,0.7204041772959183
EyePACS 2015,1,Mild NPDR,125.79355000942981,30.569359858064196,581.0126673307286,0.6741470025510204
EyePACS 2015,0,No DR,162.64969228567338,24.15482652217484,102.74238171939632,0.7318638392857143
EyePACS 2015,0,No DR,65.5824530941012,17.863616042231218,129.37371324649098,0.45408163265306123
EyePACS 2015,0,No DR,113.38136904761905,25.748013756626413,302.76671115982856,0.7138671875
EyePACS 2015,0,No DR,78.42580361074417,29.163590077071888,118.55054669692642,0.6737484056122449
EyePACS 2015,0,No DR,47.65787272017402,19.536716009161875,84.06349990712835,0.7550023915816326
EyePACS 2015,1,Mild NPDR,77.21072753532893,28.098525652564028,376.169059259061,0.7394770408163265
EyePACS 2015,2,Moderate NPDR,71.57223502846121,24.212865314501595,203.37156154294138,0.465023118622449
EyePACS 2015,0,No DR,105.51189906215676,27.453159078868214,342.14403696454735,0.7447185905612245
EyePACS 2015,0,No DR,117.85624380863587,20.262113704184806,113.34945626097468,0.7197863520408163
EyePACS 2015,0,No DR,119.75298097720592,30.503989250139366,51.303198605655034,0.7542849170918368
EyePACS 2015,2,Moderate NPDR,125.68198430291774,17.456775744463243,170.35548989823488,0.7068120216836735
EyePACS 2015,1,Mild NPDR,136.5212058560572,24.888296436867094,338.52923278820117,0.7497209821428571
EyePACS 2015,0,No DR,42.37145512405306,34.783547774471224,160.22890680580016,0.7543646364795918
EyePACS 2015,2,Moderate NPDR,108.05215179139283,20.890685687568546,190.3209980130585,0.7876873405612245
EyePACS 2015,2,Moderate NPDR,88.43758187375673,18.574182737803103,421.36010222711445,0.45174984056122447
EyePACS 2015,0,No DR,106.38288911239628,37.03101152866788,518.1196745822044,0.674186862244898
EyePACS 2015,0,No DR,118.79530523954494,28.267290004577408,365.7722783654516,0.7836814413265306
EyePACS 2015,0,No DR,105.8460833715071,31.05777634306021,212.0735469539432,0.47692123724489793
EyePACS 2015,0,No DR,89.49449992396208,19.503703284057515,369.9599361003454,0.43313536352040816
EyePACS 2015,2,Moderate NPDR,83.72078921591492,23.529368235511868,67.03726642762855,0.46884964923469385
EyePACS 2015,0,No DR,91.47095190073223,22.963813207838854,146.32866049450945,0.49766820790816324
EyePACS 2015,0,No DR,72.06695173383318,20.443145086017946,78.14644215037981,0.7164580676020408
EyePACS 2015,0,No DR,98.14559164733178,31.534528729972997,238.34998345908858,0.45308514030612246
EyePACS 2015,0,No DR,91.87486826779079,22.648754792967768,108.04571668313297,0.7540058992346939
EyePACS 2015,3,Severe NPDR,159.47512719050312,20.705611810028124,202.7649171915608,0.7428252551020408
EyePACS 2015,0,No DR,79.18096074714504,23.181677196481157,105.52055926902739,0.47267617984693877
EyePACS 2015,0,No DR,94.00721480307831,23.22764186359146,190.10904524211597,0.7399154974489796
EyePACS 2015,0,No DR,149.73339940535183,27.796716078703547,310.99583260054544,0.7408322704081632
EyePACS 2015,0,No DR,69.64636958260787,20.424933193949144,141.0390402253318,0.464664381377551
EyePACS 2015,0,No DR,140.49781357882623,30.141656463572286,304.0959801599924,0.47470902423469385
EyePACS 2015,0,No DR,98.7525057172704,25.71603485933801,371.94365420114707,0.7453563456632653
EyePACS 2015,0,No DR,116.47687096131402,36.450224230727656,390.94752359526086,0.7367665816326531
EyePACS 2015,0,No DR,125.95138139434492,18.314657460320063,200.74363209676602,0.4082828443877551
EyePACS 2015,2,Moderate NPDR,123.57835755559447,17.909734719819035,250.26163073982138,0.7187898596938775
EyePACS 2015,0,No DR,67.57669301431318,14.2233963105849,77.10291599794284,0.7836615114795918
EyePACS 2015,0,No DR,72.59247752511898,31.633629520718024,435.55512683010846,0.644172512755102
EyePACS 2015,0,No DR,93.78817060979674,22.55181630259598,129.01662698127615,0.6355229591836735
EyePACS 2015,2,Moderate NPDR,86.63593273896852,22.603529308212355,143.7619895742495,0.7417889030612245
EyePACS 2015,0,No DR,136.03037096822408,27.502510812837826,52.38590869593334,0.7118742028061225
EyePACS 2015,2,Moderate NPDR,101.32248115147361,27.374476512363714,344.6702421976789,0.738639987244898
EyePACS 2015,2,Moderate NPDR,67.997210690192,27.87423670949072,175.65944482952494,0.6551339285714286
EyePACS 2015,0,No DR,48.89798615481435,8.959592654719964,183.4520556039179,0.6735889668367347
EyePACS 2015,0,No DR,137.57544065275212,18.651968631387042,194.5532276892644,0.484554368622449
EyePACS 2015,0,No DR,137.4487992226181,20.90401713463207,231.55187685686835,0.47231744260204084
EyePACS 2015,2,Moderate NPDR,70.83668670854188,26.872591460519793,537.2635456349191,0.6350247130102041
EyePACS 2015,0,No DR,147.24723829563388,27.43513669061788,291.5138623731702,0.7239716198979592
EyePACS 2015,0,No DR,112.26071439951566,24.368593338404256,395.85940750546075,0.6657366071428571
EyePACS 2015,0,No DR,108.51094494705899,25.04157424047093,178.52991538530355,0.7339564732142857
EyePACS 2015,0,No DR,104.8792927864215,24.363064737501062,176.03683528425583,0.7432637117346939
EyePACS 2015,2,Moderate NPDR,78.6623346094432,25.911008091833825,403.61787008265765,0.6351642219387755
EyePACS 2015,1,Mild NPDR,160.50937357110197,23.78272955094445,298.02352673670765,0.7393176020408163
EyePACS 2015,0,No DR,115.04987786360336,29.592572186243114,347.1875149437234,0.6448102678571429
EyePACS 2015,2,Moderate NPDR,108.25517778592375,54.70212421343246,104.44175017500373,0.4768016581632653
EyePACS 2015,0,No DR,121.49494270264212,19.89803082879666,187.45673407034823,0.7486049107142857
EyePACS 2015,0,No DR,141.08732839159612,16.17072650448358,251.84063426647026,0.49752869897959184
EyePACS 2015,0,No DR,84.57034424853065,20.4544329138228,242.61426349566895,0.6351044323979592
EyePACS 2015,0,No DR,24.0014092720381,7.015806817284736,48.75035925028415,0.45178970025510207
EyePACS 2015,1,Mild NPDR,96.15756725966173,24.066429575621946,223.1548330880787,0.4979870854591837
EyePACS 2015,2,Moderate NPDR,89.31765839801146,17.721532026400478,256.4152242931901,0.43283641581632654
EyePACS 2015,0,No DR,45.25976286816599,15.851638254861347,115.2504370373905,0.4649633290816326
EyePACS 2015,0,No DR,105.2799579370011,19.175026087738825,118.19184758495716,0.45796795280612246
EyePACS 2015,4,Proliferative DR,92.11213385326924,21.63618074582114,186.01473645498237,0.4815051020408163
EyePACS 2015,2,Moderate NPDR,35.03829958788747,14.13831870512744,132.3623142816062,0.5280811543367347
EyePACS 2015,0,No DR,122.55174611694454,24.410681936124234,379.8064593271628,0.6357023278061225
EyePACS 2015,2,Moderate NPDR,113.40546762589928,37.104995996480476,202.262337468155,0.4564931441326531
EyePACS 2015,1,Mild NPDR,125.28801426220515,22.271942013408196,176.06597474625593,0.762077487244898
EyePACS 2015,2,Moderate NPDR,96.65201075105229,22.966153266061806,310.1931373795642,0.43297592474489793
EyePACS 2015,0,No DR,101.6240855862368,30.598997970322777,248.21796102818837,0.7356505102040817
EyePACS 2015,2,Moderate NPDR,102.66755306955206,21.556802258079358,134.55058539395722,0.47646285076530615
EyePACS 2015,0,No DR,124.92588585339465,18.6411138608573,238.53499549562042,0.4845344387755102
EyePACS 2015,0,No DR,84.29214640082374,9.287120371807038,61.66497437768369,0.4675342793367347
EyePACS 2015,0,No DR,73.44787810682179,27.36320829188954,611.5753569146666,0.644172512755102
EyePACS 2015,0,No DR,55.5482799061767,20.82300534916935,124.82702946976127,0.4485012755102041
EyePACS 2015,0,No DR,61.279476950354606,22.29769337352208,225.764324967443,0.7573541135204082
EyePACS 2015,2,Moderate NPDR,152.92729436349916,22.991401468519403,117.16008932305175,0.7294323979591837
EyePACS 2015,0,No DR,110.404852010845,21.14732274085729,74.60126968732472,0.7412707270408163
EyePACS 2015,0,No DR,53.98937300743889,15.51472768985615,151.10153399514357,0.45352359693877553
EyePACS 2015,0,No DR,170.64894450977098,23.47632852201838,289.5797380770255,0.7549027423469388
EyePACS 2015,0,No DR,126.59688833666469,14.153041095178539,122.58366815029652,0.40784438775510207
EyePACS 2015,2,Moderate NPDR,66.56761398260484,24.233713100819482,149.62291858723023,0.757453762755102
EyePACS 2015,0,No DR,130.09919969329565,25.024020335329524,248.7744026044003,0.45689174107142855
EyePACS 2015,0,No DR,70.30759574809038,10.438337076837689,74.56262964784496,0.7835220025510204
EyePACS 2015,0,No DR,104.32319919635998,17.85620629947178,137.19165237669634,0.7174944196428571
EyePACS 2015,0,No DR,101.27770292245505,22.78242006904878,186.98686818671732,0.4704440369897959
EyePACS 2015,0,No DR,137.24715284158938,29.115339806356324,339.64477901110587,0.7518734056122449
EyePACS 2015,0,No DR,120.01628907622059,21.52636712890052,581.8842947634568,0.49679129464285715
EyePACS 2015,2,Moderate NPDR,126.52817456839891,16.76370989122031,300.1171181179189,0.49776785714285715
EyePACS 2015,0,No DR,148.99944491513045,18.94105726714913,184.14310995924333,0.7255460778061225
EyePACS 2015,0,No DR,148.6723548554708,14.143614349948411,85.53592106535538,0.7670001594387755
EyePACS 2015,2,Moderate NPDR,129.57740237238437,21.6068391397397,41.34919346935356,0.6356226084183674
EyePACS 2015,0,No DR,111.17758069813969,20.856103781253136,126.99280455408956,0.7091637436224489
EyePACS 2015,4,Proliferative DR,70.2033098010452,28.886406264945336,243.85388904083666,0.4766422193877551
EyePACS 2015,2,Moderate NPDR,158.9640643623361,26.355560588722025,235.71808519617258,0.7100406568877551
EyePACS 2015,0,No DR,101.45630795167182,33.99439081771399,460.06085388321793,0.4669563137755102
EyePACS 2015,0,No DR,64.42139747995418,20.375116112082434,204.47999433166825,0.4768215880102041
EyePACS 2015,0,No DR,96.12138902868647,29.829410876052414,350.9125432562678,0.6356026785714286
EyePACS 2015,2,Moderate NPDR,66.80183491309033,21.2043849677854,45.923688456145705,0.7583506058673469
EyePACS 2015,0,No DR,97.1341867747283,21.412016296325817,176.74458126347523,0.47450972576530615
EyePACS 2015,0,No DR,53.20426296368227,9.929049294508738,180.14850116555772,0.451171875
EyePACS 2015,0,No DR,62.44270536900019,28.457510579293494,287.37117797072,0.46133609693877553
EyePACS 2015,2,Moderate NPDR,132.61463460587362,59.26736856059183,200.32884119828643,0.8876953125
EyePACS 2015,0,No DR,177.23346200312344,26.126536443793643,217.41798003504096,0.7137476084183674
EyePACS 2015,2,Moderate NPDR,122.38926065839179,21.913223924783704,129.20356729318917,0.40822305484693877
EyePACS 2015,0,No DR,110.02326579103689,24.714246108591617,214.06642013050407,0.6450294961734694
EyePACS 2015,2,Moderate NPDR,82.49620559913271,20.52121989067631,342.9431991363132,0.6652981505102041
EyePACS 2015,0,No DR,68.98404509736932,26.8450205136296,186.1504111783264,0.6257573341836735
EyePACS 2015,0,No DR,122.87906532606864,15.1756785828059,118.857848463147,0.7458545918367347
EyePACS 2015,2,Moderate NPDR,41.74061287377311,21.431136772538643,145.3149671222734,0.7501395089285714
EyePACS 2015,1,Mild NPDR,105.95988918332932,29.224721286414617,108.0128088611493,0.707389987244898
EyePACS 2015,0,No DR,124.29558561957634,22.973257272172617,211.08154986309685,0.4086814413265306
EyePACS 2015,1,Mild NPDR,167.9737711288129,23.10336256083722,87.78402729062518,0.7567362882653061
EyePACS 2015,0,No DR,140.6130170554793,27.80049704139345,316.1185471540174,0.7511758609693877
EyePACS 2015,0,No DR,150.38751007476168,29.72798216634809,176.2531250136115,0.7616589604591837
EyePACS 2015,0,No DR,79.85560610368685,24.77469227459005,371.9499610868678,0.46169483418367346
EyePACS 2015,0,No DR,117.7954996497782,28.142351480038016,176.17315063230313,0.7187699298469388
EyePACS 2015,0,No DR,62.08758345273298,9.528776986196865,52.38697685480387,0.6979432397959183
EyePACS 2015,2,Moderate NPDR,135.22953703703703,23.223589096571743,117.29641665809326,0.4720982142857143
EyePACS 2015,2,Moderate NPDR,87.14096147796494,36.07471449514982,75.14418802474809,0.7327407525510204
EyePACS 2015,0,No DR,48.36190289933017,19.026021591913445,51.03303029485846,0.44828204719387754
EyePACS 2015,2,Moderate NPDR,113.13869045938391,25.25504696258336,106.60433666709294,0.7475087691326531
EyePACS 2015,0,No DR,166.44290626667458,30.863418282096678,273.5710069907245,0.7084661989795918
EyePACS 2015,2,Moderate NPDR,127.505311546336,23.037081248222886,222.85815016068761,0.5584343112244898
EyePACS 2015,1,Mild NPDR,130.96808098421002,32.6842188174936,389.6709876740274,0.4521484375
EyePACS 2015,4,Proliferative DR,161.83759164022322,31.325160749172284,173.59275264800348,0.7646484375
EyePACS 2015,2,Moderate NPDR,77.38449513946559,25.070043677047938,226.085712022632,0.44852120535714285
EyePACS 2015,0,No DR,84.00018816445574,22.3062570450751,268.44769365150137,0.46504304846938777
EyePACS 2015,1,Mild NPDR,30.092047330765,15.841089441829821,59.36377199592535,0.5238560267857143
EyePACS 2015,0,No DR,70.41695541695542,18.35108694645948,217.09396576917018,0.47311463647959184
EyePACS 2015,0,No DR,83.13493901928497,26.90833641371269,40.56572128318536,0.7504384566326531
EyePACS 2015,2,Moderate NPDR,115.46684809500248,20.977474651687217,169.0042241972341,0.692024075255102
EyePACS 2015,2,Moderate NPDR,141.88590487741487,27.95364217376932,246.1844273364611,0.7271006058673469
EyePACS 2015,0,No DR,138.45987268552162,22.47069445392609,103.5539711080124,0.7222775829081632
EyePACS 2015,0,No DR,57.77963650388083,11.898123119773322,174.15096703155822,0.45448022959183676
EyePACS 2015,0,No DR,65.59008496102304,15.111452066503237,94.39838199621494,0.7185108418367347
EyePACS 2015,1,Mild NPDR,63.32972988229981,21.07694486068716,160.16100677446133,0.7415497448979592
EyePACS 2015,0,No DR,87.3489753355096,24.265352895527336,231.23319873349058,0.48154496173469385
EyePACS 2015,1,Mild NPDR,103.32521069989006,27.48696766718313,303.0011467697428,0.47696109693877553
EyePACS 2015,2,Moderate NPDR,103.28229176339492,29.85566671648496,287.62170700273145,0.47084263392857145
EyePACS 2015,0,No DR,130.05010664012514,20.45311521850245,153.33152231879416,0.7460738201530612
EyePACS 2015,0,No DR,120.42629112338174,27.857053614887366,322.7331739804766,0.47104193239795916
EyePACS 2015,0,No DR,91.00739176346357,29.44085060592585,524.3718722091832,0.4758250956632653
EyePACS 2015,0,No DR,87.69911463187326,28.472772906399616,293.1528424889845,0.4690688775510204
EyePACS 2015,0,No DR,116.11859838274933,26.691442464262003,386.88529117837595,0.6262356505102041
EyePACS 2015,0,No DR,138.75311601150528,22.649417106762165,194.30235240165268,0.7444395727040817
EyePACS 2015,0,No DR,65.56644741043489,34.81630758334936,79.90628280364324,0.6650589923469388
EyePACS 2015,0,No DR,75.712,27.81441414149653,297.70524406428547,0.47267617984693877
EyePACS 2015,1,Mild NPDR,66.42485744660289,7.724209491010463,103.95730028455242,0.45340401785714285
EyePACS 2015,0,No DR,109.5578041836861,24.24383794099949,177.00627675309946,0.6860849808673469
EyePACS 2015,3,Severe NPDR,95.92552657973921,32.21277849756264,135.91728071502916,0.751335299744898
EyePACS 2015,0,No DR,77.67807842569816,17.24749740740181,67.17778095566968,0.7244300063775511
EyePACS 2015,0,No DR,67.47973727003156,16.974981048697657,367.61900966004896,0.6653180803571429
EyePACS 2015,2,Moderate NPDR,122.29591645968539,24.82662971008569,122.33115461408275,0.7835817920918368
EyePACS 2015,0,No DR,68.40337054644517,11.708180183858538,77.95184617946319,0.7835220025510204
EyePACS 2015,0,No DR,111.00715283784683,15.90271619562807,165.94420754492165,0.6366988201530612
EyePACS 2015,0,No DR,137.08980899276307,25.002353702447582,225.4826165986602,0.5451411033163265
EyePACS 2015,0,No DR,93.45889677984239,21.24791099278925,86.6345953065613,0.4502750318877551
EyePACS 2015,1,Mild NPDR,107.0946349623611,27.704171086751394,131.34816415095764,0.7043805803571429
EyePACS 2015,0,No DR,55.452918473991595,18.070149602040683,103.9821393663068,0.625617825255102
EyePACS 2015,0,No DR,69.59438613619722,27.335811813236543,54.55679645101291,0.4489198022959184
EyePACS 2015,0,No DR,93.76289054448011,23.918370013845156,273.40566217927136,0.7128109056122449
EyePACS 2015,2,Moderate NPDR,99.98633957538847,44.035920741222625,166.10892354709796,0.7362683354591837
EyePACS 2015,2,Moderate NPDR,58.61173290334819,15.812543417230867,75.16577086978906,0.4613759566326531
EyePACS 2015,1,Mild NPDR,93.834711127624,25.835391067016896,385.6525328061981,0.4706234056122449
EyePACS 2015,0,No DR,28.316984693426136,10.439430833192445,62.21295150997531,0.7135283801020408
EyePACS 2015,0,No DR,61.277698793188954,22.067748079521845,361.19315228493946,0.6439532844387755
EyePACS 2015,3,Severe NPDR,77.4435019278748,26.79645552405782,319.2606942118898,0.4813257334183674
EyePACS 2015,0,No DR,99.83309670815862,30.84310780869367,396.0467005116826,0.6446707589285714
EyePACS 2015,2,Moderate NPDR,69.15220061959192,12.481861221044737,37.73254001123677,0.783561862244898
EyePACS 2015,0,No DR,60.64468664850136,23.390027168664364,230.5738784657,0.48084741709183676
EyePACS 2015,0,No DR,81.19621567919076,24.497755259906807,225.54240426096646,0.48341836734693877
EyePACS 2015,3,Severe NPDR,38.797589604679466,23.55934394751974,33.071767249803386,0.5948062818877551
EyePACS 2015,3,Severe NPDR,60.817944881509725,12.342540355705328,168.25454945391303,0.45390226403061223
EyePACS 2015,2,Moderate NPDR,86.94267231099451,12.609859187857715,141.25981263386777,0.7190090880102041
EyePACS 2015,0,No DR,139.31393345536773,14.27043947363338,180.38497291467624,0.40913982780612246
EyePACS 2015,0,No DR,67.4866301494182,19.022324331293447,348.2844210104428,0.6555524553571429
EyePACS 2015,2,Moderate NPDR,100.95112629567433,24.062795151880643,104.6037548774537,0.7283561862244898
EyePACS 2015,0,No DR,220.26527121681056,31.755049242360936,148.7382697080597,0.7709462691326531
EyePACS 2015,2,Moderate NPDR,108.12278110878106,18.6387921319921,83.41716921605851,0.7107581313775511
EyePACS 2015,1,Mild NPDR,127.46648780721506,13.32763202217141,286.8288102631816,0.4571109693877551
EyePACS 2015,0,No DR,46.00236826524571,37.406347688079876,33.033779377264324,0.6743064413265306
EyePACS 2015,0,No DR,126.94205219197646,13.635737160282797,190.355773848512,0.5037069515306123
EyePACS 2015,2,Moderate NPDR,109.48093855376545,24.71215542593917,245.78627932715105,0.4670360331632653
EyePACS 2015,0,No DR,123.89736391039659,24.930722942126447,144.37067177278456,0.7227957589285714
EyePACS 2015,0,No DR,82.06593610698366,21.687527026082567,168.288518797148,0.47072305484693877
EyePACS 2015,2,Moderate NPDR,116.02094215747353,25.67963791666072,176.06167187340378,0.4567721619897959
EyePACS 2015,0,No DR,117.81538461538462,26.760320749216003,343.63748393074303,0.4976084183673469
EyePACS 2015,2,Moderate NPDR,151.23184621367855,38.25158361965026,298.351267649025,0.7531489158163265
EyePACS 2015,0,No DR,124.10988757567023,14.29503913265097,81.42628592613855,0.7276387117346939
EyePACS 2015,0,No DR,122.89595277288983,31.49894042790038,274.65101869356715,0.7378627232142857
EyePACS 2015,0,No DR,167.16786329695577,14.126612696026092,99.25577604482434,0.45731026785714285
EyePACS 2015,0,No DR,122.4775041658952,29.803822303126626,190.37050855237055,0.4721779336734694
EyePACS 2015,0,No DR,119.12647246561829,25.441372595061686,127.20192142427237,0.7238321109693877
EyePACS 2015,0,No DR,63.740139661192295,11.129719654831081,40.74175248450696,0.653938137755102
EyePACS 2015,0,No DR,45.37844236158083,12.259842281825298,133.82253080179296,0.45352359693877553
EyePACS 2015,0,No DR,98.29172082338361,19.31471551480878,66.06727126408047,0.6954520089285714
EyePACS 2015,0,No DR,138.04086164138647,23.24119272678778,185.88315010184525,0.7348533163265306
EyePACS 2015,0,No DR,155.68450720103718,26.78119257400266,138.51946436969496,0.7488241390306123
EyePACS 2015,0,No DR,106.02799706260326,33.4492708923916,367.7587962459583,0.47596460459183676
EyePACS 2015,0,No DR,45.91365211365211,15.114137274986115,166.49746184707018,0.7569754464285714
EyePACS 2015,0,No DR,129.7663523944339,18.84071720900847,169.71165958640555,0.7835419323979592
EyePACS 2015,2,Moderate NPDR,169.95204122076893,54.14126156991027,140.41224592017412,0.8030731823979592
EyePACS 2015,0,No DR,107.57450601693657,43.22666884580231,208.4063675199064,0.8445272640306123
EyePACS 2015,0,No DR,85.97024245706821,28.81887157170045,355.2333969398532,0.6658163265306123
EyePACS 2015,0,No DR,77.82322935583805,14.11366799483425,188.90257667024682,0.7835817920918368
EyePACS 2015,0,No DR,99.45321868463863,24.289936330784638,118.07189419592737,0.4702845982142857
EyePACS 2015,0,No DR,117.57391343031274,19.295348273728372,176.19766833264717,0.49081234056122447
EyePACS 2015,0,No DR,60.75355979525361,20.90149608316247,102.88851097862567,0.4697863520408163
EyePACS 2015,3,Severe NPDR,63.68414600926178,22.88592828398899,254.3127595550487,0.4809669961734694
EyePACS 2015,0,No DR,92.27322982426207,31.094548589984655,375.38556360496295,0.6261360012755102
EyePACS 2015,2,Moderate NPDR,92.85274179475132,29.010645503912993,517.3155999755131,0.6354631696428571
EyePACS 2015,0,No DR,120.45608606790053,26.277456924074468,258.82904485070634,0.7391183035714286
EyePACS 2015,2,Moderate NPDR,180.50293528397708,71.33143963004127,281.45020631674964,0.8899274553571429
EyePACS 2015,2,Moderate NPDR,97.15567688646227,24.048588431136764,332.5846016650435,0.7508569834183674
EyePACS 2015,0,No DR,49.355856105537384,19.557839478659837,163.48420083295971,0.7571149553571429
EyePACS 2015,0,No DR,154.83338925236257,26.275082767909915,331.26251216578163,0.751594387755102
EyePACS 2015,0,No DR,84.02623222816604,14.822743755595768,169.15331408564904,0.7322624362244898
EyePACS 2015,0,No DR,42.93464907595342,9.686186907729724,51.51662216816296,0.783561862244898
EyePACS 2015,0,No DR,83.03254079551249,18.202713721821695,204.52739801056867,0.6656170280612245
EyePACS 2015,0,No DR,112.35786175465249,21.503447066973386,143.64607968936087,0.6700613839285714
EyePACS 2015,0,No DR,114.3210875781515,34.172882041871716,630.9129546908162,0.45186941964285715
EyePACS 2015,0,No DR,96.31205729370868,18.790267040265324,55.999852472184095,0.797233737244898
EyePACS 2015,0,No DR,84.65470499433891,19.07642824725556,479.7613188860642,0.6739078443877551
EyePACS 2015,0,No DR,110.16671563259528,14.62877842186438,82.92165814114315,0.7835220025510204
EyePACS 2015,0,No DR,98.82381927910968,29.14064608871905,130.79745924430145,0.7579121492346939
EyePACS 2015,1,Mild NPDR,97.03419266435104,27.41946924986809,470.0065179468347,0.6656967474489796
EyePACS 2015,0,No DR,88.35304186777417,24.087935316242017,140.9970450652682,0.7456154336734694
EyePACS 2015,0,No DR,64.93788174139051,16.462540649480186,195.8096198260433,0.5034279336734694
EyePACS 2015,0,No DR,48.784246575342465,12.69765196301627,135.68314168675187,0.45438058035714285
EyePACS 2015,3,Severe NPDR,49.07988469107742,20.219107591248076,113.37414965200308,0.7570153061224489
EyePACS 2015,0,No DR,91.88842588882656,17.887838225707164,70.48398791962465,0.7834223533163265
EyePACS 2015,2,Moderate NPDR,42.91830201809325,16.100670781743123,88.08513950935827,0.6171875
EyePACS 2015,0,No DR,86.491844175782,24.82000799066322,339.46793089031104,0.4564732142857143
EyePACS 2015,0,No DR,32.9654685184547,13.317828602598839,57.995616159018,0.6413026147959183
EyePACS 2015,0,No DR,115.21539655618479,29.669212942270764,346.19253812587306,0.7372648278061225
EyePACS 2015,0,No DR,146.51599887923788,22.7611542305397,335.74598440102625,0.748405612244898
EyePACS 2015,0,No DR,118.85013361370306,7.903113722697283,58.37310296943668,0.498046875
EyePACS 2015,0,No DR,65.1552454637561,20.27603068761121,200.64188148400166,0.4744499362244898
EyePACS 2015,0,No DR,73.4346780414757,26.043937187049185,294.91399005565495,0.48116629464285715
EyePACS 2015,0,No DR,56.98978967675152,22.561416029694236,180.57720464656109,0.46488360969387754
EyePACS 2015,1,Mild NPDR,154.69207195959368,21.89637748185314,57.20996056481753,0.7397161989795918
EyePACS 2015,2,Moderate NPDR,69.79450065353149,23.88616548034083,239.76764461379867,0.45250717474489793
EyePACS 2015,2,Moderate NPDR,67.48933261729239,17.1006514894581,115.08267544054459,0.44887994260204084
EyePACS 2015,0,No DR,49.50181515865318,14.74509956675086,150.34079723354222,0.7571747448979592
EyePACS 2015,0,No DR,83.72871459221639,26.218222914374955,142.65216525562386,0.7689333545918368
EyePACS 2015,1,Mild NPDR,72.77753187553677,28.159547584116005,463.2224661070387,0.6444714604591837
EyePACS 2015,0,No DR,68.27797686550238,17.997306516764937,193.92600874487078,0.4813257334183674
EyePACS 2015,0,No DR,62.53093871010816,16.58873726255053,115.37393065087618,0.7835817920918368
EyePACS 2015,0,No DR,103.71889356814701,19.05871024741577,229.13890492131677,0.4573501275510204
EyePACS 2015,0,No DR,110.95424063116371,30.1181094030409,286.5898416082364,0.49782764668367346
EyePACS 2015,0,No DR,72.75161217148968,14.633687965260576,343.7130398915566,0.6556720344387755
EyePACS 2015,0,No DR,113.91447278055034,22.89853184465599,288.3652258109497,0.47714046556122447
EyePACS 2015,1,Mild NPDR,111.6099282539867,23.793210124159305,292.9773109524701,0.7231345663265306
EyePACS 2015,0,No DR,64.47816723940436,26.09563506371659,133.83296726722116,0.4768215880102041
EyePACS 2015,0,No DR,117.59219372311614,40.64427508198428,178.67068161708377,0.6657764668367347
EyePACS 2015,0,No DR,72.95246488276452,28.604771614672593,256.4400696489495,0.7836415816326531
EyePACS 2015,0,No DR,161.60793171299503,27.538609907015623,294.9814165276637,0.7548030931122449
EyePACS 2015,4,Proliferative DR,127.36227712257559,22.96012198209246,102.33493759171719,0.7502989477040817
EyePACS 2015,2,Moderate NPDR,52.1096385207413,31.771887662072015,187.14298870223533,0.7572146045918368
EyePACS 2015,0,No DR,78.98663263249816,27.263317157120564,296.96707000804594,0.6350845025510204
EyePACS 2015,0,No DR,78.6909114909907,25.01825422737023,167.4538888865486,0.6451291454081632
EyePACS 2015,0,No DR,133.25971447756402,14.57506548159843,118.38233080298707,0.720085299744898
EyePACS 2015,0,No DR,86.84526525955505,21.201527759824998,200.09669356972273,0.734375
EyePACS 2015,0,No DR,123.54547952734268,22.47270981839766,324.02341275537896,0.4770009566326531
EyePACS 2015,0,No DR,41.85238184899266,19.152492668156942,144.85100681101855,0.4647640306122449
EyePACS 2015,0,No DR,118.95396818119298,35.070390899215184,314.1022219804085,0.47642299107142855
EyePACS 2015,0,No DR,97.79221569024934,16.863344694932934,188.7769143416161,0.43319515306122447
EyePACS 2015,2,Moderate NPDR,110.83065349718618,26.952505557490024,463.2815317060464,0.7311662946428571
EyePACS 2015,2,Moderate NPDR,129.2940256659118,18.73170940516377,108.20837259583774,0.40856186224489793
EyePACS 2015,1,Mild NPDR,54.39330163986966,8.375014284849943,45.06799864202338,0.7835220025510204
EyePACS 2015,0,No DR,151.49372096508318,24.66561260567661,229.1273475218773,0.7060746173469388
EyePACS 2015,0,No DR,129.34823583496149,22.603815192565015,155.08217128930366,0.7294722576530612
EyePACS 2015,0,No DR,127.69635435552705,25.87659638195247,167.77288113665114,0.7613201530612245
EyePACS 2015,0,No DR,45.96161414594939,21.110942667821647,189.2611644094632,0.7570950255102041
EyePACS 2015,0,No DR,82.873916871322,30.069192504636057,102.75828268752115,0.47171954719387754
EyePACS 2015,0,No DR,111.74191394460618,21.035281864112516,251.55576047965886,0.7835020727040817
EyePACS 2015,0,No DR,40.3381740494348,7.550386274055232,39.27980211133165,0.7722217793367347
EyePACS 2015,0,No DR,107.68811631426868,29.270479310822886,316.5842313426528,0.4762635522959184
EyePACS 2015,0,No DR,144.87614230221055,25.56124339877509,206.95603030944721,0.7498604910714286
EyePACS 2015,0,No DR,109.957118109789,28.30678257900699,297.39853645006474,0.7374441964285714
EyePACS 2015,0,No DR,84.06325767690254,37.48248514606956,656.032516305675,0.7837013711734694
EyePACS 2015,1,Mild NPDR,120.09270531400966,35.672928543161795,243.9514684099979,0.45332429846938777
EyePACS 2015,2,Moderate NPDR,98.41408316074558,24.247950876763497,871.2497613087312,0.6657764668367347
EyePACS 2015,0,No DR,100.39390155929193,23.668180176922412,115.21093814425687,0.7537667410714286
EyePACS 2015,1,Mild NPDR,149.75317756738758,12.166551753851286,54.97081287623916,0.7252471301020408
EyePACS 2015,0,No DR,166.85351593363183,18.817889475983645,59.255258080118,0.7942442602040817
EyePACS 2015,0,No DR,114.53779200865878,19.804804013975065,217.6304998697991,0.4843152104591837
EyePACS 2015,0,No DR,65.1753929136055,25.53722819890681,175.52520561177883,0.47010522959183676
EyePACS 2015,1,Mild NPDR,51.10354955803707,16.30770885666579,74.55952722494399,0.7572544642857143
EyePACS 2015,0,No DR,144.1379945609264,16.343666754505772,156.80272382695085,0.49726961096938777
EyePACS 2015,1,Mild NPDR,48.52144125152557,33.415528390404255,91.23060108102416,0.7574139030612245
EyePACS 2015,0,No DR,125.53968121272919,34.30644710937714,157.1546367296435,0.7649075255102041
EyePACS 2015,0,No DR,88.23874609587668,28.70957878920192,118.93464966101403,0.7311065051020408
EyePACS 2015,0,No DR,78.59898286572462,28.74991649495891,175.78792049893508,0.6259964923469388
EyePACS 2015,2,Moderate NPDR,34.12748850318944,15.236581794183982,63.15521548089931,0.7470105229591837
EyePACS 2015,0,No DR,130.20905606133206,25.564989843951476,366.56731008049695,0.45693160076530615
EyePACS 2015,0,No DR,40.93134956704779,20.43024578094669,103.54269710834994,0.45748963647959184
EyePACS 2015,2,Moderate NPDR,88.16865070174626,26.652660340888858,142.05097032092144,0.47187898596938777
EyePACS 2015,0,No DR,78.87272483041171,27.860750638192727,402.0464738063167,0.6351841517857143
EyePACS 2015,0,No DR,169.68604960141718,22.722188448780187,276.1959748744941,0.49246651785714285
EyePACS 2015,2,Moderate NPDR,175.04853257634724,12.910295391446816,86.73818559158846,0.47714046556122447
EyePACS 2015,0,No DR,103.75158333556024,28.13119667679918,136.2429735879898,0.7807118941326531
EyePACS 2015,0,No DR,66.13717582329532,15.179811715398614,120.61622763534082,0.7835020727040817
EyePACS 2015,0,No DR,84.8757974939184,26.82377214868041,281.09861594531543,0.47594467474489793
EyePACS 2015,0,No DR,31.54795578510402,10.780658610835685,65.55085056635066,0.4538624043367347
EyePACS 2015,2,Moderate NPDR,73.01693567251462,8.393096214162535,61.451988506001854,0.4677136479591837
EyePACS 2015,0,No DR,82.62833258020787,28.46469820017951,213.91369914948208,0.4831592793367347
EyePACS 2015,2,Moderate NPDR,118.08241188666206,16.923808331660968,73.92231215745741,0.5047632334183674
EyePACS 2015,0,No DR,160.3065522190329,20.52096529611205,105.27786366101292,0.7582509566326531
EyePACS 2015,4,Proliferative DR,32.68342805766946,10.309044560180189,37.53332105375152,0.6777543048469388
EyePACS 2015,0,No DR,79.73875168651375,21.22369528213099,102.86171862749761,0.7153619260204082
EyePACS 2015,0,No DR,110.16744186046512,29.265075799234285,593.4004631575485,0.6658761160714286
EyePACS 2015,0,No DR,125.85093984138807,11.724728524116047,92.40011380613252,0.49782764668367346
EyePACS 2015,0,No DR,71.96221124315663,16.253410771324393,99.84342356754476,0.7835817920918368
EyePACS 2015,0,No DR,137.53394912467357,25.387932871593293,349.0856149657476,0.4528858418367347
EyePACS 2015,0,No DR,83.51833061867507,41.92374174522256,200.63788950211384,0.7837412308673469
EyePACS 2015,0,No DR,45.60871053893036,24.32364013517349,184.53062757200715,0.6416214923469388
EyePACS 2015,0,No DR,175.02375225496093,19.18217648196104,103.31622930948627,0.7729392538265306
EyePACS 2015,0,No DR,55.04020362476617,9.156883589262813,23.73707788963741,0.6989995216836735
EyePACS 2015,0,No DR,73.32186459489456,18.22718601300839,81.35150199910446,0.7534877232142857
EyePACS 2015,0,No DR,74.37982957296407,24.81710891671363,268.4790085797969,0.4524075255102041
EyePACS 2015,0,No DR,158.3592701458599,24.092592918842385,259.42214257240795,0.7551020408163265
EyePACS 2015,0,No DR,79.62515141855276,38.8225552009965,430.8862611854825,0.6654775191326531
EyePACS 2015,0,No DR,69.85819978632479,17.97087370962903,147.81075049923186,0.7834821428571429
EyePACS 2015,0,No DR,139.98313795692096,30.04096553995007,236.57418281259245,0.7344746492346939
EyePACS 2015,1,Mild NPDR,81.88483570872096,27.770781993490008,349.8787251299412,0.476741868622449
EyePACS 2015,0,No DR,91.7042012766753,10.317016413637235,38.98514130702699,0.7835020727040817
EyePACS 2015,0,No DR,126.06798455496518,36.333463755736005,357.03096873973516,0.6449497767857143
EyePACS 2015,0,No DR,107.6676898789686,23.408562227519973,367.20720798312664,0.4976084183673469
EyePACS 2015,0,No DR,76.17733503347146,25.513208893180366,520.130031635739,0.6654775191326531
EyePACS 2015,0,No DR,79.39636891793755,33.9658791351101,332.565987220396,0.4524673150510204
EyePACS 2015,4,Proliferative DR,98.73643055518106,16.09676013558935,64.67701334970094,0.7742147640306123
EyePACS 2015,0,No DR,124.87392600385762,17.707816949928397,186.98907014733243,0.49768813775510207
EyePACS 2015,2,Moderate NPDR,120.27217886039398,15.22939389970757,307.77076205728906,0.7350127551020408
EyePACS 2015,1,Mild NPDR,46.948462054070156,20.88791534602959,239.27432752072423,0.5994897959183674
EyePACS 2015,2,Moderate NPDR,125.762937501705,31.707703359362615,312.7714488298137,0.769889987244898
EyePACS 2015,0,No DR,116.14414135151891,24.07222601917881,196.31465075197454,0.7482860331632653
EyePACS 2015,0,No DR,100.5453137103021,19.049293450224404,103.8827640260653,0.7834622130102041
EyePACS 2015,1,Mild NPDR,32.54975562072336,15.218237035033091,69.86193359084066,0.6760004783163265
EyePACS 2015,2,Moderate NPDR,89.26920256645279,32.622678778341054,174.16019268559273,0.4767219387755102
EyePACS 2015,2,Moderate NPDR,138.44764943063495,17.155589583804275,357.63798970763224,0.49256616709183676
EyePACS 2015,0,No DR,81.54652320235104,22.348861525454712,343.5088631847879,0.4615951849489796
EyePACS 2015,0,No DR,146.73054994654947,27.7384783291349,275.9020759480649,0.7125916772959183
EyePACS 2015,0,No DR,94.69507373121832,34.579909154694974,453.93835986366076,0.46992586096938777
EyePACS 2015,0,No DR,108.62913229018493,25.35321200540543,308.532902444917,0.7383609693877551
EyePACS 2015,0,No DR,88.38178314230652,33.781680601163195,122.59778537177426,0.4329161352040816
EyePACS 2015,1,Mild NPDR,159.01508403964948,20.9458296779969,98.03258092211114,0.45713089923469385
EyePACS 2015,0,No DR,56.13398765377271,26.592579540896747,250.4716917875824,0.5039660395408163
EyePACS 2015,2,Moderate NPDR,115.49038419415605,17.341157959559528,178.48880634673375,0.49802694515306123
EyePACS 2015,0,No DR,42.18063086425574,13.149364808185258,101.34896967760874,0.5209462691326531
EyePACS 2015,0,No DR,143.08347173701392,25.32721414178203,198.9725819036782,0.7316645408163265
EyePACS 2015,0,No DR,116.65629652134285,23.17362078014911,198.53564589848386,0.7007732780612245
EyePACS 2015,1,Mild NPDR,61.65128662989063,30.47220626143984,385.93428417456494,0.6652782206632653
EyePACS 2015,0,No DR,98.6541296060991,27.155156514026718,100.46894799364603,0.7412109375
EyePACS 2015,0,No DR,140.54790631653654,20.687772114534358,118.97091471564984,0.7385801977040817
EyePACS 2015,1,Mild NPDR,65.71943272261097,16.00266026101572,118.24299977640972,0.7835220025510204
EyePACS 2015,0,No DR,76.18091778528252,13.81249701911158,77.3590791484172,0.7377232142857143
EyePACS 2015,0,No DR,151.3262965156982,12.79629918119844,145.16334411625962,0.4090202487244898
EyePACS 2015,0,No DR,45.878798507700644,13.174453415482358,75.12296094356708,0.6652981505102041
EyePACS 2015,0,No DR,93.79106667576606,31.765792507751534,364.9397177665476,0.6261758609693877
EyePACS 2015,0,No DR,76.36542740841249,11.453315251259369,272.9837651382903,0.40597098214285715
EyePACS 2015,0,No DR,106.36120152515576,30.963538754371438,397.17847913890085,0.47010522959183676
EyePACS 2015,0,No DR,71.36797646165527,27.7352989291151,292.2919690769695,0.461116868622449
EyePACS 2015,0,No DR,70.30599529238012,22.538823856780553,278.7971957050322,0.4735132334183674
EyePACS 2015,0,No DR,64.73442841880342,9.420949249913662,37.176481341656626,0.7834821428571429
EyePACS 2015,1,Mild NPDR,132.08017893038135,28.374432720087594,217.1982131649797,0.7405731823979592
EyePACS 2015,0,No DR,149.98251664511184,19.393847256871958,222.18454732302564,0.45717075892857145
EyePACS 2015,0,No DR,129.86528695985436,23.873261288074016,184.8771726156223,0.45705117984693877
EyePACS 2015,0,No DR,69.83304225162894,20.954866664475272,276.6735065204424,0.6351044323979592
EyePACS 2015,0,No DR,67.15716646683302,32.710140063761415,114.47985485236741,0.6556720344387755
EyePACS 2015,1,Mild NPDR,76.29149540618955,23.77494714837156,210.04965464216048,0.701530612244898
EyePACS 2015,0,No DR,108.28683129886933,18.114816113268187,83.4685537912806,0.7460140306122449
EyePACS 2015,0,No DR,25.63015717092338,8.063969460898603,26.119880597701627,0.5966198979591837
EyePACS 2015,0,No DR,139.00985919565156,33.2967956736705,619.9355075608113,0.7354910714285714
EyePACS 2015,0,No DR,74.38524909185261,28.29612688940073,503.08174595385805,0.6551339285714286
EyePACS 2015,0,No DR,93.9494578313253,18.023765427567593,126.09911806866019,0.7036232461734694
EyePACS 2015,0,No DR,86.04411492978566,22.41668164464195,145.02624413301461,0.47317442602040816
EyePACS 2015,0,No DR,101.1620927030748,35.88870633287702,295.57934408106416,0.4761240433673469
EyePACS 2015,0,No DR,71.99217456332461,20.561930324370213,247.32762917316177,0.7835220025510204
EyePACS 2015,2,Moderate NPDR,82.51335284009103,21.471172196159856,145.57042175581222,0.47060347576530615
EyePACS 2015,4,Proliferative DR,110.60535485523955,36.60805214646597,117.94041145287966,0.8220065369897959
EyePACS 2015,0,No DR,126.21242677422453,28.141267960922118,310.9737586362753,0.45595503826530615
EyePACS 2015,0,No DR,86.62694061823375,27.318497694112942,311.3255630465584,0.47423070790816324
EyePACS 2015,0,No DR,78.29512617445855,24.10439472122837,181.29424687428963,0.7380819515306123
EyePACS 2015,0,No DR,110.53625139249907,22.261353207380903,187.31842318629367,0.4708625637755102
EyePACS 2015,3,Severe NPDR,78.76695125807471,24.39986150062148,324.3450188037052,0.48329878826530615
EyePACS 2015,0,No DR,86.0483960948396,18.279508434919176,234.27940180699363,0.47018494897959184
EyePACS 2015,0,No DR,38.64126098660526,16.91927582157775,91.51819833983049,0.6634646045918368
EyePACS 2015,0,No DR,23.590487501413868,6.431698167570318,26.532205975175227,0.7818877551020408
EyePACS 2015,0,No DR,145.10568404922665,23.627451509682054,184.74916557438772,0.45717075892857145
EyePACS 2015,0,No DR,131.2384049013812,19.995103979454985,296.4692834882205,0.40977758290816324
EyePACS 2015,2,Moderate NPDR,142.3763114301491,24.88807868749299,282.65754579217423,0.4748485331632653
EyePACS 2015,0,No DR,53.32399405259734,15.243310240378772,120.34816451888265,0.47042410714285715
EyePACS 2015,2,Moderate NPDR,77.20612848423835,29.296604822355462,645.9248539977931,0.6737085459183674
EyePACS 2015,1,Mild NPDR,119.43970509307647,32.12966193628078,648.1466230464919,0.7416095344387755
EyePACS 2015,0,No DR,136.42593588640275,16.055900917298697,180.7352881104267,0.4094786352040816
EyePACS 2015,0,No DR,73.97937384898711,24.053451794999066,331.7012311301717,0.4747289540816326
EyePACS 2015,2,Moderate NPDR,128.57198824681686,23.043826400286438,187.83445906868664,0.7276187818877551
EyePACS 2015,0,No DR,100.4644975156275,16.520596198859824,64.6013775011772,0.7834024234693877
EyePACS 2015,0,No DR,162.4387027900401,25.89555294916462,321.61862254789366,0.7329001913265306
EyePACS 2015,0,No DR,87.55730432325515,30.20523060850244,208.54039427855167,0.7482461734693877
EyePACS 2015,0,No DR,170.9495332555426,22.71060047117086,166.4047473547252,0.45047433035714285
EyePACS 2015,0,No DR,102.39962549956681,30.177173904304997,336.42426903688767,0.7507573341836735
EyePACS 2015,0,No DR,123.77546158427636,27.850559502459113,377.1838272736373,0.4768614477040816
EyePACS 2015,0,No DR,86.74674279022105,23.29116543889839,277.1531422137094,0.44907924107142855
EyePACS 2015,0,No DR,70.25046247357294,35.00472776204964,162.70644000102908,0.6444316007653061
EyePACS 2015,0,No DR,155.74645686263943,13.243891487022859,141.1088750613892,0.40880102040816324
EyePACS 2015,0,No DR,92.06462071415882,23.587869552350277,287.70853675289385,0.49119100765306123
EyePACS 2015,0,No DR,105.94774851316907,24.030182920495825,185.78050569419935,0.4635483099489796
EyePACS 2015,2,Moderate NPDR,67.27105841858686,30.079342682928598,240.37128283578383,0.45772879464285715
EyePACS 2015,4,Proliferative DR,98.88091664433128,31.082216871483926,251.31865883075875,0.7790776466836735
EyePACS 2015,0,No DR,93.25547136861674,21.980205875271395,226.49191971963694,0.7429049744897959
EyePACS 2015,0,No DR,135.8839156472625,23.689362831478416,129.7166182698204,0.7390585140306123
EyePACS 2015,0,No DR,162.35843972017312,32.454057751602065,330.73671179202216,0.7726004464285714
EyePACS 2015,0,No DR,136.4288791942694,20.814602774010524,242.66773872961326,0.40896045918367346
EyePACS 2015,0,No DR,56.22833947521543,24.152854363385035,249.3870955013406,0.7572345344387755
EyePACS 2015,0,No DR,110.6834234631939,18.30596077785759,106.20196811404234,0.7575534119897959
EyePACS 2015,2,Moderate NPDR,78.74398530762167,34.6740366596839,380.3879140747993,0.47580516581632654
EyePACS 2015,0,No DR,64.16496984318456,16.117471310743788,213.2333564638897,0.45400191326530615
EyePACS 2015,1,Mild NPDR,75.61410539893127,28.88654981674701,227.5013207868892,0.4743702168367347
EyePACS 2015,0,No DR,113.6943899456908,26.675193749799877,142.1761914440919,0.7373844068877551
EyePACS 2015,0,No DR,92.53164310092637,23.242061355902802,169.09545607011458,0.44941804846938777
EyePACS 2015,0,No DR,112.53914842952716,29.244229151333602,368.1239672043158,0.739875637755102
EyePACS 2015,2,Moderate NPDR,93.9280773283247,24.383378265080637,267.28196248317863,0.47690130739795916
EyePACS 2015,0,No DR,66.18372717954401,14.190601666153185,76.10706460296454,0.7573541135204082
EyePACS 2015,2,Moderate NPDR,182.59877125449307,60.93342558063604,301.8190222782007,0.8265704719387755
EyePACS 2015,0,No DR,123.4490433202748,22.682379702499748,200.50725464488144,0.7401745854591837
EyePACS 2015,0,No DR,123.85901563270396,22.52661040693777,269.26662090578674,0.7229751275510204
EyePACS 2015,0,No DR,93.6409982380636,20.83877944693533,84.12202773854466,0.7259247448979592
EyePACS 2015,0,No DR,141.36180513529868,9.704895451335014,145.1618965438364,0.5044044961734694
EyePACS 2015,2,Moderate NPDR,108.46417324742018,28.257508494287954,274.84902209133094,0.45212850765306123
EyePACS 2015,1,Mild NPDR,117.59466434681745,24.56213988870718,335.5014876302143,0.7345942283163265
EyePACS 2015,0,No DR,60.18150181980717,30.75963484432412,415.6461998517933,0.6647799744897959
EyePACS 2015,2,Moderate NPDR,86.8880862286435,23.77510386580339,98.52886572101016,0.7308673469387755
EyePACS 2015,0,No DR,81.06691055798687,33.896359879428026,313.6934848441263,0.629524075255102
EyePACS 2015,4,Proliferative DR,113.72700296735906,20.795245948147027,277.8911622021147,0.7382613201530612
EyePACS 2015,2,Moderate NPDR,140.07725420158448,37.19629728076559,103.22703374579599,0.4770607461734694
EyePACS 2015,0,No DR,173.8782417142285,16.19945811960479,165.3629539944934,0.8304767219387755
EyePACS 2015,2,Moderate NPDR,71.41952758917472,24.36866181915274,621.3448616261967,0.6654974489795918
EyePACS 2015,3,Severe NPDR,74.17980943738657,21.573602979503097,201.25929394171956,0.48122608418367346
EyePACS 2015,2,Moderate NPDR,26.606518500501657,10.36638934173115,104.42651320717077,0.7445790816326531
EyePACS 2015,0,No DR,75.88304060055586,22.251965189140076,152.60343489104457,0.7312061543367347
EyePACS 2015,3,Severe NPDR,106.27750600876573,23.459517221866427,293.11178587527627,0.7406329719387755
EyePACS 2015,0,No DR,136.43412980755764,23.464973874145365,366.0311161497242,0.7485052614795918
EyePACS 2015,0,No DR,108.81858837254521,37.1911454090109,828.2976441681155,0.6556521045918368
EyePACS 2015,0,No DR,164.93184639943243,21.618910065803654,166.7024906043481,0.49190848214285715
EyePACS 2015,2,Moderate NPDR,76.31777954274692,21.35546150208551,163.7547524215008,0.7382413903061225
EyePACS 2015,3,Severe NPDR,143.61979034790096,43.947337582336964,115.71976554203198,0.43349410076530615
EyePACS 2015,1,Mild NPDR,131.24285671182452,23.017023492080366,143.99127882533136,0.7064532844387755
EyePACS 2015,2,Moderate NPDR,66.50798525798525,11.734605081799964,27.59570650323769,0.783561862244898
EyePACS 2015,0,No DR,79.41309159005789,17.33456164909054,77.5724365792991,0.7590880102040817
EyePACS 2015,0,No DR,186.06911897916584,21.160362164910172,178.87613364023417,0.5470942283163265
EyePACS 2015,0,No DR,55.080112825833226,18.986845265260392,93.06296592937572,0.6553730867346939
EyePACS 2015,0,No DR,109.74471643606508,16.525294395479104,146.58188278280738,0.4331752232142857
EyePACS 2015,0,No DR,150.96480478047297,30.352673348913743,178.5397031756936,0.4335339604591837
EyePACS 2015,0,No DR,82.65101889283062,21.01900760728345,226.3032746962465,0.7600047831632653
EyePACS 2015,0,No DR,76.93093855239397,23.877233388649607,137.60297866845698,0.44899952168367346
EyePACS 2015,0,No DR,121.71221363046924,30.308678504732292,472.17683699891967,0.45585538903061223
EyePACS 2015,0,No DR,115.11250526710052,35.95947816556508,791.1393613723244,0.4670559630102041
EyePACS 2015,1,Mild NPDR,51.36919419887289,17.839734482363916,87.6381553842891,0.7835020727040817
EyePACS 2015,1,Mild NPDR,55.553721534464316,11.717405008949813,45.15518694245003,0.6935387436224489
EyePACS 2015,2,Moderate NPDR,48.88534198798683,26.559192376541258,232.34981188326472,0.4522082270408163
EyePACS 2015,3,Severe NPDR,102.9075447860313,35.81272089315758,307.6921900729434,0.6558713329081632
EyePACS 2015,0,No DR,101.90792777391955,20.450375144619166,114.70597846904879,0.7834422831632653
EyePACS 2015,0,No DR,138.26359366677966,12.452598345041329,97.3024996583666,0.45236766581632654
EyePACS 2015,0,No DR,153.46960770225607,16.85603104919941,254.0747463051601,0.4571508290816326
EyePACS 2015,2,Moderate NPDR,80.39035622375728,20.254365769020925,155.85672087781984,0.4835180165816326
EyePACS 2015,0,No DR,117.52617687988867,23.33465741955822,112.94275172815932,0.4562141262755102
EyePACS 2015,0,No DR,83.05394821708283,28.675028301143826,192.79112950030256,0.47433035714285715
EyePACS 2015,0,No DR,125.2252497729337,10.724357618900626,196.0637251695764,0.5040856186224489
EyePACS 2015,0,No DR,110.87953761914419,24.883740811066502,590.6989988586563,0.4330357142857143
EyePACS 2015,0,No DR,58.03134220072551,19.182180982444027,112.0060851088344,0.4528260522959184
EyePACS 2015,2,Moderate NPDR,110.99463094997546,24.80073925842219,282.3311161653452,0.7279177295918368
EyePACS 2015,0,No DR,55.30267337862274,19.604349235739857,74.07228984057642,0.44844148596938777
EyePACS 2015,0,No DR,51.24921729975342,17.853685551841178,125.97101876313332,0.7572743941326531
EyePACS 2015,0,No DR,98.41138519924098,27.351150088692837,333.54300659095736,0.46127630739795916
EyePACS 2015,0,No DR,84.84128601871583,30.822896851959364,162.3961207136659,0.47181919642857145
EyePACS 2015,2,Moderate NPDR,50.4964172715429,16.146138290385515,60.17238910074148,0.46982621173469385
EyePACS 2015,0,No DR,132.13564618219695,19.011562871643143,143.84413477730064,0.7835817920918368
EyePACS 2015,0,No DR,155.29061138507205,20.02338842739079,162.58474002176405,0.4573501275510204
EyePACS 2015,0,No DR,92.23174449414513,15.451825466056485,271.9062820034662,0.7370655293367347
EyePACS 2015,0,No DR,77.85361610471378,17.180250068984968,133.35464399448855,0.7569953762755102
EyePACS 2015,2,Moderate NPDR,44.9280131826742,25.286908223479024,180.59020234846307,0.46464445153061223
EyePACS 2015,0,No DR,118.73392680514343,24.716924445872102,108.7219685415058,0.721061862244898
EyePACS 2015,2,Moderate NPDR,93.78263863385972,28.298854806200588,205.04839119668097,0.4759048150510204
EyePACS 2015,2,Moderate NPDR,144.2155621742368,27.87577406148096,182.84992264580168,0.7384207589285714
EyePACS 2015,0,No DR,117.74000224668613,25.033092533092745,211.88110074771464,0.7497807716836735
EyePACS 2015,0,No DR,122.96898888116748,26.39734081985564,148.91234421556015,0.7322624362244898
EyePACS 2015,2,Moderate NPDR,66.00751856996196,18.52677231971048,95.16330609208524,0.7050980548469388
EyePACS 2015,0,No DR,116.87743330930064,13.700368972645965,216.37536532910838,0.7837013711734694
EyePACS 2015,0,No DR,117.17308976310659,23.513762401632107,128.72010031733384,0.7835817920918368
EyePACS 2015,0,No DR,107.08780458347172,28.5552985373563,170.14809943781384,0.7016501913265306
EyePACS 2015,0,No DR,92.31565312608498,10.516682024223321,114.33143725612823,0.7835419323979592
EyePACS 2015,0,No DR,73.55233772128915,26.13342380885249,194.6342080157685,0.4810267857142857
EyePACS 2015,0,No DR,151.87329224301985,28.939635077010742,57.493746804284974,0.7390385841836735
EyePACS 2015,0,No DR,176.1637367013711,20.080953200628592,154.84952954130785,0.7367267219387755
EyePACS 2015,0,No DR,91.12153546298437,29.591828595304435,235.32122440569097,0.6444714604591837
EyePACS 2015,0,No DR,60.28410138248848,22.02869255360059,136.9109216398734,0.4741310586734694
EyePACS 2015,1,Mild NPDR,117.94898093359632,23.079430646104647,410.0544314071069,0.49784757653061223
EyePACS 2015,0,No DR,123.99421147414458,33.412807978529386,165.6605899262872,0.8137356505102041
EyePACS 2015,3,Severe NPDR,35.57498741821842,16.351769347151045,117.95728480974346,0.45174984056122447
EyePACS 2015,0,No DR,101.55346979988985,31.321802187237427,361.6706342295631,0.47596460459183676
EyePACS 2015,0,No DR,120.01992850508064,20.397640135595545,358.3789351898411,0.7453364158163265
EyePACS 2015,1,Mild NPDR,97.81914588707366,22.273797698884945,115.05635488265956,0.45822704081632654
EyePACS 2015,0,No DR,123.4733449646215,22.393820025368832,259.3044260088846,0.4518893494897959
EyePACS 2015,0,No DR,78.08550891316848,31.69660375144086,179.88711926126635,0.7289540816326531
EyePACS 2015,4,Proliferative DR,50.708187699858705,34.782530334774314,1045.5678622330895,0.6881377551020408
EyePACS 2015,0,No DR,142.17247920618706,31.13937075392937,315.0958933236063,0.4502750318877551
EyePACS 2015,2,Moderate NPDR,178.87743482959488,20.611967728271182,373.448618470165,0.7916733099489796
EyePACS 2015,4,Proliferative DR,104.64987955221766,31.89936999701195,420.9278122835835,0.7442602040816326
EyePACS 2015,0,No DR,114.81698979864338,17.706983815421864,125.2689014726026,0.7836216517857143
EyePACS 2015,0,No DR,84.8046764049503,12.119173086529086,131.24327547697902,0.43289620535714285
EyePACS 2015,0,No DR,124.08726686622151,28.382539986172933,384.6100989155296,0.47450972576530615
EyePACS 2015,0,No DR,110.86909863644414,26.545022540198623,107.15921820735423,0.606804049744898
EyePACS 2015,0,No DR,60.039763931888544,18.222793604588112,179.54715895748063,0.4528061224489796
EyePACS 2015,0,No DR,82.94674096151354,20.75577364257408,195.49258191744542,0.6558514030612245
EyePACS 2015,2,Moderate NPDR,68.06055536968886,20.496945048310586,81.16071163621822,0.45786830357142855
EyePACS 2015,2,Moderate NPDR,85.96205415826834,18.032897642236705,113.36323745840029,0.49790736607142855
EyePACS 2015,0,No DR,36.99450133350894,17.26414899904556,79.53844116780434,0.6582828443877551
EyePACS 2015,0,No DR,109.4835190560914,31.366463436291667,347.04574129808236,0.4670360331632653
EyePACS 2015,0,No DR,102.81969992370942,17.717782716705994,103.8131362472092,0.7487244897959183
EyePACS 2015,0,No DR,87.35468570112825,24.892048958373636,279.3575725515834,0.47462930484693877
EyePACS 2015,0,No DR,109.21253171222057,25.369022519308228,276.57667711183035,0.45725047831632654
EyePACS 2015,0,No DR,57.09689814814815,23.927285865660437,87.62046244641633,0.4720982142857143
EyePACS 2015,0,No DR,109.1878453038674,27.832614389352027,170.11333770387904,0.7674386160714286
EyePACS 2015,0,No DR,125.04091746338041,21.511049153432126,283.391419932934,0.49734933035714285
EyePACS 2015,0,No DR,93.9100520029716,21.26211318527432,78.7041462193095,0.7331393494897959
EyePACS 2015,0,No DR,62.394365534756844,18.090191277557423,164.48754591087356,0.46512276785714285
EyePACS 2015,0,No DR,95.44773935521631,28.07113071969003,102.07871904544662,0.4492785395408163
EyePACS 2015,0,No DR,58.048917627213946,13.386493847607428,176.90244796859145,0.5405970982142857
EyePACS 2015,0,No DR,139.01371884564932,28.653889710254408,439.0370226478046,0.7743542729591837
EyePACS 2015,2,Moderate NPDR,128.6843787455054,24.527874649730485,146.91028515149247,0.49141023596938777
EyePACS 2015,1,Mild NPDR,152.26478873239438,43.96945760642801,377.165150284288,0.8574617346938775
EyePACS 2015,0,No DR,60.53041382748878,13.25842494286069,91.72151248663752,0.757453762755102
EyePACS 2015,4,Proliferative DR,100.15304597532746,15.985171323930949,73.25178397540196,0.7181720344387755
EyePACS 2015,1,Mild NPDR,66.52435835351089,29.92312850865823,391.0701051867573,0.45236766581632654
EyePACS 2015,0,No DR,126.02169893937919,22.56250583095872,445.5759075155603,0.4501953125
EyePACS 2015,0,No DR,102.1185357939566,19.092202902938325,388.55243399266806,0.4330556441326531
EyePACS 2015,0,No DR,89.43944958393381,23.456287609846257,138.46166786638702,0.4702048788265306
EyePACS 2015,0,No DR,101.28471482889734,22.665235593593568,608.9970828010621,0.4330556441326531
EyePACS 2015,0,No DR,100.20943204868153,23.671003759661552,116.8218919011167,0.7949418048469388
EyePACS 2015,1,Mild NPDR,122.70893931498414,32.235494242662135,75.96007968143243,0.4618343431122449
EyePACS 2015,0,No DR,154.90057531804553,29.3822656176149,277.48167470259335,0.7757892219387755
EyePACS 2015,4,Proliferative DR,30.71642640932658,21.488299614209552,97.82156019183893,0.7334382971938775
EyePACS 2015,0,No DR,69.61681044843888,10.20212042261763,64.17500719333722,0.7835020727040817
EyePACS 2015,0,No DR,81.68579851674421,28.194220740724287,251.29568512484812,0.4743104272959184
EyePACS 2015,0,No DR,73.31386147830943,26.80627994659301,180.68170091230337,0.46970663265306123
EyePACS 2015,3,Severe NPDR,74.27039405069605,21.49458043734227,175.38440186789097,0.48148517219387754
EyePACS 2015,0,No DR,94.00769189680038,18.85751409798237,47.415156880956026,0.7835419323979592
EyePACS 2015,1,Mild NPDR,73.5420054200542,36.49486725302189,271.4354222338408,0.6653778698979592
EyePACS 2015,0,No DR,89.1337338076381,25.13979044037595,386.98026474892686,0.6354432397959183
EyePACS 2015,0,No DR,31.675703182827537,8.545655061031828,67.87771474286332,0.7192681760204082
EyePACS 2015,0,No DR,92.86328231385151,28.053126941288358,260.47049162665365,0.7669204400510204
EyePACS 2015,0,No DR,90.23677051338306,35.75084198084256,411.9210365142098,0.49728954081632654
EyePACS 2015,0,No DR,132.22677469580762,28.277377847805578,319.30065565084556,0.7349131058673469
EyePACS 2015,0,No DR,123.44406885581184,23.1618496244271,275.47671371448104,0.7403738839285714
EyePACS 2015,0,No DR,68.90767261001517,23.573050223114862,296.9523676216227,0.4614158163265306
EyePACS 2015,0,No DR,108.69087170174127,21.68119122613871,224.25302351165672,0.7836017219387755
EyePACS 2015,0,No DR,70.5218584317738,22.314562298315252,130.80582872581127,0.4700255102040816
EyePACS 2015,0,No DR,95.28612051805703,31.133750597004692,242.69463482012088,0.8149713010204082
EyePACS 2015,0,No DR,96.3883647075068,30.36571171030431,179.14595646713573,0.4748684630102041
EyePACS 2015,0,No DR,106.483905730216,26.96897992786772,159.896535496887,0.4668566645408163
EyePACS 2015,0,No DR,63.83872755486588,26.781920478753868,189.67682483680747,0.7572345344387755
EyePACS 2015,0,No DR,124.23756754281527,22.884675555712434,276.4245023745568,0.47718032525510207
EyePACS 2015,0,No DR,70.18183275019364,19.904798712761114,66.5023999266284,0.7835020727040817
EyePACS 2015,0,No DR,73.15144794780316,42.342726816196276,493.7042844362453,0.6649992028061225
EyePACS 2015,0,No DR,100.01224197247707,16.066029689892126,144.98186097337003,0.7316446109693877
EyePACS 2015,0,No DR,57.42390662609564,17.678072556412335,141.06463270810664,0.48080755739795916
EyePACS 2015,0,No DR,152.2183392033335,50.22348461294602,280.64923169363016,0.8355588329081632
EyePACS 2015,0,No DR,146.64547028596962,25.598414545147357,355.4463047658209,0.7581911670918368
EyePACS 2015,0,No DR,107.05147611884166,28.726158937427055,230.11366725558716,0.4653220663265306
EyePACS 2015,0,No DR,92.201052340072,20.966366995779012,211.66618518326223,0.7575534119897959
EyePACS 2015,0,No DR,80.00624242988913,21.99420695214445,215.37360021553982,0.4692283163265306
EyePACS 2015,0,No DR,72.58140226769363,24.512676717454006,556.0969083805162,0.6440529336734694
EyePACS 2015,0,No DR,100.64733809083037,24.576339597507744,290.61952806882937,0.7106186224489796
EyePACS 2015,0,No DR,138.79097675831687,29.002861768923722,210.68948940270317,0.43357382015306123
EyePACS 2015,0,No DR,137.9822025129342,23.5989535175255,256.57772047313216,0.7167171556122449
EyePACS 2015,0,No DR,78.56588021778585,25.101838261695573,357.29262311183095,0.48130580357142855
EyePACS 2015,0,No DR,94.3490287103816,37.56829271754888,118.3552204638104,0.7778818558673469
EyePACS 2015,0,No DR,106.84287090070454,19.0485677808625,238.5874131251739,0.4331752232142857
EyePACS 2015,0,No DR,103.71553289788115,30.596254214396257,570.0588772557991,0.6657764668367347
EyePACS 2015,0,No DR,114.16287207017207,21.41506305150547,281.8308508952628,0.4569515306122449
EyePACS 2015,0,No DR,67.43540409311612,25.68203415480486,296.9270016616314,0.48116629464285715
EyePACS 2015,0,No DR,119.36577912339776,27.656101026301943,348.80337340390696,0.7410714285714286
EyePACS 2015,0,No DR,67.79521341463415,22.11926613623684,78.07450795564395,0.6948740433673469
EyePACS 2015,2,Moderate NPDR,148.90681307848183,16.85505672835338,153.06279953841957,0.7671795280612245
EyePACS 2015,0,No DR,107.63674438084601,33.238504714632,395.51539710430995,0.46974649234693877
EyePACS 2015,0,No DR,69.13484070882154,26.768049830927872,389.34713471214906,0.4524473852040816
EyePACS 2015,0,No DR,76.46359554948272,12.540595494015447,126.92946495662109,0.4490593112244898
EyePACS 2015,0,No DR,158.91166063690216,23.954459992614254,127.02715379334046,0.5427893813775511
EyePACS 2015,3,Severe NPDR,62.826305995552126,14.690965167170015,110.33737613316538,0.48108657525510207
EyePACS 2015,0,No DR,129.0803716399062,16.491526557937355,236.56747247968576,0.4842952806122449
EyePACS 2015,2,Moderate NPDR,91.56698769090495,27.83152452639796,249.8079060901321,0.7361288265306123
EyePACS 2015,0,No DR,74.09444378837978,28.353094974558008,195.97279344628777,0.7178930165816326
EyePACS 2015,1,Mild NPDR,69.83325765871638,15.915187149639461,54.65029781057787,0.7835220025510204
EyePACS 2015,0,No DR,103.87703977562468,55.259151875457235,525.6558957770287,0.6655970982142857
EyePACS 2015,0,No DR,89.66916843171563,27.308689569029426,450.6064812341735,0.4745495854591837
EyePACS 2015,0,No DR,69.49741238423825,26.182705862397512,433.653346390544,0.48098692602040816
EyePACS 2015,2,Moderate NPDR,74.27405159332322,17.95143956685302,156.43603806843956,0.6986806441326531
EyePACS 2015,0,No DR,70.98438110113237,17.725295739059266,63.46966622522516,0.4489795918367347
EyePACS 2015,0,No DR,120.27204979835174,18.71987457609722,402.87464166307626,0.49770806760204084
EyePACS 2015,2,Moderate NPDR,39.47319988615881,10.43713786369035,67.79129170008957,0.46129623724489793
EyePACS 2015,0,No DR,93.28841017557687,14.91902812372387,213.49811886114682,0.4983458227040816
EyePACS 2015,2,Moderate NPDR,79.88467381796418,25.557016518284552,371.44794671964837,0.47474888392857145
EyePACS 2015,2,Moderate NPDR,92.061793801866,34.805167958496,221.27533297864872,0.4665377869897959
EyePACS 2015,1,Mild NPDR,144.2590025906736,22.13967853977453,492.48737365327764,0.6560507015306123
EyePACS 2015,0,No DR,102.04959065700285,22.312342128951197,156.37973741407475,0.7223174426020408
EyePACS 2015,0,No DR,123.05040322580645,32.590317455707,333.6334756995757,0.7405333227040817
EyePACS 2015,0,No DR,133.1823796983481,22.72869865771382,331.97330860213617,0.4573301977040816
EyePACS 2015,0,No DR,54.72879711751663,22.448636420864812,210.95111443573904,0.7570750956632653
EyePACS 2015,0,No DR,115.5737975263399,30.79124859472607,294.25601956903057,0.47692123724489793
EyePACS 2015,0,No DR,92.7561916907175,24.548026440881003,252.38623056859925,0.6355229591836735
EyePACS 2015,2,Moderate NPDR,82.3064105343015,33.84169575868884,106.53895665902519,0.7710259885204082
EyePACS 2015,0,No DR,79.00825073370619,18.531594628680406,89.94385620404064,0.7568757971938775
EyePACS 2015,0,No DR,99.19327561908597,24.78762943749287,228.08187743894618,0.6355628188775511
EyePACS 2015,0,No DR,156.27149082898327,19.543443075795523,218.57860024596658,0.457210618622449
EyePACS 2015,0,No DR,88.93651805347525,27.007646485247882,433.94982142543773,0.665656887755102
EyePACS 2015,0,No DR,68.99343544857769,16.238738569030133,102.71263459989713,0.7574736926020408
EyePACS 2015,0,No DR,64.57111850004618,20.76699827380984,166.23326512328381,0.47329400510204084
EyePACS 2015,3,Severe NPDR,123.20035492457853,16.57697111899705,117.86441196917792,0.49190848214285715
EyePACS 2015,0,No DR,109.76568837314106,29.685011612263835,383.54841308066693,0.7437021683673469
EyePACS 2015,0,No DR,45.170491803278686,18.18649108860703,242.08720649242593,0.7564373405612245
EyePACS 2015,0,No DR,118.73540267710233,18.975170194545896,208.3710394891763,0.49087213010204084
EyePACS 2015,0,No DR,119.84725103734439,27.837057755008026,134.2728283012339,0.6554528061224489
EyePACS 2015,0,No DR,81.73245906893513,9.701414290584701,30.3911273907125,0.7835220025510204
EyePACS 2015,0,No DR,106.52489016615466,27.413095444425863,219.76098646570165,0.6445113201530612
EyePACS 2015,1,Mild NPDR,109.39735588215557,24.478296192458387,392.4879565094278,0.6355628188775511
EyePACS 2015,0,No DR,138.4090522937512,29.19038084952908,388.91237428946374,0.46358816964285715
EyePACS 2015,0,No DR,123.6074378071642,38.01998287136825,249.30709111075015,0.4332948022959184
EyePACS 2015,0,No DR,13.291666666666666,1.1539485353438523,10.548177083333334,0.044025031887755105
EyePACS 2015,1,Mild NPDR,95.67901465836182,36.005932821615986,490.8135012755296,0.46693638392857145
EyePACS 2015,1,Mild NPDR,96.52792777823932,29.794858410192365,391.06864833464,0.7576530612244898
EyePACS 2015,1,Mild NPDR,102.83994502977554,27.683563646952518,423.4071169800203,0.47692123724489793
EyePACS 2015,0,No DR,94.42807323452485,30.57986190534861,472.39713625647215,0.4760642538265306
EyePACS 2015,0,No DR,70.98762236445783,21.08298307839518,292.46172502761067,0.46484375
EyePACS 2015,0,No DR,98.31425775065489,34.08338598090449,139.85940843207527,0.7302495216836735
EyePACS 2015,0,No DR,59.62090989176944,21.612943982109623,157.36925475169704,0.6736686862244898
EyePACS 2015,0,No DR,120.51922403222981,12.554642453970644,95.4040455643247,0.49824617346938777
EyePACS 2015,0,No DR,82.49450333174009,33.86224081615667,119.63687772166945,0.7447983099489796
EyePACS 2015,0,No DR,73.64422748352453,24.171148691975198,113.17074697435135,0.4489198022959184
EyePACS 2015,0,No DR,110.75130478526064,44.84716506313632,786.1150509161314,0.6739875637755102
EyePACS 2015,2,Moderate NPDR,88.41940841279386,25.137378705373322,240.31853129560102,0.7315848214285714
EyePACS 2015,0,No DR,78.7714502908514,23.458066609141284,295.9283139595529,0.644172512755102
EyePACS 2015,0,No DR,71.63597007199661,24.698960993439105,221.05640765479478,0.4649035395408163
EyePACS 2015,0,No DR,148.97411033266832,29.797796386515078,470.41389990152425,0.47108179209183676
EyePACS 2015,2,Moderate NPDR,163.66062733552258,27.819683030437336,146.77422872897293,0.7478874362244898
EyePACS 2015,0,No DR,122.12104056387466,18.949871843759812,172.12515659002875,0.7394770408163265
EyePACS 2015,1,Mild NPDR,71.76363442123818,12.653801588368031,90.71216706845708,0.7835220025510204
EyePACS 2015,2,Moderate NPDR,80.18484949832776,47.59795157927037,273.969467428776,0.6477798150510204
EyePACS 2015,2,Moderate NPDR,126.31453703703704,16.466077693260168,158.34289089291838,0.4720982142857143
EyePACS 2015,1,Mild NPDR,142.77407010117994,30.444459472656423,356.0495977511309,0.7299904336734694
EyePACS 2015,0,No DR,107.05661491438296,8.870875312153668,21.563387274943285,0.6118861607142857
EyePACS 2015,0,No DR,84.68791777232877,31.81867347530294,512.4163321904674,0.6350247130102041
EyePACS 2015,0,No DR,126.15349485003563,33.07697006907914,301.334418725129,0.6559909119897959
EyePACS 2015,0,No DR,68.15824897839268,20.284778027385048,105.30262988143696,0.7835020727040817
EyePACS 2015,0,No DR,131.20490571525522,27.383761949644366,559.3974535094931,0.4519889987244898
EyePACS 2015,0,No DR,178.96024615937472,28.88508626454254,633.7425165070326,0.48710538903061223
EyePACS 2015,0,No DR,98.98949134934271,18.704491514231673,51.08292282677299,0.5432876275510204
EyePACS 2015,0,No DR,133.91003211426928,31.947137148465487,337.28491091820945,0.4569116709183674
EyePACS 2015,0,No DR,104.78284879474069,17.668872260590568,61.10580102008312,0.7243502869897959
EyePACS 2015,0,No DR,82.46652538291109,10.31747571509351,56.77027257445473,0.4548190369897959
EyePACS 2015,0,No DR,38.04923124231242,16.41723828224911,45.47873859345143,0.7144052933673469
EyePACS 2015,0,No DR,103.64884798064726,22.978428554223132,182.57655191259212,0.7115752551020408
EyePACS 2015,0,No DR,117.62195549046452,14.221472559135904,67.27423569999723,0.6666932397959183
EyePACS 2015,0,No DR,107.11679760982626,38.39261140366909,196.37009746205976,0.7582708864795918
EyePACS 2015,2,Moderate NPDR,67.3475531573886,13.448014801105304,118.3175498971177,0.7834024234693877
EyePACS 2015,0,No DR,50.99872533806251,22.48583136080162,75.06237696259092,0.7571747448979592
EyePACS 2015,2,Moderate NPDR,28.80540340488527,9.492871631380957,65.89940770906877,0.6366390306122449
EyePACS 2015,2,Moderate NPDR,67.26540336879432,22.01263529135647,143.9414007485162,0.7573939732142857
EyePACS 2015,0,No DR,119.3192864243897,30.235519419236223,335.8554309959774,0.7579121492346939
EyePACS 2015,0,No DR,86.81851311953353,18.968689287860418,67.52844645598348,0.7194076849489796
EyePACS 2015,0,No DR,103.06717757190668,24.54172484529274,293.77259491996915,0.4516701211734694
EyePACS 2015,0,No DR,130.82632584104599,23.949821701082257,109.20709098682084,0.7210419323979592
