image_id,image_path,label,split
000c1434d8d7,/kaggle/input/datasets/sovitrath/diabetic-retinopathy-224x224-2019-data/colored_images/Moderate/000c1434d8d7.png,2,train
001639a390f0,/kaggle/input/datasets/sovitrath/diabetic-retinopathy-224x224-2019-data/colored_images/Proliferate_DR/001639a390f0.png,4,test
0024cdab0c1e,/kaggle/input/datasets/sovitrath/diabetic-retinopathy-224x224-2019-data/colored_images/Mild/0024cdab0c1e.png,1,train
002c21358ce6,/kaggle/input/datasets/sovitrath/diabetic-retinopathy-224x224-2019-data/colored_images/No_DR/002c21358ce6.png,0,train
005b95c28852,/kaggle/input/datasets/sovitrath/diabetic-retinopathy-224x224-2019-data/colored_images/No_DR/005b95c28852.png,0,test
0083ee8054ee,/kaggle/input/datasets/sovitrath/diabetic-retinopathy-224x224-2019-data/colored_images/Proliferate_DR/0083ee8054ee.png,4,val
0097f532ac9f,/kaggle/input/datasets/sovitrath/diabetic-retinopathy-224x224-2019-data/colored_images/No_DR/0097f532ac9f.png,0,train
00a8624548a9,/kaggle/input/datasets/sovitrath/diabetic-retinopathy-224x224-2019-data/colored_images/Moderate/00a8624548a9.png,2,train
00b74780d31d,/kaggle/input/datasets/sovitrath/diabetic-retinopathy-224x224-2019-data/colored_images/Moderate/00b74780d31d.png,2,train
00cb6555d108,/kaggle/input/datasets/sovitrath/diabetic-retinopathy-224x224-2019-data/colored_images/Mild/00cb6555d108.png,1,val
00cc2b75cddd,/kaggle/input/datasets/sovitrath/diabetic-retinopathy-224x224-2019-data/colored_images/No_DR/00cc2b75cddd.png,0,train
00e4ddff966a,/kaggle/input/datasets/sovitrath/diabetic-retinopathy-224x224-2019-data/colored_images/Moderate/00e4ddff966a.png,2,train
00f6c1be5a33,/kaggle/input/datasets/sovitrath/diabetic-retinopathy-224x224-2019-data/colored_images/No_DR/00f6c1be5a33.png,0,train
0104b032c141,/kaggle/input/datasets/sovitrath/diabetic-retinopathy-224x224-2019-data/colored_images/Severe/0104b032c141.png,3,train
0124dffecf29,/kaggle/input/datasets/sovitrath/diabetic-retinopathy-224x224-2019-data/colored_images/Mild/0124dffecf29.png,1,test
0125fbd2e791,/kaggle/input/datasets/sovitrath/diabetic-retinopathy-224x224-2019-data/colored_images/No_DR/0125fbd2e791.png,0,train
012a242ac6ff,/kaggle/input/datasets/sovitrath/diabetic-retinopathy-224x224-2019-data/colored_images/Moderate/012a242ac6ff.png,2,train
014508ccb9cb,/kaggle/input/datasets/sovitrath/diabetic-retinopathy-224x224-2019-data/colored_images/No_DR/014508ccb9cb.png,0,train
0151781fe50b,/kaggle/input/datasets/sovitrath/diabetic-retinopathy-224x224-2019-data/colored_images/No_DR/0151781fe50b.png,0,train
0161338f53cc,/kaggle/input/datasets/sovitrath/diabetic-retinopathy-224x224-2019-data/colored_images/Moderate/0161338f53cc.png,2,train
0180bfa26c0b,/kaggle/input/datasets/sovitrath/diabetic-retinopathy-224x224-2019-data/colored_images/Moderate/0180bfa26c0b.png,2,train
0182152c50de,/kaggle/input/datasets/sovitrath/diabetic-retinopathy-224x224-2019-data/colored_images/No_DR/0182152c50de.png,0,train
01b3aed3ed4c,/kaggle/input/datasets/sovitrath/diabetic-retinopathy-224x224-2019-data/colored_images/Mild/01b3aed3ed4c.png,1,train
01c7808d901d,/kaggle/input/datasets/sovitrath/diabetic-retinopathy-224x224-2019-data/colored_images/Moderate/01c7808d901d.png,2,train
01d9477b1171,/kaggle/input/datasets/sovitrath/diabetic-retinopathy-224x224-2019-data/colored_images/No_DR/01d9477b1171.png,0,train
01eb826f6467,/kaggle/input/datasets/sovitrath/diabetic-retinopathy-224x224-2019-data/colored_images/Moderate/01eb826f6467.png,2,val
01f7bb8be950,/kaggle/input/datasets/sovitrath/diabetic-retinopathy-224x224-2019-data/colored_images/No_DR/01f7bb8be950.png,0,train
0212dd31f623,/kaggle/input/datasets/sovitrath/diabetic-retinopathy-224x224-2019-data/colored_images/No_DR/0212dd31f623.png,0,val
022f820027b8,/kaggle/input/datasets/sovitrath/diabetic-retinopathy-224x224-2019-data/colored_images/No_DR/022f820027b8.png,0,train
0231642cf1c2,/kaggle/input/datasets/sovitrath/diabetic-retinopathy-224x224-2019-data/colored_images/No_DR/0231642cf1c2.png,0,test
0232dfea7547,/kaggle/input/datasets/sovitrath/diabetic-retinopathy-224x224-2019-data/colored_images/No_DR/0232dfea7547.png,0,test
02358b47ea89,/kaggle/input/datasets/sovitrath/diabetic-retinopathy-224x224-2019-data/colored_images/No_DR/02358b47ea89.png,0,train
025a169a0bb0,/kaggle/input/datasets/sovitrath/diabetic-retinopathy-224x224-2019-data/colored_images/Moderate/025a169a0bb0.png,2,test
02685f13cefd,/kaggle/input/datasets/sovitrath/diabetic-retinopathy-224x224-2019-data/colored_images/Proliferate_DR/02685f13cefd.png,4,train
026dcd9af143,/kaggle/input/datasets/sovitrath/diabetic-retinopathy-224x224-2019-data/colored_images/Moderate/026dcd9af143.png,2,train
02cd34a85b24,/kaggle/input/datasets/sovitrath/diabetic-retinopathy-224x224-2019-data/colored_images/No_DR/02cd34a85b24.png,0,val
02da652c74b8,/kaggle/input/datasets/sovitrath/diabetic-retinopathy-224x224-2019-data/colored_images/No_DR/02da652c74b8.png,0,train
02dda30d3acf,/kaggle/input/datasets/sovitrath/diabetic-retinopathy-224x224-2019-data/colored_images/Proliferate_DR/02dda30d3acf.png,4,train
0304bedad8fe,/kaggle/input/datasets/sovitrath/diabetic-retinopathy-224x224-2019-data/colored_images/No_DR/0304bedad8fe.png,0,train
0318598cfd16,/kaggle/input/datasets/sovitrath/diabetic-retinopathy-224x224-2019-data/colored_images/Proliferate_DR/0318598cfd16.png,4,train
032d7b0b4bf6,/kaggle/input/datasets/sovitrath/diabetic-retinopathy-224x224-2019-data/colored_images/Moderate/032d7b0b4bf6.png,2,train
033f2b43de6d,/kaggle/input/datasets/sovitrath/diabetic-retinopathy-224x224-2019-data/colored_images/Moderate/033f2b43de6d.png,2,train
034cb07a550f,/kaggle/input/datasets/sovitrath/diabetic-retinopathy-224x224-2019-data/colored_images/Proliferate_DR/034cb07a550f.png,4,train
03676c71ed1b,/kaggle/input/datasets/sovitrath/diabetic-retinopathy-224x224-2019-data/colored_images/Moderate/03676c71ed1b.png,2,train
0369f3efe69b,/kaggle/input/datasets/sovitrath/diabetic-retinopathy-224x224-2019-data/colored_images/Mild/0369f3efe69b.png,1,val
03747397839f,/kaggle/input/datasets/sovitrath/diabetic-retinopathy-224x224-2019-data/colored_images/Moderate/03747397839f.png,2,train
03a7f4a5786f,/kaggle/input/datasets/sovitrath/diabetic-retinopathy-224x224-2019-data/colored_images/Proliferate_DR/03a7f4a5786f.png,4,train
03b373718013,/kaggle/input/datasets/sovitrath/diabetic-retinopathy-224x224-2019-data/colored_images/No_DR/03b373718013.png,0,train
03c85870824c,/kaggle/input/datasets/sovitrath/diabetic-retinopathy-224x224-2019-data/colored_images/Severe/03c85870824c.png,3,train
03e25101e8e8,/kaggle/input/datasets/sovitrath/diabetic-retinopathy-224x224-2019-data/colored_images/Mild/03e25101e8e8.png,1,train
03fd50da928d,/kaggle/input/datasets/sovitrath/diabetic-retinopathy-224x224-2019-data/colored_images/Moderate/03fd50da928d.png,2,train
03ff7d159f10,/kaggle/input/datasets/sovitrath/diabetic-retinopathy-224x224-2019-data/colored_images/Moderate/03ff7d159f10.png,2,train
0415fc68b176,/kaggle/input/datasets/sovitrath/diabetic-retinopathy-224x224-2019-data/colored_images/Moderate/0415fc68b176.png,2,train
041f09eec1e8,/kaggle/input/datasets/sovitrath/diabetic-retinopathy-224x224-2019-data/colored_images/Moderate/041f09eec1e8.png,2,train
0423237770a7,/kaggle/input/datasets/sovitrath/diabetic-retinopathy-224x224-2019-data/colored_images/No_DR/0423237770a7.png,0,test
042470a92154,/kaggle/input/datasets/sovitrath/diabetic-retinopathy-224x224-2019-data/colored_images/Severe/042470a92154.png,3,train
04579e31e4be,/kaggle/input/datasets/sovitrath/diabetic-retinopathy-224x224-2019-data/colored_images/No_DR/04579e31e4be.png,0,test
04a6fc58dabc,/kaggle/input/datasets/sovitrath/diabetic-retinopathy-224x224-2019-data/colored_images/Moderate/04a6fc58dabc.png,2,train
04ac765f91a1,/kaggle/input/datasets/sovitrath/diabetic-retinopathy-224x224-2019-data/colored_images/Mild/04ac765f91a1.png,1,test
04aef84a2cc1,/kaggle/input/datasets/sovitrath/diabetic-retinopathy-224x224-2019-data/colored_images/No_DR/04aef84a2cc1.png,0,train
04d029cfb612,/kaggle/input/datasets/sovitrath/diabetic-retinopathy-224x224-2019-data/colored_images/Moderate/04d029cfb612.png,2,train
04efb1a284cc,/kaggle/input/datasets/sovitrath/diabetic-retinopathy-224x224-2019-data/colored_images/No_DR/04efb1a284cc.png,0,train
050bb1eafa76,/kaggle/input/datasets/sovitrath/diabetic-retinopathy-224x224-2019-data/colored_images/No_DR/050bb1eafa76.png,0,train
05113073b268,/kaggle/input/datasets/sovitrath/diabetic-retinopathy-224x224-2019-data/colored_images/No_DR/05113073b268.png,0,train
05195a3db5e2,/kaggle/input/datasets/sovitrath/diabetic-retinopathy-224x224-2019-data/colored_images/No_DR/05195a3db5e2.png,0,train
0519b934f6b1,/kaggle/input/datasets/sovitrath/diabetic-retinopathy-224x224-2019-data/colored_images/Moderate/0519b934f6b1.png,2,train
052d9a3fe55a,/kaggle/input/datasets/sovitrath/diabetic-retinopathy-224x224-2019-data/colored_images/Moderate/052d9a3fe55a.png,2,val
05339950962e,/kaggle/input/datasets/sovitrath/diabetic-retinopathy-224x224-2019-data/colored_images/No_DR/05339950962e.png,0,train
054b1b305160,/kaggle/input/datasets/sovitrath/diabetic-retinopathy-224x224-2019-data/colored_images/No_DR/054b1b305160.png,0,train
0551676cc2aa,/kaggle/input/datasets/sovitrath/diabetic-retinopathy-224x224-2019-data/colored_images/No_DR/0551676cc2aa.png,0,train
059bc89df7f4,/kaggle/input/datasets/sovitrath/diabetic-retinopathy-224x224-2019-data/colored_images/Mild/059bc89df7f4.png,1,train
05a5183c92d0,/kaggle/input/datasets/sovitrath/diabetic-retinopathy-224x224-2019-data/colored_images/Mild/05a5183c92d0.png,1,test
05b1bb2bdb81,/kaggle/input/datasets/sovitrath/diabetic-retinopathy-224x224-2019-data/colored_images/No_DR/05b1bb2bdb81.png,0,val
05cd0178ccfe,/kaggle/input/datasets/sovitrath/diabetic-retinopathy-224x224-2019-data/colored_images/Severe/05cd0178ccfe.png,3,train
05e9126dfa5c,/kaggle/input/datasets/sovitrath/diabetic-retinopathy-224x224-2019-data/colored_images/No_DR/05e9126dfa5c.png,0,train
06024377d573,/kaggle/input/datasets/sovitrath/diabetic-retinopathy-224x224-2019-data/colored_images/Moderate/06024377d573.png,2,train
060e00d1e2ab,/kaggle/input/datasets/sovitrath/diabetic-retinopathy-224x224-2019-data/colored_images/No_DR/060e00d1e2ab.png,0,train
064af6592ba6,/kaggle/input/datasets/sovitrath/diabetic-retinopathy-224x224-2019-data/colored_images/Moderate/064af6592ba6.png,2,train
06586082a24d,/kaggle/input/datasets/sovitrath/diabetic-retinopathy-224x224-2019-data/colored_images/No_DR/06586082a24d.png,0,train
0684311afdfc,/kaggle/input/datasets/sovitrath/diabetic-retinopathy-224x224-2019-data/colored_images/Mild/0684311afdfc.png,1,train
069f43616fab,/kaggle/input/datasets/sovitrath/diabetic-retinopathy-224x224-2019-data/colored_images/Severe/069f43616fab.png,3,train
06b71823f9cd,/kaggle/input/datasets/sovitrath/diabetic-retinopathy-224x224-2019-data/colored_images/Mild/06b71823f9cd.png,1,train
06be1092a062,/kaggle/input/datasets/sovitrath/diabetic-retinopathy-224x224-2019-data/colored_images/No_DR/06be1092a062.png,0,test
07083738b75e,/kaggle/input/datasets/sovitrath/diabetic-retinopathy-224x224-2019-data/colored_images/Moderate/07083738b75e.png,2,test
0709652336e2,/kaggle/input/datasets/sovitrath/diabetic-retinopathy-224x224-2019-data/colored_images/No_DR/0709652336e2.png,0,train
070d4ce5fd90,/kaggle/input/datasets/sovitrath/diabetic-retinopathy-224x224-2019-data/colored_images/No_DR/070d4ce5fd90.png,0,train
070f67572d03,/kaggle/input/datasets/sovitrath/diabetic-retinopathy-224x224-2019-data/colored_images/Severe/070f67572d03.png,3,val
07122e268a1d,/kaggle/input/datasets/sovitrath/diabetic-retinopathy-224x224-2019-data/colored_images/Proliferate_DR/07122e268a1d.png,4,test
071435a218ec,/kaggle/input/datasets/sovitrath/diabetic-retinopathy-224x224-2019-data/colored_images/Moderate/071435a218ec.png,2,train
07419eddd6be,/kaggle/input/datasets/sovitrath/diabetic-retinopathy-224x224-2019-data/colored_images/Moderate/07419eddd6be.png,2,train
07596907347b,/kaggle/input/datasets/sovitrath/diabetic-retinopathy-224x224-2019-data/colored_images/No_DR/07596907347b.png,0,val
0773a1c326ad,/kaggle/input/datasets/sovitrath/diabetic-retinopathy-224x224-2019-data/colored_images/No_DR/0773a1c326ad.png,0,train
07751b94a88a,/kaggle/input/datasets/sovitrath/diabetic-retinopathy-224x224-2019-data/colored_images/No_DR/07751b94a88a.png,0,train
0790515cf5af,/kaggle/input/datasets/sovitrath/diabetic-retinopathy-224x224-2019-data/colored_images/No_DR/0790515cf5af.png,0,test
07929d32b5b3,/kaggle/input/datasets/sovitrath/diabetic-retinopathy-224x224-2019-data/colored_images/Mild/07929d32b5b3.png,1,test
07a0be6b347f,/kaggle/input/datasets/sovitrath/diabetic-retinopathy-224x224-2019-data/colored_images/No_DR/07a0be6b347f.png,0,train
07a0e34c8d20,/kaggle/input/datasets/sovitrath/diabetic-retinopathy-224x224-2019-data/colored_images/Severe/07a0e34c8d20.png,3,train
07a1c7073982,/kaggle/input/datasets/sovitrath/diabetic-retinopathy-224x224-2019-data/colored_images/Mild/07a1c7073982.png,1,train
07a2b8cabf6b,/kaggle/input/datasets/sovitrath/diabetic-retinopathy-224x224-2019-data/colored_images/No_DR/07a2b8cabf6b.png,0,train
07a3be30563b,/kaggle/input/datasets/sovitrath/diabetic-retinopathy-224x224-2019-data/colored_images/Moderate/07a3be30563b.png,2,train
07d8db76b301,/kaggle/input/datasets/sovitrath/diabetic-retinopathy-224x224-2019-data/colored_images/Moderate/07d8db76b301.png,2,val
07e827469099,/kaggle/input/datasets/sovitrath/diabetic-retinopathy-224x224-2019-data/colored_images/No_DR/07e827469099.png,0,train
07f5d7baf907,/kaggle/input/datasets/sovitrath/diabetic-retinopathy-224x224-2019-data/colored_images/No_DR/07f5d7baf907.png,0,train
08037e4490e5,/kaggle/input/datasets/sovitrath/diabetic-retinopathy-224x224-2019-data/colored_images/No_DR/08037e4490e5.png,0,val
080ee76c958c,/kaggle/input/datasets/sovitrath/diabetic-retinopathy-224x224-2019-data/colored_images/Proliferate_DR/080ee76c958c.png,4,train
080f66eedfb9,/kaggle/input/datasets/sovitrath/diabetic-retinopathy-224x224-2019-data/colored_images/Proliferate_DR/080f66eedfb9.png,4,train
084c02cf077f,/kaggle/input/datasets/sovitrath/diabetic-retinopathy-224x224-2019-data/colored_images/No_DR/084c02cf077f.png,0,train
0851d6a69589,/kaggle/input/datasets/sovitrath/diabetic-retinopathy-224x224-2019-data/colored_images/No_DR/0851d6a69589.png,0,train
086d41d17da8,/kaggle/input/datasets/sovitrath/diabetic-retinopathy-224x224-2019-data/colored_images/Mild/086d41d17da8.png,1,test
08752092140d,/kaggle/input/datasets/sovitrath/diabetic-retinopathy-224x224-2019-data/colored_images/Moderate/08752092140d.png,2,train
08a3875063c3,/kaggle/input/datasets/sovitrath/diabetic-retinopathy-224x224-2019-data/colored_images/Proliferate_DR/08a3875063c3.png,4,test
08b6e3240858,/kaggle/input/datasets/sovitrath/diabetic-retinopathy-224x224-2019-data/colored_images/No_DR/08b6e3240858.png,0,train
08bef347f40d,/kaggle/input/datasets/sovitrath/diabetic-retinopathy-224x224-2019-data/colored_images/No_DR/08bef347f40d.png,0,train
08c17a2d95b7,/kaggle/input/datasets/sovitrath/diabetic-retinopathy-224x224-2019-data/colored_images/Moderate/08c17a2d95b7.png,2,train
08c60c647673,/kaggle/input/datasets/sovitrath/diabetic-retinopathy-224x224-2019-data/colored_images/No_DR/08c60c647673.png,0,train
08ee569d4721,/kaggle/input/datasets/sovitrath/diabetic-retinopathy-224x224-2019-data/colored_images/No_DR/08ee569d4721.png,0,val
08f8838d69bb,/kaggle/input/datasets/sovitrath/diabetic-retinopathy-224x224-2019-data/colored_images/No_DR/08f8838d69bb.png,0,train
09237bf783a4,/kaggle/input/datasets/sovitrath/diabetic-retinopathy-224x224-2019-data/colored_images/No_DR/09237bf783a4.png,0,train
0924cec998fa,/kaggle/input/datasets/sovitrath/diabetic-retinopathy-224x224-2019-data/colored_images/No_DR/0924cec998fa.png,0,train
093a42649c29,/kaggle/input/datasets/sovitrath/diabetic-retinopathy-224x224-2019-data/colored_images/Severe/093a42649c29.png,3,train
093cf723fede,/kaggle/input/datasets/sovitrath/diabetic-retinopathy-224x224-2019-data/colored_images/No_DR/093cf723fede.png,0,train
094858f005ab,/kaggle/input/datasets/sovitrath/diabetic-retinopathy-224x224-2019-data/colored_images/Moderate/094858f005ab.png,2,train
0953c0ac1735,/kaggle/input/datasets/sovitrath/diabetic-retinopathy-224x224-2019-data/colored_images/Moderate/0953c0ac1735.png,2,train
096436d68d06,/kaggle/input/datasets/sovitrath/diabetic-retinopathy-224x224-2019-data/colored_images/No_DR/096436d68d06.png,0,train
09662e462531,/kaggle/input/datasets/sovitrath/diabetic-retinopathy-224x224-2019-data/colored_images/No_DR/09662e462531.png,0,train
0981195eb9fb,/kaggle/input/datasets/sovitrath/diabetic-retinopathy-224x224-2019-data/colored_images/Proliferate_DR/0981195eb9fb.png,4,test
099021fac3c9,/kaggle/input/datasets/sovitrath/diabetic-retinopathy-224x224-2019-data/colored_images/No_DR/099021fac3c9.png,0,train
09934421c79e,/kaggle/input/datasets/sovitrath/diabetic-retinopathy-224x224-2019-data/colored_images/No_DR/09934421c79e.png,0,train
09935d72892b,/kaggle/input/datasets/sovitrath/diabetic-retinopathy-224x224-2019-data/colored_images/Mild/09935d72892b.png,1,train
09c8323c612e,/kaggle/input/datasets/sovitrath/diabetic-retinopathy-224x224-2019-data/colored_images/No_DR/09c8323c612e.png,0,train
09eeafa9656a,/kaggle/input/datasets/sovitrath/diabetic-retinopathy-224x224-2019-data/colored_images/Moderate/09eeafa9656a.png,2,train
09f1111a388a,/kaggle/input/datasets/sovitrath/diabetic-retinopathy-224x224-2019-data/colored_images/No_DR/09f1111a388a.png,0,train
09f6ab477654,/kaggle/input/datasets/sovitrath/diabetic-retinopathy-224x224-2019-data/colored_images/Moderate/09f6ab477654.png,2,test
0a09aa7356c0,/kaggle/input/datasets/sovitrath/diabetic-retinopathy-224x224-2019-data/colored_images/Moderate/0a09aa7356c0.png,2,train
0a1076183736,/kaggle/input/datasets/sovitrath/diabetic-retinopathy-224x224-2019-data/colored_images/Moderate/0a1076183736.png,2,train
0a3202889f4d,/kaggle/input/datasets/sovitrath/diabetic-retinopathy-224x224-2019-data/colored_images/Mild/0a3202889f4d.png,1,train
0a38b552372d,/kaggle/input/datasets/sovitrath/diabetic-retinopathy-224x224-2019-data/colored_images/No_DR/0a38b552372d.png,0,train
0a4e1a29ffff,/kaggle/input/datasets/sovitrath/diabetic-retinopathy-224x224-2019-data/colored_images/No_DR/0a4e1a29ffff.png,0,train
0a61bddab956,/kaggle/input/datasets/sovitrath/diabetic-retinopathy-224x224-2019-data/colored_images/Mild/0a61bddab956.png,1,train
0a74c92e287c,/kaggle/input/datasets/sovitrath/diabetic-retinopathy-224x224-2019-data/colored_images/No_DR/0a74c92e287c.png,0,test
0a85a1e8f9e9,/kaggle/input/datasets/sovitrath/diabetic-retinopathy-224x224-2019-data/colored_images/No_DR/0a85a1e8f9e9.png,0,train
0a902c80d5da,/kaggle/input/datasets/sovitrath/diabetic-retinopathy-224x224-2019-data/colored_images/No_DR/0a902c80d5da.png,0,val
0a9ec1e99ce4,/kaggle/input/datasets/sovitrath/diabetic-retinopathy-224x224-2019-data/colored_images/Moderate/0a9ec1e99ce4.png,2,val
0abf0c485f66,/kaggle/input/datasets/sovitrath/diabetic-retinopathy-224x224-2019-data/colored_images/No_DR/0abf0c485f66.png,0,train
0ad7f631dedb,/kaggle/input/datasets/sovitrath/diabetic-retinopathy-224x224-2019-data/colored_images/Mild/0ad7f631dedb.png,1,val
0ada12c0e78f,/kaggle/input/datasets/sovitrath/diabetic-retinopathy-224x224-2019-data/colored_images/Proliferate_DR/0ada12c0e78f.png,4,train
0ae2dd2e09ea,/kaggle/input/datasets/sovitrath/diabetic-retinopathy-224x224-2019-data/colored_images/No_DR/0ae2dd2e09ea.png,0,val
0af296d2f04a,/kaggle/input/datasets/sovitrath/diabetic-retinopathy-224x224-2019-data/colored_images/Moderate/0af296d2f04a.png,2,train
0afbeeef0ff7,/kaggle/input/datasets/sovitrath/diabetic-retinopathy-224x224-2019-data/colored_images/No_DR/0afbeeef0ff7.png,0,train
0afdfe5f422c,/kaggle/input/datasets/sovitrath/diabetic-retinopathy-224x224-2019-data/colored_images/Moderate/0afdfe5f422c.png,2,train
0b00f8a77510,/kaggle/input/datasets/sovitrath/diabetic-retinopathy-224x224-2019-data/colored_images/No_DR/0b00f8a77510.png,0,val
0b2ea8f268cf,/kaggle/input/datasets/sovitrath/diabetic-retinopathy-224x224-2019-data/colored_images/No_DR/0b2ea8f268cf.png,0,train
0b3efe669365,/kaggle/input/datasets/sovitrath/diabetic-retinopathy-224x224-2019-data/colored_images/No_DR/0b3efe669365.png,0,train
0b64a0a06f9a,/kaggle/input/datasets/sovitrath/diabetic-retinopathy-224x224-2019-data/colored_images/No_DR/0b64a0a06f9a.png,0,train
0b8bdec9d869,/kaggle/input/datasets/sovitrath/diabetic-retinopathy-224x224-2019-data/colored_images/No_DR/0b8bdec9d869.png,0,train
0babc12807b2,/kaggle/input/datasets/sovitrath/diabetic-retinopathy-224x224-2019-data/colored_images/No_DR/0babc12807b2.png,0,train
0bf37ca3156a,/kaggle/input/datasets/sovitrath/diabetic-retinopathy-224x224-2019-data/colored_images/Proliferate_DR/0bf37ca3156a.png,4,train
0c2e2369dfff,/kaggle/input/datasets/sovitrath/diabetic-retinopathy-224x224-2019-data/colored_images/Moderate/0c2e2369dfff.png,2,val
0c38940e1f80,/kaggle/input/datasets/sovitrath/diabetic-retinopathy-224x224-2019-data/colored_images/No_DR/0c38940e1f80.png,0,train
0c43c79e8cfb,/kaggle/input/datasets/sovitrath/diabetic-retinopathy-224x224-2019-data/colored_images/No_DR/0c43c79e8cfb.png,0,val
0c55d58bebaf,/kaggle/input/datasets/sovitrath/diabetic-retinopathy-224x224-2019-data/colored_images/Moderate/0c55d58bebaf.png,2,train
0c76fd494af6,/kaggle/input/datasets/sovitrath/diabetic-retinopathy-224x224-2019-data/colored_images/Moderate/0c76fd494af6.png,2,train
0c7e82daf5a0,/kaggle/input/datasets/sovitrath/diabetic-retinopathy-224x224-2019-data/colored_images/Moderate/0c7e82daf5a0.png,2,val
0c917c372572,/kaggle/input/datasets/sovitrath/diabetic-retinopathy-224x224-2019-data/colored_images/Severe/0c917c372572.png,3,train
0ca0aee4d57e,/kaggle/input/datasets/sovitrath/diabetic-retinopathy-224x224-2019-data/colored_images/Moderate/0ca0aee4d57e.png,2,train
0cae727cf119,/kaggle/input/datasets/sovitrath/diabetic-retinopathy-224x224-2019-data/colored_images/No_DR/0cae727cf119.png,0,val
0cb6b898389f,/kaggle/input/datasets/sovitrath/diabetic-retinopathy-224x224-2019-data/colored_images/No_DR/0cb6b898389f.png,0,train
0cbcc7b23613,/kaggle/input/datasets/sovitrath/diabetic-retinopathy-224x224-2019-data/colored_images/No_DR/0cbcc7b23613.png,0,train
0cd31078cd08,/kaggle/input/datasets/sovitrath/diabetic-retinopathy-224x224-2019-data/colored_images/No_DR/0cd31078cd08.png,0,train
0ce062f26edc,/kaggle/input/datasets/sovitrath/diabetic-retinopathy-224x224-2019-data/colored_images/No_DR/0ce062f26edc.png,0,train
0ceb222f6629,/kaggle/input/datasets/sovitrath/diabetic-retinopathy-224x224-2019-data/colored_images/Proliferate_DR/0ceb222f6629.png,4,val
0cecc2864b7f,/kaggle/input/datasets/sovitrath/diabetic-retinopathy-224x224-2019-data/colored_images/No_DR/0cecc2864b7f.png,0,train
0d0a21fd354f,/kaggle/input/datasets/sovitrath/diabetic-retinopathy-224x224-2019-data/colored_images/Moderate/0d0a21fd354f.png,2,train
0d0b8fc9ab5c,/kaggle/input/datasets/sovitrath/diabetic-retinopathy-224x224-2019-data/colored_images/No_DR/0d0b8fc9ab5c.png,0,train
0d310aba6373,/kaggle/input/datasets/sovitrath/diabetic-retinopathy-224x224-2019-data/colored_images/Mild/0d310aba6373.png,1,val
0d744aed4d64,/kaggle/input/datasets/sovitrath/diabetic-retinopathy-224x224-2019-data/colored_images/No_DR/0d744aed4d64.png,0,train
0d8f60ed9280,/kaggle/input/datasets/sovitrath/diabetic-retinopathy-224x224-2019-data/colored_images/No_DR/0d8f60ed9280.png,0,val
0d9a9896f801,/kaggle/input/datasets/sovitrath/diabetic-retinopathy-224x224-2019-data/colored_images/No_DR/0d9a9896f801.png,0,test
0da09e3ce8f1,/kaggle/input/datasets/sovitrath/diabetic-retinopathy-224x224-2019-data/colored_images/Moderate/0da09e3ce8f1.png,2,train
0da321efbce6,/kaggle/input/datasets/sovitrath/diabetic-retinopathy-224x224-2019-data/colored_images/No_DR/0da321efbce6.png,0,train
0da632ca45e0,/kaggle/input/datasets/sovitrath/diabetic-retinopathy-224x224-2019-data/colored_images/No_DR/0da632ca45e0.png,0,train
0daddc45d832,/kaggle/input/datasets/sovitrath/diabetic-retinopathy-224x224-2019-data/colored_images/No_DR/0daddc45d832.png,0,train
0db1d8dcf219,/kaggle/input/datasets/sovitrath/diabetic-retinopathy-224x224-2019-data/colored_images/No_DR/0db1d8dcf219.png,0,test
0dbaa09a458c,/kaggle/input/datasets/sovitrath/diabetic-retinopathy-224x224-2019-data/colored_images/Moderate/0dbaa09a458c.png,2,test
0dbe6c26cedc,/kaggle/input/datasets/sovitrath/diabetic-retinopathy-224x224-2019-data/colored_images/No_DR/0dbe6c26cedc.png,0,train
0dc031c94225,/kaggle/input/datasets/sovitrath/diabetic-retinopathy-224x224-2019-data/colored_images/Mild/0dc031c94225.png,1,train
0dc8d25b3f69,/kaggle/input/datasets/sovitrath/diabetic-retinopathy-224x224-2019-data/colored_images/Severe/0dc8d25b3f69.png,3,train
0dce95217626,/kaggle/input/datasets/sovitrath/diabetic-retinopathy-224x224-2019-data/colored_images/Mild/0dce95217626.png,1,train
0e0003ddd8df,/kaggle/input/datasets/sovitrath/diabetic-retinopathy-224x224-2019-data/colored_images/No_DR/0e0003ddd8df.png,0,train
0e0fc1d9810c,/kaggle/input/datasets/sovitrath/diabetic-retinopathy-224x224-2019-data/colored_images/Proliferate_DR/0e0fc1d9810c.png,4,train
0e3572b5884a,/kaggle/input/datasets/sovitrath/diabetic-retinopathy-224x224-2019-data/colored_images/No_DR/0e3572b5884a.png,0,train
0e43c8298fc0,/kaggle/input/datasets/sovitrath/diabetic-retinopathy-224x224-2019-data/colored_images/No_DR/0e43c8298fc0.png,0,test
0e75d51152fc,/kaggle/input/datasets/sovitrath/diabetic-retinopathy-224x224-2019-data/colored_images/Moderate/0e75d51152fc.png,2,test
0e82bcacc475,/kaggle/input/datasets/sovitrath/diabetic-retinopathy-224x224-2019-data/colored_images/Proliferate_DR/0e82bcacc475.png,4,test
0e94cd271c00,/kaggle/input/datasets/sovitrath/diabetic-retinopathy-224x224-2019-data/colored_images/No_DR/0e94cd271c00.png,0,train
0eb52045349f,/kaggle/input/datasets/sovitrath/diabetic-retinopathy-224x224-2019-data/colored_images/Mild/0eb52045349f.png,1,test
0eced86c9db8,/kaggle/input/datasets/sovitrath/diabetic-retinopathy-224x224-2019-data/colored_images/No_DR/0eced86c9db8.png,0,train
0edadb2aa127,/kaggle/input/datasets/sovitrath/diabetic-retinopathy-224x224-2019-data/colored_images/Severe/0edadb2aa127.png,3,val
0ef4c61dc056,/kaggle/input/datasets/sovitrath/diabetic-retinopathy-224x224-2019-data/colored_images/No_DR/0ef4c61dc056.png,0,test
0efc93ec838b,/kaggle/input/datasets/sovitrath/diabetic-retinopathy-224x224-2019-data/colored_images/Moderate/0efc93ec838b.png,2,train
0eff8eacb2f7,/kaggle/input/datasets/sovitrath/diabetic-retinopathy-224x224-2019-data/colored_images/Moderate/0eff8eacb2f7.png,2,val
0f364b7d4384,/kaggle/input/datasets/sovitrath/diabetic-retinopathy-224x224-2019-data/colored_images/No_DR/0f364b7d4384.png,0,val
0f495d87656a,/kaggle/input/datasets/sovitrath/diabetic-retinopathy-224x224-2019-data/colored_images/Mild/0f495d87656a.png,1,train
0f6e645466a2,/kaggle/input/datasets/sovitrath/diabetic-retinopathy-224x224-2019-data/colored_images/No_DR/0f6e645466a2.png,0,train
0f882877bf13,/kaggle/input/datasets/sovitrath/diabetic-retinopathy-224x224-2019-data/colored_images/Severe/0f882877bf13.png,3,train
0f96c358a250,/kaggle/input/datasets/sovitrath/diabetic-retinopathy-224x224-2019-data/colored_images/Severe/0f96c358a250.png,3,train
0fb1053285cf,/kaggle/input/datasets/sovitrath/diabetic-retinopathy-224x224-2019-data/colored_images/Mild/0fb1053285cf.png,1,train
0fb560f9adb2,/kaggle/input/datasets/sovitrath/diabetic-retinopathy-224x224-2019-data/colored_images/Moderate/0fb560f9adb2.png,2,train
0fbbd665431f,/kaggle/input/datasets/sovitrath/diabetic-retinopathy-224x224-2019-data/colored_images/No_DR/0fbbd665431f.png,0,val
0fc6829da85b,/kaggle/input/datasets/sovitrath/diabetic-retinopathy-224x224-2019-data/colored_images/No_DR/0fc6829da85b.png,0,train
0fcfc6301f3d,/kaggle/input/datasets/sovitrath/diabetic-retinopathy-224x224-2019-data/colored_images/Moderate/0fcfc6301f3d.png,2,train
0fd16b64697e,/kaggle/input/datasets/sovitrath/diabetic-retinopathy-224x224-2019-data/colored_images/Moderate/0fd16b64697e.png,2,train
0fe31196e0e8,/kaggle/input/datasets/sovitrath/diabetic-retinopathy-224x224-2019-data/colored_images/No_DR/0fe31196e0e8.png,0,train
0fffa73e2402,/kaggle/input/datasets/sovitrath/diabetic-retinopathy-224x224-2019-data/colored_images/Moderate/0fffa73e2402.png,2,train
1002b5151b8e,/kaggle/input/datasets/sovitrath/diabetic-retinopathy-224x224-2019-data/colored_images/No_DR/1002b5151b8e.png,0,val
1002f3fe38f0,/kaggle/input/datasets/sovitrath/diabetic-retinopathy-224x224-2019-data/colored_images/No_DR/1002f3fe38f0.png,0,train
1006345f70b7,/kaggle/input/datasets/sovitrath/diabetic-retinopathy-224x224-2019-data/colored_images/Moderate/1006345f70b7.png,2,train
101b9ebfc720,/kaggle/input/datasets/sovitrath/diabetic-retinopathy-224x224-2019-data/colored_images/Mild/101b9ebfc720.png,1,test
103abbd8b63e,/kaggle/input/datasets/sovitrath/diabetic-retinopathy-224x224-2019-data/colored_images/No_DR/103abbd8b63e.png,0,train
103f97a2ab15,/kaggle/input/datasets/sovitrath/diabetic-retinopathy-224x224-2019-data/colored_images/No_DR/103f97a2ab15.png,0,train
107aea0d9289,/kaggle/input/datasets/sovitrath/diabetic-retinopathy-224x224-2019-data/colored_images/Mild/107aea0d9289.png,1,train
10a5026eb8e6,/kaggle/input/datasets/sovitrath/diabetic-retinopathy-224x224-2019-data/colored_images/No_DR/10a5026eb8e6.png,0,train
10bf25731c08,/kaggle/input/datasets/sovitrath/diabetic-retinopathy-224x224-2019-data/colored_images/No_DR/10bf25731c08.png,0,train
10de500cf0c5,/kaggle/input/datasets/sovitrath/diabetic-retinopathy-224x224-2019-data/colored_images/No_DR/10de500cf0c5.png,0,train
10ecc5292ab1,/kaggle/input/datasets/sovitrath/diabetic-retinopathy-224x224-2019-data/colored_images/Moderate/10ecc5292ab1.png,2,test
10eefba568dd,/kaggle/input/datasets/sovitrath/diabetic-retinopathy-224x224-2019-data/colored_images/Moderate/10eefba568dd.png,2,train
10f10fd30718,/kaggle/input/datasets/sovitrath/diabetic-retinopathy-224x224-2019-data/colored_images/No_DR/10f10fd30718.png,0,train
10f36b0239fb,/kaggle/input/datasets/sovitrath/diabetic-retinopathy-224x224-2019-data/colored_images/Mild/10f36b0239fb.png,1,train
10f6ef37fe43,/kaggle/input/datasets/sovitrath/diabetic-retinopathy-224x224-2019-data/colored_images/No_DR/10f6ef37fe43.png,0,test
10fca1abf338,/kaggle/input/datasets/sovitrath/diabetic-retinopathy-224x224-2019-data/colored_images/Proliferate_DR/10fca1abf338.png,4,train
1116271db4ea,/kaggle/input/datasets/sovitrath/diabetic-retinopathy-224x224-2019-data/colored_images/Mild/1116271db4ea.png,1,train
111898ab463d,/kaggle/input/datasets/sovitrath/diabetic-retinopathy-224x224-2019-data/colored_images/Mild/111898ab463d.png,1,train
1120f6d08d95,/kaggle/input/datasets/sovitrath/diabetic-retinopathy-224x224-2019-data/colored_images/Moderate/1120f6d08d95.png,2,test
11242a67122d,/kaggle/input/datasets/sovitrath/diabetic-retinopathy-224x224-2019-data/colored_images/Proliferate_DR/11242a67122d.png,4,test
1124ffcd76c2,/kaggle/input/datasets/sovitrath/diabetic-retinopathy-224x224-2019-data/colored_images/Moderate/1124ffcd76c2.png,2,train
115e42dd6a81,/kaggle/input/datasets/sovitrath/diabetic-retinopathy-224x224-2019-data/colored_images/Moderate/115e42dd6a81.png,2,train
1177d583c807,/kaggle/input/datasets/sovitrath/diabetic-retinopathy-224x224-2019-data/colored_images/Moderate/1177d583c807.png,2,val
11b220a397b8,/kaggle/input/datasets/sovitrath/diabetic-retinopathy-224x224-2019-data/colored_images/No_DR/11b220a397b8.png,0,train
11b5c77fbf79,/kaggle/input/datasets/sovitrath/diabetic-retinopathy-224x224-2019-data/colored_images/Moderate/11b5c77fbf79.png,2,train
11d8e5eaee5b,/kaggle/input/datasets/sovitrath/diabetic-retinopathy-224x224-2019-data/colored_images/No_DR/11d8e5eaee5b.png,0,train
12025b34deb8,/kaggle/input/datasets/sovitrath/diabetic-retinopathy-224x224-2019-data/colored_images/Moderate/12025b34deb8.png,2,train
12058bbb8299,/kaggle/input/datasets/sovitrath/diabetic-retinopathy-224x224-2019-data/colored_images/No_DR/12058bbb8299.png,0,train
1269ab57c2e6,/kaggle/input/datasets/sovitrath/diabetic-retinopathy-224x224-2019-data/colored_images/Moderate/1269ab57c2e6.png,2,train
12a82fc7d73e,/kaggle/input/datasets/sovitrath/diabetic-retinopathy-224x224-2019-data/colored_images/Moderate/12a82fc7d73e.png,2,test
12ab2f6397f0,/kaggle/input/datasets/sovitrath/diabetic-retinopathy-224x224-2019-data/colored_images/No_DR/12ab2f6397f0.png,0,train
12ae44be0d38,/kaggle/input/datasets/sovitrath/diabetic-retinopathy-224x224-2019-data/colored_images/No_DR/12ae44be0d38.png,0,train
12b57dac703e,/kaggle/input/datasets/sovitrath/diabetic-retinopathy-224x224-2019-data/colored_images/No_DR/12b57dac703e.png,0,train
12bc439d373a,/kaggle/input/datasets/sovitrath/diabetic-retinopathy-224x224-2019-data/colored_images/No_DR/12bc439d373a.png,0,train
12ce6a1a1f31,/kaggle/input/datasets/sovitrath/diabetic-retinopathy-224x224-2019-data/colored_images/Mild/12ce6a1a1f31.png,1,train
12e3f5f2cb17,/kaggle/input/datasets/sovitrath/diabetic-retinopathy-224x224-2019-data/colored_images/Mild/12e3f5f2cb17.png,1,train
12e6e66c80a7,/kaggle/input/datasets/sovitrath/diabetic-retinopathy-224x224-2019-data/colored_images/Moderate/12e6e66c80a7.png,2,train
12ef75375322,/kaggle/input/datasets/sovitrath/diabetic-retinopathy-224x224-2019-data/colored_images/No_DR/12ef75375322.png,0,train
13063d1bc4ea,/kaggle/input/datasets/sovitrath/diabetic-retinopathy-224x224-2019-data/colored_images/Moderate/13063d1bc4ea.png,2,train
13073f075a56,/kaggle/input/datasets/sovitrath/diabetic-retinopathy-224x224-2019-data/colored_images/No_DR/13073f075a56.png,0,test
135575dc57c9,/kaggle/input/datasets/sovitrath/diabetic-retinopathy-224x224-2019-data/colored_images/Moderate/135575dc57c9.png,2,test
13ab8db8c700,/kaggle/input/datasets/sovitrath/diabetic-retinopathy-224x224-2019-data/colored_images/Mild/13ab8db8c700.png,1,train
13c191b59ed0,/kaggle/input/datasets/sovitrath/diabetic-retinopathy-224x224-2019-data/colored_images/No_DR/13c191b59ed0.png,0,test
13d014ccd136,/kaggle/input/datasets/sovitrath/diabetic-retinopathy-224x224-2019-data/colored_images/No_DR/13d014ccd136.png,0,train
13d411c85ffd,/kaggle/input/datasets/sovitrath/diabetic-retinopathy-224x224-2019-data/colored_images/No_DR/13d411c85ffd.png,0,train
13d71389563f,/kaggle/input/datasets/sovitrath/diabetic-retinopathy-224x224-2019-data/colored_images/Moderate/13d71389563f.png,2,train
1409ab48175a,/kaggle/input/datasets/sovitrath/diabetic-retinopathy-224x224-2019-data/colored_images/No_DR/1409ab48175a.png,0,train
1411c8ab7161,/kaggle/input/datasets/sovitrath/diabetic-retinopathy-224x224-2019-data/colored_images/Moderate/1411c8ab7161.png,2,train
1414128bead0,/kaggle/input/datasets/sovitrath/diabetic-retinopathy-224x224-2019-data/colored_images/Moderate/1414128bead0.png,2,test
141735b57ec0,/kaggle/input/datasets/sovitrath/diabetic-retinopathy-224x224-2019-data/colored_images/Moderate/141735b57ec0.png,2,train
1438288bb2e1,/kaggle/input/datasets/sovitrath/diabetic-retinopathy-224x224-2019-data/colored_images/Moderate/1438288bb2e1.png,2,train
143db89c11c8,/kaggle/input/datasets/sovitrath/diabetic-retinopathy-224x224-2019-data/colored_images/No_DR/143db89c11c8.png,0,train
144a1a426137,/kaggle/input/datasets/sovitrath/diabetic-retinopathy-224x224-2019-data/colored_images/Moderate/144a1a426137.png,2,val
144b01e7b993,/kaggle/input/datasets/sovitrath/diabetic-retinopathy-224x224-2019-data/colored_images/Moderate/144b01e7b993.png,2,test
14515b8f19b6,/kaggle/input/datasets/sovitrath/diabetic-retinopathy-224x224-2019-data/colored_images/Moderate/14515b8f19b6.png,2,train
14c3b41d289c,/kaggle/input/datasets/sovitrath/diabetic-retinopathy-224x224-2019-data/colored_images/No_DR/14c3b41d289c.png,0,train
14ee87d6cc42,/kaggle/input/datasets/sovitrath/diabetic-retinopathy-224x224-2019-data/colored_images/Moderate/14ee87d6cc42.png,2,train
1509d097b69a,/kaggle/input/datasets/sovitrath/diabetic-retinopathy-224x224-2019-data/colored_images/No_DR/1509d097b69a.png,0,val
150f92b45349,/kaggle/input/datasets/sovitrath/diabetic-retinopathy-224x224-2019-data/colored_images/No_DR/150f92b45349.png,0,train
150fc7127582,/kaggle/input/datasets/sovitrath/diabetic-retinopathy-224x224-2019-data/colored_images/No_DR/150fc7127582.png,0,test
152db3de8120,/kaggle/input/datasets/sovitrath/diabetic-retinopathy-224x224-2019-data/colored_images/No_DR/152db3de8120.png,0,train
1541226c5d72,/kaggle/input/datasets/sovitrath/diabetic-retinopathy-224x224-2019-data/colored_images/Moderate/1541226c5d72.png,2,train
15528e740543,/kaggle/input/datasets/sovitrath/diabetic-retinopathy-224x224-2019-data/colored_images/Moderate/15528e740543.png,2,train
155e2df6bfcf,/kaggle/input/datasets/sovitrath/diabetic-retinopathy-224x224-2019-data/colored_images/No_DR/155e2df6bfcf.png,0,train
157d17349cc6,/kaggle/input/datasets/sovitrath/diabetic-retinopathy-224x224-2019-data/colored_images/Moderate/157d17349cc6.png,2,train
1594ca6c30d3,/kaggle/input/datasets/sovitrath/diabetic-retinopathy-224x224-2019-data/colored_images/Moderate/1594ca6c30d3.png,2,train
15b21c80cc31,/kaggle/input/datasets/sovitrath/diabetic-retinopathy-224x224-2019-data/colored_images/No_DR/15b21c80cc31.png,0,train
15bed5adde74,/kaggle/input/datasets/sovitrath/diabetic-retinopathy-224x224-2019-data/colored_images/Severe/15bed5adde74.png,3,val
15c24478ac72,/kaggle/input/datasets/sovitrath/diabetic-retinopathy-224x224-2019-data/colored_images/No_DR/15c24478ac72.png,0,test
15cc2aef772a,/kaggle/input/datasets/sovitrath/diabetic-retinopathy-224x224-2019-data/colored_images/Mild/15cc2aef772a.png,1,train
15cd5f52d300,/kaggle/input/datasets/sovitrath/diabetic-retinopathy-224x224-2019-data/colored_images/Moderate/15cd5f52d300.png,2,test
15e24b73d4a7,/kaggle/input/datasets/sovitrath/diabetic-retinopathy-224x224-2019-data/colored_images/No_DR/15e24b73d4a7.png,0,train
15e96e848b46,/kaggle/input/datasets/sovitrath/diabetic-retinopathy-224x224-2019-data/colored_images/Proliferate_DR/15e96e848b46.png,4,train
15f440753916,/kaggle/input/datasets/sovitrath/diabetic-retinopathy-224x224-2019-data/colored_images/Severe/15f440753916.png,3,train
15f8d769935c,/kaggle/input/datasets/sovitrath/diabetic-retinopathy-224x224-2019-data/colored_images/No_DR/15f8d769935c.png,0,val
1601c939412f,/kaggle/input/datasets/sovitrath/diabetic-retinopathy-224x224-2019-data/colored_images/No_DR/1601c939412f.png,0,train
16060f05d047,/kaggle/input/datasets/sovitrath/diabetic-retinopathy-224x224-2019-data/colored_images/No_DR/16060f05d047.png,0,train
1608c82a263f,/kaggle/input/datasets/sovitrath/diabetic-retinopathy-224x224-2019-data/colored_images/No_DR/1608c82a263f.png,0,train
1623e8e3adc4,/kaggle/input/datasets/sovitrath/diabetic-retinopathy-224x224-2019-data/colored_images/Severe/1623e8e3adc4.png,3,val
1633f8291a80,/kaggle/input/datasets/sovitrath/diabetic-retinopathy-224x224-2019-data/colored_images/No_DR/1633f8291a80.png,0,train
1638404f385c,/kaggle/input/datasets/sovitrath/diabetic-retinopathy-224x224-2019-data/colored_images/Proliferate_DR/1638404f385c.png,4,train
164cd5a3a6cd,/kaggle/input/datasets/sovitrath/diabetic-retinopathy-224x224-2019-data/colored_images/No_DR/164cd5a3a6cd.png,0,train
165634a6167e,/kaggle/input/datasets/sovitrath/diabetic-retinopathy-224x224-2019-data/colored_images/No_DR/165634a6167e.png,0,train
165c548185f8,/kaggle/input/datasets/sovitrath/diabetic-retinopathy-224x224-2019-data/colored_images/No_DR/165c548185f8.png,0,test
165cd2070ebd,/kaggle/input/datasets/sovitrath/diabetic-retinopathy-224x224-2019-data/colored_images/Proliferate_DR/165cd2070ebd.png,4,val
166068a24416,/kaggle/input/datasets/sovitrath/diabetic-retinopathy-224x224-2019-data/colored_images/Severe/166068a24416.png,3,train
17188c13e635,/kaggle/input/datasets/sovitrath/diabetic-retinopathy-224x224-2019-data/colored_images/Moderate/17188c13e635.png,2,train
172df1330a60,/kaggle/input/datasets/sovitrath/diabetic-retinopathy-224x224-2019-data/colored_images/Mild/172df1330a60.png,1,train
174db0854291,/kaggle/input/datasets/sovitrath/diabetic-retinopathy-224x224-2019-data/colored_images/No_DR/174db0854291.png,0,train
175dd560810a,/kaggle/input/datasets/sovitrath/diabetic-retinopathy-224x224-2019-data/colored_images/Moderate/175dd560810a.png,2,train
1782142e17d9,/kaggle/input/datasets/sovitrath/diabetic-retinopathy-224x224-2019-data/colored_images/No_DR/1782142e17d9.png,0,val
178412895d5e,/kaggle/input/datasets/sovitrath/diabetic-retinopathy-224x224-2019-data/colored_images/No_DR/178412895d5e.png,0,train
17d7d6b092f4,/kaggle/input/datasets/sovitrath/diabetic-retinopathy-224x224-2019-data/colored_images/No_DR/17d7d6b092f4.png,0,train
17d997fe1090,/kaggle/input/datasets/sovitrath/diabetic-retinopathy-224x224-2019-data/colored_images/No_DR/17d997fe1090.png,0,val
17e6116b89b3,/kaggle/input/datasets/sovitrath/diabetic-retinopathy-224x224-2019-data/colored_images/No_DR/17e6116b89b3.png,0,train
17eb5d4ad740,/kaggle/input/datasets/sovitrath/diabetic-retinopathy-224x224-2019-data/colored_images/Moderate/17eb5d4ad740.png,2,train
17eff993386f,/kaggle/input/datasets/sovitrath/diabetic-retinopathy-224x224-2019-data/colored_images/Mild/17eff993386f.png,1,train
17f6c7072f61,/kaggle/input/datasets/sovitrath/diabetic-retinopathy-224x224-2019-data/colored_images/No_DR/17f6c7072f61.png,0,train
180afe1d5ef7,/kaggle/input/datasets/sovitrath/diabetic-retinopathy-224x224-2019-data/colored_images/Moderate/180afe1d5ef7.png,2,train
18323d8f2470,/kaggle/input/datasets/sovitrath/diabetic-retinopathy-224x224-2019-data/colored_images/Moderate/18323d8f2470.png,2,train
1844a039b4ea,/kaggle/input/datasets/sovitrath/diabetic-retinopathy-224x224-2019-data/colored_images/Moderate/1844a039b4ea.png,2,train
184a185e7447,/kaggle/input/datasets/sovitrath/diabetic-retinopathy-224x224-2019-data/colored_images/No_DR/184a185e7447.png,0,train
18621b9ca978,/kaggle/input/datasets/sovitrath/diabetic-retinopathy-224x224-2019-data/colored_images/No_DR/18621b9ca978.png,0,train
1864d3411143,/kaggle/input/datasets/sovitrath/diabetic-retinopathy-224x224-2019-data/colored_images/No_DR/1864d3411143.png,0,train
186c1835eec5,/kaggle/input/datasets/sovitrath/diabetic-retinopathy-224x224-2019-data/colored_images/No_DR/186c1835eec5.png,0,train
187f6ccda87a,/kaggle/input/datasets/sovitrath/diabetic-retinopathy-224x224-2019-data/colored_images/Proliferate_DR/187f6ccda87a.png,4,val
188219f2d9c6,/kaggle/input/datasets/sovitrath/diabetic-retinopathy-224x224-2019-data/colored_images/No_DR/188219f2d9c6.png,0,train
188a9323be03,/kaggle/input/datasets/sovitrath/diabetic-retinopathy-224x224-2019-data/colored_images/Moderate/188a9323be03.png,2,train
1891698febce,/kaggle/input/datasets/sovitrath/diabetic-retinopathy-224x224-2019-data/colored_images/No_DR/1891698febce.png,0,train
189cbbc9e5e3,/kaggle/input/datasets/sovitrath/diabetic-retinopathy-224x224-2019-data/colored_images/No_DR/189cbbc9e5e3.png,0,train
18af532e7e1e,/kaggle/input/datasets/sovitrath/diabetic-retinopathy-224x224-2019-data/colored_images/Moderate/18af532e7e1e.png,2,train
18b06f56ab27,/kaggle/input/datasets/sovitrath/diabetic-retinopathy-224x224-2019-data/colored_images/Mild/18b06f56ab27.png,1,train
18b7e34eab8f,/kaggle/input/datasets/sovitrath/diabetic-retinopathy-224x224-2019-data/colored_images/No_DR/18b7e34eab8f.png,0,train
18b99159a14f,/kaggle/input/datasets/sovitrath/diabetic-retinopathy-224x224-2019-data/colored_images/No_DR/18b99159a14f.png,0,train
18cde9649e90,/kaggle/input/datasets/sovitrath/diabetic-retinopathy-224x224-2019-data/colored_images/No_DR/18cde9649e90.png,0,train
18ce0cdc473d,/kaggle/input/datasets/sovitrath/diabetic-retinopathy-224x224-2019-data/colored_images/No_DR/18ce0cdc473d.png,0,test
18d8fdb140b7,/kaggle/input/datasets/sovitrath/diabetic-retinopathy-224x224-2019-data/colored_images/Moderate/18d8fdb140b7.png,2,train
18f1f979d30d,/kaggle/input/datasets/sovitrath/diabetic-retinopathy-224x224-2019-data/colored_images/Moderate/18f1f979d30d.png,2,train
190a309f2cc5,/kaggle/input/datasets/sovitrath/diabetic-retinopathy-224x224-2019-data/colored_images/No_DR/190a309f2cc5.png,0,train
19113e5f45ec,/kaggle/input/datasets/sovitrath/diabetic-retinopathy-224x224-2019-data/colored_images/Moderate/19113e5f45ec.png,2,train
191348830ddf,/kaggle/input/datasets/sovitrath/diabetic-retinopathy-224x224-2019-data/colored_images/Moderate/191348830ddf.png,2,train
191a711852bd,/kaggle/input/datasets/sovitrath/diabetic-retinopathy-224x224-2019-data/colored_images/Severe/191a711852bd.png,3,train
191cf5668f33,/kaggle/input/datasets/sovitrath/diabetic-retinopathy-224x224-2019-data/colored_images/No_DR/191cf5668f33.png,0,train
19244004583f,/kaggle/input/datasets/sovitrath/diabetic-retinopathy-224x224-2019-data/colored_images/Severe/19244004583f.png,3,val
1943983492e5,/kaggle/input/datasets/sovitrath/diabetic-retinopathy-224x224-2019-data/colored_images/Moderate/1943983492e5.png,2,train
194814669fee,/kaggle/input/datasets/sovitrath/diabetic-retinopathy-224x224-2019-data/colored_images/Mild/194814669fee.png,1,train
19545647508e,/kaggle/input/datasets/sovitrath/diabetic-retinopathy-224x224-2019-data/colored_images/No_DR/19545647508e.png,0,train
1968183f0e61,/kaggle/input/datasets/sovitrath/diabetic-retinopathy-224x224-2019-data/colored_images/Moderate/1968183f0e61.png,2,train
196e6a186452,/kaggle/input/datasets/sovitrath/diabetic-retinopathy-224x224-2019-data/colored_images/Moderate/196e6a186452.png,2,val
19722bff5a09,/kaggle/input/datasets/sovitrath/diabetic-retinopathy-224x224-2019-data/colored_images/Mild/19722bff5a09.png,1,train
197af0de76e2,/kaggle/input/datasets/sovitrath/diabetic-retinopathy-224x224-2019-data/colored_images/No_DR/197af0de76e2.png,0,train
19b0e3c734f5,/kaggle/input/datasets/sovitrath/diabetic-retinopathy-224x224-2019-data/colored_images/No_DR/19b0e3c734f5.png,0,test
19ef4d292196,/kaggle/input/datasets/sovitrath/diabetic-retinopathy-224x224-2019-data/colored_images/Proliferate_DR/19ef4d292196.png,4,train
1a03a7970337,/kaggle/input/datasets/sovitrath/diabetic-retinopathy-224x224-2019-data/colored_images/Mild/1a03a7970337.png,1,train
1a0dbc6c0cda,/kaggle/input/datasets/sovitrath/diabetic-retinopathy-224x224-2019-data/colored_images/No_DR/1a0dbc6c0cda.png,0,train
1a19f2ef4472,/kaggle/input/datasets/sovitrath/diabetic-retinopathy-224x224-2019-data/colored_images/No_DR/1a19f2ef4472.png,0,train
1a1b4b2450ca,/kaggle/input/datasets/sovitrath/diabetic-retinopathy-224x224-2019-data/colored_images/Moderate/1a1b4b2450ca.png,2,train
1a1e974a7dbf,/kaggle/input/datasets/sovitrath/diabetic-retinopathy-224x224-2019-data/colored_images/No_DR/1a1e974a7dbf.png,0,train
1a369baf9ee6,/kaggle/input/datasets/sovitrath/diabetic-retinopathy-224x224-2019-data/colored_images/Moderate/1a369baf9ee6.png,2,train
1a7e3356b39c,/kaggle/input/datasets/sovitrath/diabetic-retinopathy-224x224-2019-data/colored_images/Proliferate_DR/1a7e3356b39c.png,4,train
1a90fad9ffa2,/kaggle/input/datasets/sovitrath/diabetic-retinopathy-224x224-2019-data/colored_images/Proliferate_DR/1a90fad9ffa2.png,4,train
1ab3f1c71a5f,/kaggle/input/datasets/sovitrath/diabetic-retinopathy-224x224-2019-data/colored_images/Severe/1ab3f1c71a5f.png,3,train
1ab8d3431ffc,/kaggle/input/datasets/sovitrath/diabetic-retinopathy-224x224-2019-data/colored_images/No_DR/1ab8d3431ffc.png,0,train
1ade1e949383,/kaggle/input/datasets/sovitrath/diabetic-retinopathy-224x224-2019-data/colored_images/Moderate/1ade1e949383.png,2,test
1ae3c58759fb,/kaggle/input/datasets/sovitrath/diabetic-retinopathy-224x224-2019-data/colored_images/No_DR/1ae3c58759fb.png,0,train
1ae8c165fd53,/kaggle/input/datasets/sovitrath/diabetic-retinopathy-224x224-2019-data/colored_images/Moderate/1ae8c165fd53.png,2,val
1b329a127307,/kaggle/input/datasets/sovitrath/diabetic-retinopathy-224x224-2019-data/colored_images/Mild/1b329a127307.png,1,train
1b32e1d775ea,/kaggle/input/datasets/sovitrath/diabetic-retinopathy-224x224-2019-data/colored_images/Proliferate_DR/1b32e1d775ea.png,4,train
1b3647865779,/kaggle/input/datasets/sovitrath/diabetic-retinopathy-224x224-2019-data/colored_images/No_DR/1b3647865779.png,0,train
1b398c0494d1,/kaggle/input/datasets/sovitrath/diabetic-retinopathy-224x224-2019-data/colored_images/No_DR/1b398c0494d1.png,0,train
1b4625877527,/kaggle/input/datasets/sovitrath/diabetic-retinopathy-224x224-2019-data/colored_images/Moderate/1b4625877527.png,2,train
1b495ac025b7,/kaggle/input/datasets/sovitrath/diabetic-retinopathy-224x224-2019-data/colored_images/Severe/1b495ac025b7.png,3,test
1b862fb6f65d,/kaggle/input/datasets/sovitrath/diabetic-retinopathy-224x224-2019-data/colored_images/No_DR/1b862fb6f65d.png,0,train
1b8701231c8f,/kaggle/input/datasets/sovitrath/diabetic-retinopathy-224x224-2019-data/colored_images/No_DR/1b8701231c8f.png,0,train
1b8ad0afe9fb,/kaggle/input/datasets/sovitrath/diabetic-retinopathy-224x224-2019-data/colored_images/Moderate/1b8ad0afe9fb.png,2,train
1bb0ddfe753a,/kaggle/input/datasets/sovitrath/diabetic-retinopathy-224x224-2019-data/colored_images/Mild/1bb0ddfe753a.png,1,test
1bea04b2bb2d,/kaggle/input/datasets/sovitrath/diabetic-retinopathy-224x224-2019-data/colored_images/Moderate/1bea04b2bb2d.png,2,val
1bf30c84bbad,/kaggle/input/datasets/sovitrath/diabetic-retinopathy-224x224-2019-data/colored_images/Proliferate_DR/1bf30c84bbad.png,4,train
1c0cf251b426,/kaggle/input/datasets/sovitrath/diabetic-retinopathy-224x224-2019-data/colored_images/Mild/1c0cf251b426.png,1,train
1c0e5dd1b14c,/kaggle/input/datasets/sovitrath/diabetic-retinopathy-224x224-2019-data/colored_images/Moderate/1c0e5dd1b14c.png,2,train
1c13a1483f4a,/kaggle/input/datasets/sovitrath/diabetic-retinopathy-224x224-2019-data/colored_images/No_DR/1c13a1483f4a.png,0,train
1c3a6b4449e9,/kaggle/input/datasets/sovitrath/diabetic-retinopathy-224x224-2019-data/colored_images/Mild/1c3a6b4449e9.png,1,train
1c47815f4a6b,/kaggle/input/datasets/sovitrath/diabetic-retinopathy-224x224-2019-data/colored_images/No_DR/1c47815f4a6b.png,0,train
1c4f3aa4df06,/kaggle/input/datasets/sovitrath/diabetic-retinopathy-224x224-2019-data/colored_images/Proliferate_DR/1c4f3aa4df06.png,4,train
1c578b72d7b3,/kaggle/input/datasets/sovitrath/diabetic-retinopathy-224x224-2019-data/colored_images/Moderate/1c578b72d7b3.png,2,test
1c5ad36fb799,/kaggle/input/datasets/sovitrath/diabetic-retinopathy-224x224-2019-data/colored_images/Moderate/1c5ad36fb799.png,2,train
1c5e6cdc7ee1,/kaggle/input/datasets/sovitrath/diabetic-retinopathy-224x224-2019-data/colored_images/Moderate/1c5e6cdc7ee1.png,2,train
1c6d119c3d70,/kaggle/input/datasets/sovitrath/diabetic-retinopathy-224x224-2019-data/colored_images/Moderate/1c6d119c3d70.png,2,train
1c7a013eeba7,/kaggle/input/datasets/sovitrath/diabetic-retinopathy-224x224-2019-data/colored_images/No_DR/1c7a013eeba7.png,0,train
1c9521878baf,/kaggle/input/datasets/sovitrath/diabetic-retinopathy-224x224-2019-data/colored_images/Severe/1c9521878baf.png,3,val
1ca35d483772,/kaggle/input/datasets/sovitrath/diabetic-retinopathy-224x224-2019-data/colored_images/No_DR/1ca35d483772.png,0,val
1ca62b3e4fd3,/kaggle/input/datasets/sovitrath/diabetic-retinopathy-224x224-2019-data/colored_images/No_DR/1ca62b3e4fd3.png,0,train
1ca91751be4d,/kaggle/input/datasets/sovitrath/diabetic-retinopathy-224x224-2019-data/colored_images/No_DR/1ca91751be4d.png,0,train
1caba2fb38f6,/kaggle/input/datasets/sovitrath/diabetic-retinopathy-224x224-2019-data/colored_images/No_DR/1caba2fb38f6.png,0,train
1cb6961d141c,/kaggle/input/datasets/sovitrath/diabetic-retinopathy-224x224-2019-data/colored_images/No_DR/1cb6961d141c.png,0,val
1cb814ed6332,/kaggle/input/datasets/sovitrath/diabetic-retinopathy-224x224-2019-data/colored_images/Moderate/1cb814ed6332.png,2,train
1cc58b15f466,/kaggle/input/datasets/sovitrath/diabetic-retinopathy-224x224-2019-data/colored_images/No_DR/1cc58b15f466.png,0,val
1d0b93317aa8,/kaggle/input/datasets/sovitrath/diabetic-retinopathy-224x224-2019-data/colored_images/No_DR/1d0b93317aa8.png,0,train
1d11794057ff,/kaggle/input/datasets/sovitrath/diabetic-retinopathy-224x224-2019-data/colored_images/Mild/1d11794057ff.png,1,train
1d14dd912671,/kaggle/input/datasets/sovitrath/diabetic-retinopathy-224x224-2019-data/colored_images/Moderate/1d14dd912671.png,2,train
1d2472849dce,/kaggle/input/datasets/sovitrath/diabetic-retinopathy-224x224-2019-data/colored_images/No_DR/1d2472849dce.png,0,test
1d29cb2f4296,/kaggle/input/datasets/sovitrath/diabetic-retinopathy-224x224-2019-data/colored_images/No_DR/1d29cb2f4296.png,0,test
1d37f1c8b6d8,/kaggle/input/datasets/sovitrath/diabetic-retinopathy-224x224-2019-data/colored_images/No_DR/1d37f1c8b6d8.png,0,train
1d3e9b939732,/kaggle/input/datasets/sovitrath/diabetic-retinopathy-224x224-2019-data/colored_images/No_DR/1d3e9b939732.png,0,test
1d46f1326394,/kaggle/input/datasets/sovitrath/diabetic-retinopathy-224x224-2019-data/colored_images/No_DR/1d46f1326394.png,0,train
1d55e689cf84,/kaggle/input/datasets/sovitrath/diabetic-retinopathy-224x224-2019-data/colored_images/Moderate/1d55e689cf84.png,2,train
1d674e2e32e0,/kaggle/input/datasets/sovitrath/diabetic-retinopathy-224x224-2019-data/colored_images/Mild/1d674e2e32e0.png,1,train
1d74c4713e21,/kaggle/input/datasets/sovitrath/diabetic-retinopathy-224x224-2019-data/colored_images/No_DR/1d74c4713e21.png,0,val
1da25637859b,/kaggle/input/datasets/sovitrath/diabetic-retinopathy-224x224-2019-data/colored_images/Moderate/1da25637859b.png,2,train
1da4a17c18c9,/kaggle/input/datasets/sovitrath/diabetic-retinopathy-224x224-2019-data/colored_images/No_DR/1da4a17c18c9.png,0,train
1db0393cdbc1,/kaggle/input/datasets/sovitrath/diabetic-retinopathy-224x224-2019-data/colored_images/No_DR/1db0393cdbc1.png,0,train
1db18bdd43aa,/kaggle/input/datasets/sovitrath/diabetic-retinopathy-224x224-2019-data/colored_images/Moderate/1db18bdd43aa.png,2,test
1db6bb46c102,/kaggle/input/datasets/sovitrath/diabetic-retinopathy-224x224-2019-data/colored_images/No_DR/1db6bb46c102.png,0,train
1dbdc32c17db,/kaggle/input/datasets/sovitrath/diabetic-retinopathy-224x224-2019-data/colored_images/Moderate/1dbdc32c17db.png,2,train
1dd9adcbfff4,/kaggle/input/datasets/sovitrath/diabetic-retinopathy-224x224-2019-data/colored_images/Moderate/1dd9adcbfff4.png,2,test
1df0431bfa73,/kaggle/input/datasets/sovitrath/diabetic-retinopathy-224x224-2019-data/colored_images/No_DR/1df0431bfa73.png,0,train
1df0a4c23c95,/kaggle/input/datasets/sovitrath/diabetic-retinopathy-224x224-2019-data/colored_images/No_DR/1df0a4c23c95.png,0,train
1df1530b9b8d,/kaggle/input/datasets/sovitrath/diabetic-retinopathy-224x224-2019-data/colored_images/No_DR/1df1530b9b8d.png,0,test
1df3e03a8f5f,/kaggle/input/datasets/sovitrath/diabetic-retinopathy-224x224-2019-data/colored_images/Mild/1df3e03a8f5f.png,1,train
1dfbede13143,/kaggle/input/datasets/sovitrath/diabetic-retinopathy-224x224-2019-data/colored_images/Moderate/1dfbede13143.png,2,train
1dfe599d12a9,/kaggle/input/datasets/sovitrath/diabetic-retinopathy-224x224-2019-data/colored_images/No_DR/1dfe599d12a9.png,0,train
1e036f2e7095,/kaggle/input/datasets/sovitrath/diabetic-retinopathy-224x224-2019-data/colored_images/No_DR/1e036f2e7095.png,0,train
1e1fb019710d,/kaggle/input/datasets/sovitrath/diabetic-retinopathy-224x224-2019-data/colored_images/Moderate/1e1fb019710d.png,2,train
1e4650743fa2,/kaggle/input/datasets/sovitrath/diabetic-retinopathy-224x224-2019-data/colored_images/Moderate/1e4650743fa2.png,2,train
1e4b3b823b95,/kaggle/input/datasets/sovitrath/diabetic-retinopathy-224x224-2019-data/colored_images/Moderate/1e4b3b823b95.png,2,val
1e742358e0b9,/kaggle/input/datasets/sovitrath/diabetic-retinopathy-224x224-2019-data/colored_images/No_DR/1e742358e0b9.png,0,test
1e7ccd4a1c87,/kaggle/input/datasets/sovitrath/diabetic-retinopathy-224x224-2019-data/colored_images/No_DR/1e7ccd4a1c87.png,0,test
1e8a1fdee5b9,/kaggle/input/datasets/sovitrath/diabetic-retinopathy-224x224-2019-data/colored_images/Mild/1e8a1fdee5b9.png,1,train
1e8c31e29dd3,/kaggle/input/datasets/sovitrath/diabetic-retinopathy-224x224-2019-data/colored_images/No_DR/1e8c31e29dd3.png,0,test
1e9224ccca95,/kaggle/input/datasets/sovitrath/diabetic-retinopathy-224x224-2019-data/colored_images/Proliferate_DR/1e9224ccca95.png,4,train
1ec95179cdfe,/kaggle/input/datasets/sovitrath/diabetic-retinopathy-224x224-2019-data/colored_images/No_DR/1ec95179cdfe.png,0,val
1ee1eb7943db,/kaggle/input/datasets/sovitrath/diabetic-retinopathy-224x224-2019-data/colored_images/Moderate/1ee1eb7943db.png,2,train
1ee355480567,/kaggle/input/datasets/sovitrath/diabetic-retinopathy-224x224-2019-data/colored_images/No_DR/1ee355480567.png,0,train
1eee55494271,/kaggle/input/datasets/sovitrath/diabetic-retinopathy-224x224-2019-data/colored_images/No_DR/1eee55494271.png,0,test
1efa5d443707,/kaggle/input/datasets/sovitrath/diabetic-retinopathy-224x224-2019-data/colored_images/Proliferate_DR/1efa5d443707.png,4,train
1f0e223b8055,/kaggle/input/datasets/sovitrath/diabetic-retinopathy-224x224-2019-data/colored_images/Moderate/1f0e223b8055.png,2,train
1f15ca672675,/kaggle/input/datasets/sovitrath/diabetic-retinopathy-224x224-2019-data/colored_images/No_DR/1f15ca672675.png,0,test
1f31701dd61b,/kaggle/input/datasets/sovitrath/diabetic-retinopathy-224x224-2019-data/colored_images/No_DR/1f31701dd61b.png,0,train
1f3f32efaf20,/kaggle/input/datasets/sovitrath/diabetic-retinopathy-224x224-2019-data/colored_images/No_DR/1f3f32efaf20.png,0,val
1f4bf8e28b41,/kaggle/input/datasets/sovitrath/diabetic-retinopathy-224x224-2019-data/colored_images/Moderate/1f4bf8e28b41.png,2,val
1f4fb37e0854,/kaggle/input/datasets/sovitrath/diabetic-retinopathy-224x224-2019-data/colored_images/No_DR/1f4fb37e0854.png,0,train
1f543a86c4d4,/kaggle/input/datasets/sovitrath/diabetic-retinopathy-224x224-2019-data/colored_images/Moderate/1f543a86c4d4.png,2,train
1f5496352859,/kaggle/input/datasets/sovitrath/diabetic-retinopathy-224x224-2019-data/colored_images/No_DR/1f5496352859.png,0,train
1f63d44d9e3c,/kaggle/input/datasets/sovitrath/diabetic-retinopathy-224x224-2019-data/colored_images/Moderate/1f63d44d9e3c.png,2,val
1f9ccda4ddf2,/kaggle/input/datasets/sovitrath/diabetic-retinopathy-224x224-2019-data/colored_images/No_DR/1f9ccda4ddf2.png,0,train
1faf8664816c,/kaggle/input/datasets/sovitrath/diabetic-retinopathy-224x224-2019-data/colored_images/No_DR/1faf8664816c.png,0,train
1fb455685328,/kaggle/input/datasets/sovitrath/diabetic-retinopathy-224x224-2019-data/colored_images/No_DR/1fb455685328.png,0,train
1fd5d860d4d7,/kaggle/input/datasets/sovitrath/diabetic-retinopathy-224x224-2019-data/colored_images/Proliferate_DR/1fd5d860d4d7.png,4,train
1fddd7c98fd2,/kaggle/input/datasets/sovitrath/diabetic-retinopathy-224x224-2019-data/colored_images/No_DR/1fddd7c98fd2.png,0,train
1ffaa51a6245,/kaggle/input/datasets/sovitrath/diabetic-retinopathy-224x224-2019-data/colored_images/Moderate/1ffaa51a6245.png,2,train
200d947f75db,/kaggle/input/datasets/sovitrath/diabetic-retinopathy-224x224-2019-data/colored_images/Mild/200d947f75db.png,1,train
2017cd92c63d,/kaggle/input/datasets/sovitrath/diabetic-retinopathy-224x224-2019-data/colored_images/Proliferate_DR/2017cd92c63d.png,4,train
201f6e10c108,/kaggle/input/datasets/sovitrath/diabetic-retinopathy-224x224-2019-data/colored_images/No_DR/201f6e10c108.png,0,val
201f882365d3,/kaggle/input/datasets/sovitrath/diabetic-retinopathy-224x224-2019-data/colored_images/No_DR/201f882365d3.png,0,test
203275daf46d,/kaggle/input/datasets/sovitrath/diabetic-retinopathy-224x224-2019-data/colored_images/Moderate/203275daf46d.png,2,val
20404ec7b518,/kaggle/input/datasets/sovitrath/diabetic-retinopathy-224x224-2019-data/colored_images/Moderate/20404ec7b518.png,2,test
20688cb25704,/kaggle/input/datasets/sovitrath/diabetic-retinopathy-224x224-2019-data/colored_images/Moderate/20688cb25704.png,2,train
207a580de0ea,/kaggle/input/datasets/sovitrath/diabetic-retinopathy-224x224-2019-data/colored_images/Moderate/207a580de0ea.png,2,train
207dd0487264,/kaggle/input/datasets/sovitrath/diabetic-retinopathy-224x224-2019-data/colored_images/No_DR/207dd0487264.png,0,train
20c883d3bd38,/kaggle/input/datasets/sovitrath/diabetic-retinopathy-224x224-2019-data/colored_images/Moderate/20c883d3bd38.png,2,train
20d5fdd450ae,/kaggle/input/datasets/sovitrath/diabetic-retinopathy-224x224-2019-data/colored_images/Proliferate_DR/20d5fdd450ae.png,4,train
20f86e068276,/kaggle/input/datasets/sovitrath/diabetic-retinopathy-224x224-2019-data/colored_images/No_DR/20f86e068276.png,0,train
21037f5c7790,/kaggle/input/datasets/sovitrath/diabetic-retinopathy-224x224-2019-data/colored_images/No_DR/21037f5c7790.png,0,test
210bfe0127c6,/kaggle/input/datasets/sovitrath/diabetic-retinopathy-224x224-2019-data/colored_images/No_DR/210bfe0127c6.png,0,train
211518c46162,/kaggle/input/datasets/sovitrath/diabetic-retinopathy-224x224-2019-data/colored_images/Proliferate_DR/211518c46162.png,4,train
2131aa3a1e6f,/kaggle/input/datasets/sovitrath/diabetic-retinopathy-224x224-2019-data/colored_images/Moderate/2131aa3a1e6f.png,2,train
215d2b7c3fde,/kaggle/input/datasets/sovitrath/diabetic-retinopathy-224x224-2019-data/colored_images/No_DR/215d2b7c3fde.png,0,val
217dad18a5ed,/kaggle/input/datasets/sovitrath/diabetic-retinopathy-224x224-2019-data/colored_images/Moderate/217dad18a5ed.png,2,train
218c822a3dd9,/kaggle/input/datasets/sovitrath/diabetic-retinopathy-224x224-2019-data/colored_images/No_DR/218c822a3dd9.png,0,train
21abd36095a1,/kaggle/input/datasets/sovitrath/diabetic-retinopathy-224x224-2019-data/colored_images/Proliferate_DR/21abd36095a1.png,4,train
21d18b022429,/kaggle/input/datasets/sovitrath/diabetic-retinopathy-224x224-2019-data/colored_images/Proliferate_DR/21d18b022429.png,4,test
22098b1fe461,/kaggle/input/datasets/sovitrath/diabetic-retinopathy-224x224-2019-data/colored_images/Mild/22098b1fe461.png,1,train
2209daf71aab,/kaggle/input/datasets/sovitrath/diabetic-retinopathy-224x224-2019-data/colored_images/No_DR/2209daf71aab.png,0,train
2221cf5c7935,/kaggle/input/datasets/sovitrath/diabetic-retinopathy-224x224-2019-data/colored_images/No_DR/2221cf5c7935.png,0,train
222d0ac042b4,/kaggle/input/datasets/sovitrath/diabetic-retinopathy-224x224-2019-data/colored_images/Moderate/222d0ac042b4.png,2,train
222f3ee3a1e8,/kaggle/input/datasets/sovitrath/diabetic-retinopathy-224x224-2019-data/colored_images/Proliferate_DR/222f3ee3a1e8.png,4,train
22325552a4e3,/kaggle/input/datasets/sovitrath/diabetic-retinopathy-224x224-2019-data/colored_images/Mild/22325552a4e3.png,1,train
2241b7e90782,/kaggle/input/datasets/sovitrath/diabetic-retinopathy-224x224-2019-data/colored_images/Moderate/2241b7e90782.png,2,train
22449af52060,/kaggle/input/datasets/sovitrath/diabetic-retinopathy-224x224-2019-data/colored_images/No_DR/22449af52060.png,0,train
224bb938e2dd,/kaggle/input/datasets/sovitrath/diabetic-retinopathy-224x224-2019-data/colored_images/Moderate/224bb938e2dd.png,2,train
224c14366e11,/kaggle/input/datasets/sovitrath/diabetic-retinopathy-224x224-2019-data/colored_images/No_DR/224c14366e11.png,0,train
226c6ceb9185,/kaggle/input/datasets/sovitrath/diabetic-retinopathy-224x224-2019-data/colored_images/No_DR/226c6ceb9185.png,0,train
22895c89792f,/kaggle/input/datasets/sovitrath/diabetic-retinopathy-224x224-2019-data/colored_images/Proliferate_DR/22895c89792f.png,4,test
22a6da005395,/kaggle/input/datasets/sovitrath/diabetic-retinopathy-224x224-2019-data/colored_images/Mild/22a6da005395.png,1,train
22ce8ef69357,/kaggle/input/datasets/sovitrath/diabetic-retinopathy-224x224-2019-data/colored_images/Moderate/22ce8ef69357.png,2,train
22d843b2bbd1,/kaggle/input/datasets/sovitrath/diabetic-retinopathy-224x224-2019-data/colored_images/No_DR/22d843b2bbd1.png,0,train
23148a40ecb0,/kaggle/input/datasets/sovitrath/diabetic-retinopathy-224x224-2019-data/colored_images/Moderate/23148a40ecb0.png,2,train
23175b7ef453,/kaggle/input/datasets/sovitrath/diabetic-retinopathy-224x224-2019-data/colored_images/Moderate/23175b7ef453.png,2,test
232549883508,/kaggle/input/datasets/sovitrath/diabetic-retinopathy-224x224-2019-data/colored_images/Moderate/232549883508.png,2,train
233d948e2544,/kaggle/input/datasets/sovitrath/diabetic-retinopathy-224x224-2019-data/colored_images/No_DR/233d948e2544.png,0,train
234399352d36,/kaggle/input/datasets/sovitrath/diabetic-retinopathy-224x224-2019-data/colored_images/Moderate/234399352d36.png,2,train
236f56771ec6,/kaggle/input/datasets/sovitrath/diabetic-retinopathy-224x224-2019-data/colored_images/Moderate/236f56771ec6.png,2,train
2376e5415458,/kaggle/input/datasets/sovitrath/diabetic-retinopathy-224x224-2019-data/colored_images/Moderate/2376e5415458.png,2,val
237aa50edc34,/kaggle/input/datasets/sovitrath/diabetic-retinopathy-224x224-2019-data/colored_images/No_DR/237aa50edc34.png,0,test
237c078d00fc,/kaggle/input/datasets/sovitrath/diabetic-retinopathy-224x224-2019-data/colored_images/Severe/237c078d00fc.png,3,train
2399d68d407f,/kaggle/input/datasets/sovitrath/diabetic-retinopathy-224x224-2019-data/colored_images/No_DR/2399d68d407f.png,0,train
239f2c348ea4,/kaggle/input/datasets/sovitrath/diabetic-retinopathy-224x224-2019-data/colored_images/Moderate/239f2c348ea4.png,2,test
23d7ca170bdb,/kaggle/input/datasets/sovitrath/diabetic-retinopathy-224x224-2019-data/colored_images/Moderate/23d7ca170bdb.png,2,train
23fca0693e2a,/kaggle/input/datasets/sovitrath/diabetic-retinopathy-224x224-2019-data/colored_images/Moderate/23fca0693e2a.png,2,train
2408799a09b2,/kaggle/input/datasets/sovitrath/diabetic-retinopathy-224x224-2019-data/colored_images/No_DR/2408799a09b2.png,0,train
240b25a7debe,/kaggle/input/datasets/sovitrath/diabetic-retinopathy-224x224-2019-data/colored_images/No_DR/240b25a7debe.png,0,train
242fc19be06f,/kaggle/input/datasets/sovitrath/diabetic-retinopathy-224x224-2019-data/colored_images/No_DR/242fc19be06f.png,0,train
2463bb04ebc3,/kaggle/input/datasets/sovitrath/diabetic-retinopathy-224x224-2019-data/colored_images/Moderate/2463bb04ebc3.png,2,test
246e4506824a,/kaggle/input/datasets/sovitrath/diabetic-retinopathy-224x224-2019-data/colored_images/Moderate/246e4506824a.png,2,val
247ac63e5510,/kaggle/input/datasets/sovitrath/diabetic-retinopathy-224x224-2019-data/colored_images/Proliferate_DR/247ac63e5510.png,4,train
247e98aba610,/kaggle/input/datasets/sovitrath/diabetic-retinopathy-224x224-2019-data/colored_images/Proliferate_DR/247e98aba610.png,4,test
248139c423c4,/kaggle/input/datasets/sovitrath/diabetic-retinopathy-224x224-2019-data/colored_images/Mild/248139c423c4.png,1,train
248dec89b3a2,/kaggle/input/datasets/sovitrath/diabetic-retinopathy-224x224-2019-data/colored_images/No_DR/248dec89b3a2.png,0,train
24b87f744598,/kaggle/input/datasets/sovitrath/diabetic-retinopathy-224x224-2019-data/colored_images/Severe/24b87f744598.png,3,train
24b943fe725e,/kaggle/input/datasets/sovitrath/diabetic-retinopathy-224x224-2019-data/colored_images/Mild/24b943fe725e.png,1,train
24de56d433cd,/kaggle/input/datasets/sovitrath/diabetic-retinopathy-224x224-2019-data/colored_images/No_DR/24de56d433cd.png,0,train
24f271c87e73,/kaggle/input/datasets/sovitrath/diabetic-retinopathy-224x224-2019-data/colored_images/No_DR/24f271c87e73.png,0,train
24f3e70f0419,/kaggle/input/datasets/sovitrath/diabetic-retinopathy-224x224-2019-data/colored_images/No_DR/24f3e70f0419.png,0,train
25002fe43f92,/kaggle/input/datasets/sovitrath/diabetic-retinopathy-224x224-2019-data/colored_images/Moderate/25002fe43f92.png,2,train
252305189b3a,/kaggle/input/datasets/sovitrath/diabetic-retinopathy-224x224-2019-data/colored_images/No_DR/252305189b3a.png,0,train
2532613a584a,/kaggle/input/datasets/sovitrath/diabetic-retinopathy-224x224-2019-data/colored_images/Moderate/2532613a584a.png,2,test
253e96488cfb,/kaggle/input/datasets/sovitrath/diabetic-retinopathy-224x224-2019-data/colored_images/No_DR/253e96488cfb.png,0,train
254052cf3e48,/kaggle/input/datasets/sovitrath/diabetic-retinopathy-224x224-2019-data/colored_images/Proliferate_DR/254052cf3e48.png,4,train
2585bbc91909,/kaggle/input/datasets/sovitrath/diabetic-retinopathy-224x224-2019-data/colored_images/No_DR/2585bbc91909.png,0,test
259d30f693b6,/kaggle/input/datasets/sovitrath/diabetic-retinopathy-224x224-2019-data/colored_images/Mild/259d30f693b6.png,1,train
25a0a1e41afd,/kaggle/input/datasets/sovitrath/diabetic-retinopathy-224x224-2019-data/colored_images/No_DR/25a0a1e41afd.png,0,train
25b0e72705a8,/kaggle/input/datasets/sovitrath/diabetic-retinopathy-224x224-2019-data/colored_images/Severe/25b0e72705a8.png,3,val
25b4080f598b,/kaggle/input/datasets/sovitrath/diabetic-retinopathy-224x224-2019-data/colored_images/No_DR/25b4080f598b.png,0,train
25d069089c5e,/kaggle/input/datasets/sovitrath/diabetic-retinopathy-224x224-2019-data/colored_images/Proliferate_DR/25d069089c5e.png,4,train
25dc1b41ed9c,/kaggle/input/datasets/sovitrath/diabetic-retinopathy-224x224-2019-data/colored_images/Moderate/25dc1b41ed9c.png,2,val
25e9fd872182,/kaggle/input/datasets/sovitrath/diabetic-retinopathy-224x224-2019-data/colored_images/Mild/25e9fd872182.png,1,test
2608e1dac5b1,/kaggle/input/datasets/sovitrath/diabetic-retinopathy-224x224-2019-data/colored_images/Moderate/2608e1dac5b1.png,2,test
260a455692b5,/kaggle/input/datasets/sovitrath/diabetic-retinopathy-224x224-2019-data/colored_images/No_DR/260a455692b5.png,0,train
261c6bd63bff,/kaggle/input/datasets/sovitrath/diabetic-retinopathy-224x224-2019-data/colored_images/Moderate/261c6bd63bff.png,2,train
2628305cbb29,/kaggle/input/datasets/sovitrath/diabetic-retinopathy-224x224-2019-data/colored_images/Proliferate_DR/2628305cbb29.png,4,train
262ad704319c,/kaggle/input/datasets/sovitrath/diabetic-retinopathy-224x224-2019-data/colored_images/Proliferate_DR/262ad704319c.png,4,test
263d8851e33b,/kaggle/input/datasets/sovitrath/diabetic-retinopathy-224x224-2019-data/colored_images/No_DR/263d8851e33b.png,0,train
26453eb7e989,/kaggle/input/datasets/sovitrath/diabetic-retinopathy-224x224-2019-data/colored_images/Moderate/26453eb7e989.png,2,train
26463a5fb949,/kaggle/input/datasets/sovitrath/diabetic-retinopathy-224x224-2019-data/colored_images/Proliferate_DR/26463a5fb949.png,4,test
2665f72e2dd3,/kaggle/input/datasets/sovitrath/diabetic-retinopathy-224x224-2019-data/colored_images/Severe/2665f72e2dd3.png,3,train
266fbefa58fb,/kaggle/input/datasets/sovitrath/diabetic-retinopathy-224x224-2019-data/colored_images/No_DR/266fbefa58fb.png,0,test
2682e6da9050,/kaggle/input/datasets/sovitrath/diabetic-retinopathy-224x224-2019-data/colored_images/No_DR/2682e6da9050.png,0,train
26999ebc21de,/kaggle/input/datasets/sovitrath/diabetic-retinopathy-224x224-2019-data/colored_images/Moderate/26999ebc21de.png,2,train
269b44e628eb,/kaggle/input/datasets/sovitrath/diabetic-retinopathy-224x224-2019-data/colored_images/Severe/269b44e628eb.png,3,val
269f0792f11f,/kaggle/input/datasets/sovitrath/diabetic-retinopathy-224x224-2019-data/colored_images/Moderate/269f0792f11f.png,2,train
26cd40b57ad1,/kaggle/input/datasets/sovitrath/diabetic-retinopathy-224x224-2019-data/colored_images/No_DR/26cd40b57ad1.png,0,val
26d60db3bbfd,/kaggle/input/datasets/sovitrath/diabetic-retinopathy-224x224-2019-data/colored_images/No_DR/26d60db3bbfd.png,0,train
26d9576e8043,/kaggle/input/datasets/sovitrath/diabetic-retinopathy-224x224-2019-data/colored_images/No_DR/26d9576e8043.png,0,val
26e231747848,/kaggle/input/datasets/sovitrath/diabetic-retinopathy-224x224-2019-data/colored_images/Moderate/26e231747848.png,2,train
26fc2358a38d,/kaggle/input/datasets/sovitrath/diabetic-retinopathy-224x224-2019-data/colored_images/No_DR/26fc2358a38d.png,0,train
2700754f71e9,/kaggle/input/datasets/sovitrath/diabetic-retinopathy-224x224-2019-data/colored_images/Moderate/2700754f71e9.png,2,test
272d9c043c81,/kaggle/input/datasets/sovitrath/diabetic-retinopathy-224x224-2019-data/colored_images/Moderate/272d9c043c81.png,2,train
2735be026d44,/kaggle/input/datasets/sovitrath/diabetic-retinopathy-224x224-2019-data/colored_images/Moderate/2735be026d44.png,2,val
274f4de2a59d,/kaggle/input/datasets/sovitrath/diabetic-retinopathy-224x224-2019-data/colored_images/No_DR/274f4de2a59d.png,0,test
274f5029189b,/kaggle/input/datasets/sovitrath/diabetic-retinopathy-224x224-2019-data/colored_images/Mild/274f5029189b.png,1,train
276b14f72328,/kaggle/input/datasets/sovitrath/diabetic-retinopathy-224x224-2019-data/colored_images/No_DR/276b14f72328.png,0,train
2776d70724d3,/kaggle/input/datasets/sovitrath/diabetic-retinopathy-224x224-2019-data/colored_images/Moderate/2776d70724d3.png,2,train
27933cdbe0cc,/kaggle/input/datasets/sovitrath/diabetic-retinopathy-224x224-2019-data/colored_images/No_DR/27933cdbe0cc.png,0,train
27b68863349f,/kaggle/input/datasets/sovitrath/diabetic-retinopathy-224x224-2019-data/colored_images/Moderate/27b68863349f.png,2,train
27bab1432f61,/kaggle/input/datasets/sovitrath/diabetic-retinopathy-224x224-2019-data/colored_images/Moderate/27bab1432f61.png,2,train
27e2be850a99,/kaggle/input/datasets/sovitrath/diabetic-retinopathy-224x224-2019-data/colored_images/Proliferate_DR/27e2be850a99.png,4,val
27e4c800a449,/kaggle/input/datasets/sovitrath/diabetic-retinopathy-224x224-2019-data/colored_images/Mild/27e4c800a449.png,1,train
27f82ada84ac,/kaggle/input/datasets/sovitrath/diabetic-retinopathy-224x224-2019-data/colored_images/No_DR/27f82ada84ac.png,0,val
27fca9f12b3c,/kaggle/input/datasets/sovitrath/diabetic-retinopathy-224x224-2019-data/colored_images/Moderate/27fca9f12b3c.png,2,train
281d7b7c7676,/kaggle/input/datasets/sovitrath/diabetic-retinopathy-224x224-2019-data/colored_images/Proliferate_DR/281d7b7c7676.png,4,train
2821998fc002,/kaggle/input/datasets/sovitrath/diabetic-retinopathy-224x224-2019-data/colored_images/No_DR/2821998fc002.png,0,train
282bc792d23a,/kaggle/input/datasets/sovitrath/diabetic-retinopathy-224x224-2019-data/colored_images/Moderate/282bc792d23a.png,2,test
283c3aeba594,/kaggle/input/datasets/sovitrath/diabetic-retinopathy-224x224-2019-data/colored_images/No_DR/283c3aeba594.png,0,train
28503940d10b,/kaggle/input/datasets/sovitrath/diabetic-retinopathy-224x224-2019-data/colored_images/No_DR/28503940d10b.png,0,train
286e9981dd9b,/kaggle/input/datasets/sovitrath/diabetic-retinopathy-224x224-2019-data/colored_images/No_DR/286e9981dd9b.png,0,train
28751f290ba3,/kaggle/input/datasets/sovitrath/diabetic-retinopathy-224x224-2019-data/colored_images/No_DR/28751f290ba3.png,0,val
28824d12d31d,/kaggle/input/datasets/sovitrath/diabetic-retinopathy-224x224-2019-data/colored_images/Moderate/28824d12d31d.png,2,train
289a47dcbb82,/kaggle/input/datasets/sovitrath/diabetic-retinopathy-224x224-2019-data/colored_images/No_DR/289a47dcbb82.png,0,train
28a4d00927b7,/kaggle/input/datasets/sovitrath/diabetic-retinopathy-224x224-2019-data/colored_images/Moderate/28a4d00927b7.png,2,train
28dc010a0780,/kaggle/input/datasets/sovitrath/diabetic-retinopathy-224x224-2019-data/colored_images/No_DR/28dc010a0780.png,0,train
28f73575e1f2,/kaggle/input/datasets/sovitrath/diabetic-retinopathy-224x224-2019-data/colored_images/No_DR/28f73575e1f2.png,0,train
28f93cad89c5,/kaggle/input/datasets/sovitrath/diabetic-retinopathy-224x224-2019-data/colored_images/Moderate/28f93cad89c5.png,2,train
28f98cfe3858,/kaggle/input/datasets/sovitrath/diabetic-retinopathy-224x224-2019-data/colored_images/Mild/28f98cfe3858.png,1,train
290ecdba359f,/kaggle/input/datasets/sovitrath/diabetic-retinopathy-224x224-2019-data/colored_images/Moderate/290ecdba359f.png,2,train
29192375ab1b,/kaggle/input/datasets/sovitrath/diabetic-retinopathy-224x224-2019-data/colored_images/No_DR/29192375ab1b.png,0,train
291e2ff3d834,/kaggle/input/datasets/sovitrath/diabetic-retinopathy-224x224-2019-data/colored_images/Moderate/291e2ff3d834.png,2,test
291f581d365e,/kaggle/input/datasets/sovitrath/diabetic-retinopathy-224x224-2019-data/colored_images/No_DR/291f581d365e.png,0,train
2923971566fe,/kaggle/input/datasets/sovitrath/diabetic-retinopathy-224x224-2019-data/colored_images/No_DR/2923971566fe.png,0,val
2927665214e1,/kaggle/input/datasets/sovitrath/diabetic-retinopathy-224x224-2019-data/colored_images/No_DR/2927665214e1.png,0,train
29580bed2f7d,/kaggle/input/datasets/sovitrath/diabetic-retinopathy-224x224-2019-data/colored_images/Moderate/29580bed2f7d.png,2,train
295fdc964f6e,/kaggle/input/datasets/sovitrath/diabetic-retinopathy-224x224-2019-data/colored_images/Moderate/295fdc964f6e.png,2,train
2967e578939f,/kaggle/input/datasets/sovitrath/diabetic-retinopathy-224x224-2019-data/colored_images/Moderate/2967e578939f.png,2,train
2974c6ad1d58,/kaggle/input/datasets/sovitrath/diabetic-retinopathy-224x224-2019-data/colored_images/No_DR/2974c6ad1d58.png,0,train
299086c6d1b5,/kaggle/input/datasets/sovitrath/diabetic-retinopathy-224x224-2019-data/colored_images/Severe/299086c6d1b5.png,3,train
2994f17f58a5,/kaggle/input/datasets/sovitrath/diabetic-retinopathy-224x224-2019-data/colored_images/Mild/2994f17f58a5.png,1,train
29a13e666266,/kaggle/input/datasets/sovitrath/diabetic-retinopathy-224x224-2019-data/colored_images/No_DR/29a13e666266.png,0,test
29b52f64d2db,/kaggle/input/datasets/sovitrath/diabetic-retinopathy-224x224-2019-data/colored_images/Mild/29b52f64d2db.png,1,train
29bc0e721cfe,/kaggle/input/datasets/sovitrath/diabetic-retinopathy-224x224-2019-data/colored_images/Proliferate_DR/29bc0e721cfe.png,4,val
29d059522fa1,/kaggle/input/datasets/sovitrath/diabetic-retinopathy-224x224-2019-data/colored_images/No_DR/29d059522fa1.png,0,train
29f44aea93a4,/kaggle/input/datasets/sovitrath/diabetic-retinopathy-224x224-2019-data/colored_images/Moderate/29f44aea93a4.png,2,train
29f9e1ac9507,/kaggle/input/datasets/sovitrath/diabetic-retinopathy-224x224-2019-data/colored_images/No_DR/29f9e1ac9507.png,0,train
2a08ed6bbcbc,/kaggle/input/datasets/sovitrath/diabetic-retinopathy-224x224-2019-data/colored_images/Mild/2a08ed6bbcbc.png,1,val
2a099b247b10,/kaggle/input/datasets/sovitrath/diabetic-retinopathy-224x224-2019-data/colored_images/Moderate/2a099b247b10.png,2,train
2a2274bcb00a,/kaggle/input/datasets/sovitrath/diabetic-retinopathy-224x224-2019-data/colored_images/No_DR/2a2274bcb00a.png,0,train
2a2a6435f7f3,/kaggle/input/datasets/sovitrath/diabetic-retinopathy-224x224-2019-data/colored_images/No_DR/2a2a6435f7f3.png,0,train
2a3378bcfbcc,/kaggle/input/datasets/sovitrath/diabetic-retinopathy-224x224-2019-data/colored_images/Moderate/2a3378bcfbcc.png,2,val
2a3a1ed1c285,/kaggle/input/datasets/sovitrath/diabetic-retinopathy-224x224-2019-data/colored_images/Moderate/2a3a1ed1c285.png,2,train
2a4520f1f9a3,/kaggle/input/datasets/sovitrath/diabetic-retinopathy-224x224-2019-data/colored_images/No_DR/2a4520f1f9a3.png,0,val
2a47e5b21791,/kaggle/input/datasets/sovitrath/diabetic-retinopathy-224x224-2019-data/colored_images/Moderate/2a47e5b21791.png,2,train
2a5a8b744f08,/kaggle/input/datasets/sovitrath/diabetic-retinopathy-224x224-2019-data/colored_images/Moderate/2a5a8b744f08.png,2,train
2a7373eeb352,/kaggle/input/datasets/sovitrath/diabetic-retinopathy-224x224-2019-data/colored_images/No_DR/2a7373eeb352.png,0,val
2a8a9e957a6c,/kaggle/input/datasets/sovitrath/diabetic-retinopathy-224x224-2019-data/colored_images/Mild/2a8a9e957a6c.png,1,train
2a93334f663a,/kaggle/input/datasets/sovitrath/diabetic-retinopathy-224x224-2019-data/colored_images/No_DR/2a93334f663a.png,0,test
2af1bf226f51,/kaggle/input/datasets/sovitrath/diabetic-retinopathy-224x224-2019-data/colored_images/Moderate/2af1bf226f51.png,2,train
2b074afdf626,/kaggle/input/datasets/sovitrath/diabetic-retinopathy-224x224-2019-data/colored_images/Moderate/2b074afdf626.png,2,train
2b07790a2422,/kaggle/input/datasets/sovitrath/diabetic-retinopathy-224x224-2019-data/colored_images/Moderate/2b07790a2422.png,2,train
2b10f138e67d,/kaggle/input/datasets/sovitrath/diabetic-retinopathy-224x224-2019-data/colored_images/No_DR/2b10f138e67d.png,0,train
2b2f5a0f880d,/kaggle/input/datasets/sovitrath/diabetic-retinopathy-224x224-2019-data/colored_images/No_DR/2b2f5a0f880d.png,0,train
2b3a4a81d748,/kaggle/input/datasets/sovitrath/diabetic-retinopathy-224x224-2019-data/colored_images/No_DR/2b3a4a81d748.png,0,test
2b48daf24be0,/kaggle/input/datasets/sovitrath/diabetic-retinopathy-224x224-2019-data/colored_images/Severe/2b48daf24be0.png,3,train
2b4c7b5f1f1e,/kaggle/input/datasets/sovitrath/diabetic-retinopathy-224x224-2019-data/colored_images/No_DR/2b4c7b5f1f1e.png,0,train
2b5bb6d33959,/kaggle/input/datasets/sovitrath/diabetic-retinopathy-224x224-2019-data/colored_images/No_DR/2b5bb6d33959.png,0,train
2b88cb6e31cd,/kaggle/input/datasets/sovitrath/diabetic-retinopathy-224x224-2019-data/colored_images/Moderate/2b88cb6e31cd.png,2,train
2ba0b0d9bda2,/kaggle/input/datasets/sovitrath/diabetic-retinopathy-224x224-2019-data/colored_images/Moderate/2ba0b0d9bda2.png,2,train
2bb063318cf1,/kaggle/input/datasets/sovitrath/diabetic-retinopathy-224x224-2019-data/colored_images/Severe/2bb063318cf1.png,3,test
2bb3c492d6d3,/kaggle/input/datasets/sovitrath/diabetic-retinopathy-224x224-2019-data/colored_images/No_DR/2bb3c492d6d3.png,0,train
2bbcfdc477db,/kaggle/input/datasets/sovitrath/diabetic-retinopathy-224x224-2019-data/colored_images/Proliferate_DR/2bbcfdc477db.png,4,train
2bbd1f99ecc3,/kaggle/input/datasets/sovitrath/diabetic-retinopathy-224x224-2019-data/colored_images/Severe/2bbd1f99ecc3.png,3,train
2bd4d4fbed5c,/kaggle/input/datasets/sovitrath/diabetic-retinopathy-224x224-2019-data/colored_images/Moderate/2bd4d4fbed5c.png,2,val
2c1d5be654dd,/kaggle/input/datasets/sovitrath/diabetic-retinopathy-224x224-2019-data/colored_images/Moderate/2c1d5be654dd.png,2,train
2c77bf969079,/kaggle/input/datasets/sovitrath/diabetic-retinopathy-224x224-2019-data/colored_images/No_DR/2c77bf969079.png,0,train
2c8101f14723,/kaggle/input/datasets/sovitrath/diabetic-retinopathy-224x224-2019-data/colored_images/No_DR/2c8101f14723.png,0,train
2c827005b8f8,/kaggle/input/datasets/sovitrath/diabetic-retinopathy-224x224-2019-data/colored_images/No_DR/2c827005b8f8.png,0,val
2c9dfc270f1b,/kaggle/input/datasets/sovitrath/diabetic-retinopathy-224x224-2019-data/colored_images/No_DR/2c9dfc270f1b.png,0,train
2cacdb0dffae,/kaggle/input/datasets/sovitrath/diabetic-retinopathy-224x224-2019-data/colored_images/No_DR/2cacdb0dffae.png,0,train
2cbfc6182ba2,/kaggle/input/datasets/sovitrath/diabetic-retinopathy-224x224-2019-data/colored_images/Moderate/2cbfc6182ba2.png,2,val
2cceb07ff706,/kaggle/input/datasets/sovitrath/diabetic-retinopathy-224x224-2019-data/colored_images/Moderate/2cceb07ff706.png,2,train
2cdcc910778d,/kaggle/input/datasets/sovitrath/diabetic-retinopathy-224x224-2019-data/colored_images/No_DR/2cdcc910778d.png,0,test
2cef97083e6f,/kaggle/input/datasets/sovitrath/diabetic-retinopathy-224x224-2019-data/colored_images/Moderate/2cef97083e6f.png,2,val
2cf18033da31,/kaggle/input/datasets/sovitrath/diabetic-retinopathy-224x224-2019-data/colored_images/No_DR/2cf18033da31.png,0,train
2cfe8703f265,/kaggle/input/datasets/sovitrath/diabetic-retinopathy-224x224-2019-data/colored_images/No_DR/2cfe8703f265.png,0,train
2d04cead4d3a,/kaggle/input/datasets/sovitrath/diabetic-retinopathy-224x224-2019-data/colored_images/No_DR/2d04cead4d3a.png,0,train
2d07162a13b1,/kaggle/input/datasets/sovitrath/diabetic-retinopathy-224x224-2019-data/colored_images/No_DR/2d07162a13b1.png,0,train
2d3f4094c08a,/kaggle/input/datasets/sovitrath/diabetic-retinopathy-224x224-2019-data/colored_images/No_DR/2d3f4094c08a.png,0,test
2d552318eb07,/kaggle/input/datasets/sovitrath/diabetic-retinopathy-224x224-2019-data/colored_images/Moderate/2d552318eb07.png,2,train
2d558de2cabe,/kaggle/input/datasets/sovitrath/diabetic-retinopathy-224x224-2019-data/colored_images/No_DR/2d558de2cabe.png,0,train
2d7666b8884f,/kaggle/input/datasets/sovitrath/diabetic-retinopathy-224x224-2019-data/colored_images/Mild/2d7666b8884f.png,1,train
2d870833c0c9,/kaggle/input/datasets/sovitrath/diabetic-retinopathy-224x224-2019-data/colored_images/Moderate/2d870833c0c9.png,2,train
2d9d97a6e713,/kaggle/input/datasets/sovitrath/diabetic-retinopathy-224x224-2019-data/colored_images/Mild/2d9d97a6e713.png,1,train
2da82d14e1b7,/kaggle/input/datasets/sovitrath/diabetic-retinopathy-224x224-2019-data/colored_images/No_DR/2da82d14e1b7.png,0,test
2db0cd3e30da,/kaggle/input/datasets/sovitrath/diabetic-retinopathy-224x224-2019-data/colored_images/No_DR/2db0cd3e30da.png,0,val
2dc647e00ad3,/kaggle/input/datasets/sovitrath/diabetic-retinopathy-224x224-2019-data/colored_images/No_DR/2dc647e00ad3.png,0,train
2dd28ac497d2,/kaggle/input/datasets/sovitrath/diabetic-retinopathy-224x224-2019-data/colored_images/No_DR/2dd28ac497d2.png,0,train
2e26762daed5,/kaggle/input/datasets/sovitrath/diabetic-retinopathy-224x224-2019-data/colored_images/Moderate/2e26762daed5.png,2,train
2e79041ef722,/kaggle/input/datasets/sovitrath/diabetic-retinopathy-224x224-2019-data/colored_images/Moderate/2e79041ef722.png,2,train
2eba4279e503,/kaggle/input/datasets/sovitrath/diabetic-retinopathy-224x224-2019-data/colored_images/No_DR/2eba4279e503.png,0,train
2ecbc2e3f239,/kaggle/input/datasets/sovitrath/diabetic-retinopathy-224x224-2019-data/colored_images/Mild/2ecbc2e3f239.png,1,train
2ef10194e80d,/kaggle/input/datasets/sovitrath/diabetic-retinopathy-224x224-2019-data/colored_images/No_DR/2ef10194e80d.png,0,train
2ef4a04aed1b,/kaggle/input/datasets/sovitrath/diabetic-retinopathy-224x224-2019-data/colored_images/No_DR/2ef4a04aed1b.png,0,train
2ef955d6d9ff,/kaggle/input/datasets/sovitrath/diabetic-retinopathy-224x224-2019-data/colored_images/No_DR/2ef955d6d9ff.png,0,train
2f143453bb71,/kaggle/input/datasets/sovitrath/diabetic-retinopathy-224x224-2019-data/colored_images/No_DR/2f143453bb71.png,0,val
2f2e1949ad56,/kaggle/input/datasets/sovitrath/diabetic-retinopathy-224x224-2019-data/colored_images/Mild/2f2e1949ad56.png,1,train
2f42e20db938,/kaggle/input/datasets/sovitrath/diabetic-retinopathy-224x224-2019-data/colored_images/Severe/2f42e20db938.png,3,train
2f4e81787d9b,/kaggle/input/datasets/sovitrath/diabetic-retinopathy-224x224-2019-data/colored_images/Mild/2f4e81787d9b.png,1,train
2f5c9cdfb333,/kaggle/input/datasets/sovitrath/diabetic-retinopathy-224x224-2019-data/colored_images/Moderate/2f5c9cdfb333.png,2,val
2f7fbdcc9a4b,/kaggle/input/datasets/sovitrath/diabetic-retinopathy-224x224-2019-data/colored_images/No_DR/2f7fbdcc9a4b.png,0,train
2f81ee5f2926,/kaggle/input/datasets/sovitrath/diabetic-retinopathy-224x224-2019-data/colored_images/No_DR/2f81ee5f2926.png,0,train
2f8d14a7d390,/kaggle/input/datasets/sovitrath/diabetic-retinopathy-224x224-2019-data/colored_images/No_DR/2f8d14a7d390.png,0,train
2f9b66784109,/kaggle/input/datasets/sovitrath/diabetic-retinopathy-224x224-2019-data/colored_images/Moderate/2f9b66784109.png,2,val
2fb3a8606a77,/kaggle/input/datasets/sovitrath/diabetic-retinopathy-224x224-2019-data/colored_images/Moderate/2fb3a8606a77.png,2,train
2fde69f20585,/kaggle/input/datasets/sovitrath/diabetic-retinopathy-224x224-2019-data/colored_images/Proliferate_DR/2fde69f20585.png,4,train
2fdfb80ea53c,/kaggle/input/datasets/sovitrath/diabetic-retinopathy-224x224-2019-data/colored_images/No_DR/2fdfb80ea53c.png,0,val
2fdffb6160a6,/kaggle/input/datasets/sovitrath/diabetic-retinopathy-224x224-2019-data/colored_images/Moderate/2fdffb6160a6.png,2,train
2fe06bedb2c4,/kaggle/input/datasets/sovitrath/diabetic-retinopathy-224x224-2019-data/colored_images/Proliferate_DR/2fe06bedb2c4.png,4,train
2fefb720869a,/kaggle/input/datasets/sovitrath/diabetic-retinopathy-224x224-2019-data/colored_images/No_DR/2fefb720869a.png,0,val
300305ce82d2,/kaggle/input/datasets/sovitrath/diabetic-retinopathy-224x224-2019-data/colored_images/Moderate/300305ce82d2.png,2,train
30263a7d5609,/kaggle/input/datasets/sovitrath/diabetic-retinopathy-224x224-2019-data/colored_images/No_DR/30263a7d5609.png,0,train
302bcdb635ff,/kaggle/input/datasets/sovitrath/diabetic-retinopathy-224x224-2019-data/colored_images/Moderate/302bcdb635ff.png,2,train
306c841af3fc,/kaggle/input/datasets/sovitrath/diabetic-retinopathy-224x224-2019-data/colored_images/No_DR/306c841af3fc.png,0,train
3079490a4b9c,/kaggle/input/datasets/sovitrath/diabetic-retinopathy-224x224-2019-data/colored_images/No_DR/3079490a4b9c.png,0,train
308f7fce6f0d,/kaggle/input/datasets/sovitrath/diabetic-retinopathy-224x224-2019-data/colored_images/Moderate/308f7fce6f0d.png,2,test
30941b65348b,/kaggle/input/datasets/sovitrath/diabetic-retinopathy-224x224-2019-data/colored_images/Mild/30941b65348b.png,1,val
30db694bee42,/kaggle/input/datasets/sovitrath/diabetic-retinopathy-224x224-2019-data/colored_images/No_DR/30db694bee42.png,0,train
310c27067ac0,/kaggle/input/datasets/sovitrath/diabetic-retinopathy-224x224-2019-data/colored_images/Moderate/310c27067ac0.png,2,train
312694ea8e6a,/kaggle/input/datasets/sovitrath/diabetic-retinopathy-224x224-2019-data/colored_images/Proliferate_DR/312694ea8e6a.png,4,train
3128eb593012,/kaggle/input/datasets/sovitrath/diabetic-retinopathy-224x224-2019-data/colored_images/Moderate/3128eb593012.png,2,train
3132556f5352,/kaggle/input/datasets/sovitrath/diabetic-retinopathy-224x224-2019-data/colored_images/No_DR/3132556f5352.png,0,train
31360e44ac64,/kaggle/input/datasets/sovitrath/diabetic-retinopathy-224x224-2019-data/colored_images/No_DR/31360e44ac64.png,0,val
31452ad8808c,/kaggle/input/datasets/sovitrath/diabetic-retinopathy-224x224-2019-data/colored_images/Moderate/31452ad8808c.png,2,train
314862758acf,/kaggle/input/datasets/sovitrath/diabetic-retinopathy-224x224-2019-data/colored_images/Moderate/314862758acf.png,2,train
315c1a0d87fd,/kaggle/input/datasets/sovitrath/diabetic-retinopathy-224x224-2019-data/colored_images/No_DR/315c1a0d87fd.png,0,test
31616ff6b53b,/kaggle/input/datasets/sovitrath/diabetic-retinopathy-224x224-2019-data/colored_images/Severe/31616ff6b53b.png,3,train
3178559fbf57,/kaggle/input/datasets/sovitrath/diabetic-retinopathy-224x224-2019-data/colored_images/No_DR/3178559fbf57.png,0,train
318eb706a134,/kaggle/input/datasets/sovitrath/diabetic-retinopathy-224x224-2019-data/colored_images/No_DR/318eb706a134.png,0,test
31b5d6fb0256,/kaggle/input/datasets/sovitrath/diabetic-retinopathy-224x224-2019-data/colored_images/Moderate/31b5d6fb0256.png,2,train
31cb39681f6a,/kaggle/input/datasets/sovitrath/diabetic-retinopathy-224x224-2019-data/colored_images/Mild/31cb39681f6a.png,1,train
3206171db5be,/kaggle/input/datasets/sovitrath/diabetic-retinopathy-224x224-2019-data/colored_images/Proliferate_DR/3206171db5be.png,4,val
3218a6d8eb2c,/kaggle/input/datasets/sovitrath/diabetic-retinopathy-224x224-2019-data/colored_images/Severe/3218a6d8eb2c.png,3,train
3232b34cbe99,/kaggle/input/datasets/sovitrath/diabetic-retinopathy-224x224-2019-data/colored_images/No_DR/3232b34cbe99.png,0,train
3246f07e65b4,/kaggle/input/datasets/sovitrath/diabetic-retinopathy-224x224-2019-data/colored_images/Moderate/3246f07e65b4.png,2,val
3254e48c8aa0,/kaggle/input/datasets/sovitrath/diabetic-retinopathy-224x224-2019-data/colored_images/No_DR/3254e48c8aa0.png,0,train
3286073a976e,/kaggle/input/datasets/sovitrath/diabetic-retinopathy-224x224-2019-data/colored_images/No_DR/3286073a976e.png,0,train
328d141ed3aa,/kaggle/input/datasets/sovitrath/diabetic-retinopathy-224x224-2019-data/colored_images/No_DR/328d141ed3aa.png,0,train
32a3eb37ff40,/kaggle/input/datasets/sovitrath/diabetic-retinopathy-224x224-2019-data/colored_images/Moderate/32a3eb37ff40.png,2,test
32d7d360d891,/kaggle/input/datasets/sovitrath/diabetic-retinopathy-224x224-2019-data/colored_images/No_DR/32d7d360d891.png,0,train
32ed318235b8,/kaggle/input/datasets/sovitrath/diabetic-retinopathy-224x224-2019-data/colored_images/No_DR/32ed318235b8.png,0,train
331121c65e88,/kaggle/input/datasets/sovitrath/diabetic-retinopathy-224x224-2019-data/colored_images/No_DR/331121c65e88.png,0,val
331b87d1b9d1,/kaggle/input/datasets/sovitrath/diabetic-retinopathy-224x224-2019-data/colored_images/Moderate/331b87d1b9d1.png,2,train
3323fd59782e,/kaggle/input/datasets/sovitrath/diabetic-retinopathy-224x224-2019-data/colored_images/No_DR/3323fd59782e.png,0,train
3325b1fe55d2,/kaggle/input/datasets/sovitrath/diabetic-retinopathy-224x224-2019-data/colored_images/No_DR/3325b1fe55d2.png,0,train
33596a635b53,/kaggle/input/datasets/sovitrath/diabetic-retinopathy-224x224-2019-data/colored_images/No_DR/33596a635b53.png,0,train
338326891d84,/kaggle/input/datasets/sovitrath/diabetic-retinopathy-224x224-2019-data/colored_images/No_DR/338326891d84.png,0,train
33b893e18eb3,/kaggle/input/datasets/sovitrath/diabetic-retinopathy-224x224-2019-data/colored_images/Mild/33b893e18eb3.png,1,train
33b91def2035,/kaggle/input/datasets/sovitrath/diabetic-retinopathy-224x224-2019-data/colored_images/No_DR/33b91def2035.png,0,train
33b978734eab,/kaggle/input/datasets/sovitrath/diabetic-retinopathy-224x224-2019-data/colored_images/No_DR/33b978734eab.png,0,test
33d72035c27a,/kaggle/input/datasets/sovitrath/diabetic-retinopathy-224x224-2019-data/colored_images/No_DR/33d72035c27a.png,0,train
33e7bf536fc5,/kaggle/input/datasets/sovitrath/diabetic-retinopathy-224x224-2019-data/colored_images/No_DR/33e7bf536fc5.png,0,train
33e8e26a75d4,/kaggle/input/datasets/sovitrath/diabetic-retinopathy-224x224-2019-data/colored_images/Moderate/33e8e26a75d4.png,2,val
33ffddea8c6e,/kaggle/input/datasets/sovitrath/diabetic-retinopathy-224x224-2019-data/colored_images/Mild/33ffddea8c6e.png,1,val
3402124408ea,/kaggle/input/datasets/sovitrath/diabetic-retinopathy-224x224-2019-data/colored_images/Moderate/3402124408ea.png,2,val
3428230bf1bd,/kaggle/input/datasets/sovitrath/diabetic-retinopathy-224x224-2019-data/colored_images/Moderate/3428230bf1bd.png,2,train
342edf9b889d,/kaggle/input/datasets/sovitrath/diabetic-retinopathy-224x224-2019-data/colored_images/No_DR/342edf9b889d.png,0,train
345b1f0abbba,/kaggle/input/datasets/sovitrath/diabetic-retinopathy-224x224-2019-data/colored_images/No_DR/345b1f0abbba.png,0,train
3461dc601cc2,/kaggle/input/datasets/sovitrath/diabetic-retinopathy-224x224-2019-data/colored_images/Mild/3461dc601cc2.png,1,train
34723fae6475,/kaggle/input/datasets/sovitrath/diabetic-retinopathy-224x224-2019-data/colored_images/Moderate/34723fae6475.png,2,train
348598d01e18,/kaggle/input/datasets/sovitrath/diabetic-retinopathy-224x224-2019-data/colored_images/No_DR/348598d01e18.png,0,train
3486f7096276,/kaggle/input/datasets/sovitrath/diabetic-retinopathy-224x224-2019-data/colored_images/No_DR/3486f7096276.png,0,train
349f3c0ac83e,/kaggle/input/datasets/sovitrath/diabetic-retinopathy-224x224-2019-data/colored_images/Moderate/349f3c0ac83e.png,2,train
34a7dbd3f05c,/kaggle/input/datasets/sovitrath/diabetic-retinopathy-224x224-2019-data/colored_images/No_DR/34a7dbd3f05c.png,0,test
34acae864963,/kaggle/input/datasets/sovitrath/diabetic-retinopathy-224x224-2019-data/colored_images/No_DR/34acae864963.png,0,train
351e842842a2,/kaggle/input/datasets/sovitrath/diabetic-retinopathy-224x224-2019-data/colored_images/No_DR/351e842842a2.png,0,train
352e4a939242,/kaggle/input/datasets/sovitrath/diabetic-retinopathy-224x224-2019-data/colored_images/Severe/352e4a939242.png,3,test
35362d43e753,/kaggle/input/datasets/sovitrath/diabetic-retinopathy-224x224-2019-data/colored_images/No_DR/35362d43e753.png,0,train
354b8911d6ed,/kaggle/input/datasets/sovitrath/diabetic-retinopathy-224x224-2019-data/colored_images/Moderate/354b8911d6ed.png,2,val
356304d15a5c,/kaggle/input/datasets/sovitrath/diabetic-retinopathy-224x224-2019-data/colored_images/No_DR/356304d15a5c.png,0,train
35777eb7859d,/kaggle/input/datasets/sovitrath/diabetic-retinopathy-224x224-2019-data/colored_images/No_DR/35777eb7859d.png,0,train
357f02a779d7,/kaggle/input/datasets/sovitrath/diabetic-retinopathy-224x224-2019-data/colored_images/No_DR/357f02a779d7.png,0,test
3580a545016d,/kaggle/input/datasets/sovitrath/diabetic-retinopathy-224x224-2019-data/colored_images/No_DR/3580a545016d.png,0,train
358d2224de73,/kaggle/input/datasets/sovitrath/diabetic-retinopathy-224x224-2019-data/colored_images/Mild/358d2224de73.png,1,test
3599029efeb3,/kaggle/input/datasets/sovitrath/diabetic-retinopathy-224x224-2019-data/colored_images/No_DR/3599029efeb3.png,0,train
359bab5d784b,/kaggle/input/datasets/sovitrath/diabetic-retinopathy-224x224-2019-data/colored_images/No_DR/359bab5d784b.png,0,train
35ac70c0d08f,/kaggle/input/datasets/sovitrath/diabetic-retinopathy-224x224-2019-data/colored_images/No_DR/35ac70c0d08f.png,0,train
35beb47fe159,/kaggle/input/datasets/sovitrath/diabetic-retinopathy-224x224-2019-data/colored_images/No_DR/35beb47fe159.png,0,val
35cd9832fc0a,/kaggle/input/datasets/sovitrath/diabetic-retinopathy-224x224-2019-data/colored_images/No_DR/35cd9832fc0a.png,0,train
35d6c4c50072,/kaggle/input/datasets/sovitrath/diabetic-retinopathy-224x224-2019-data/colored_images/Mild/35d6c4c50072.png,1,train
35df2bc6ae95,/kaggle/input/datasets/sovitrath/diabetic-retinopathy-224x224-2019-data/colored_images/No_DR/35df2bc6ae95.png,0,train
3601dac9bed7,/kaggle/input/datasets/sovitrath/diabetic-retinopathy-224x224-2019-data/colored_images/No_DR/3601dac9bed7.png,0,train
36041171f441,/kaggle/input/datasets/sovitrath/diabetic-retinopathy-224x224-2019-data/colored_images/Mild/36041171f441.png,1,train
360832d84ce0,/kaggle/input/datasets/sovitrath/diabetic-retinopathy-224x224-2019-data/colored_images/No_DR/360832d84ce0.png,0,train
362c4a96cebb,/kaggle/input/datasets/sovitrath/diabetic-retinopathy-224x224-2019-data/colored_images/Moderate/362c4a96cebb.png,2,train
365f8c01d994,/kaggle/input/datasets/sovitrath/diabetic-retinopathy-224x224-2019-data/colored_images/Mild/365f8c01d994.png,1,train
36677b70b1ef,/kaggle/input/datasets/sovitrath/diabetic-retinopathy-224x224-2019-data/colored_images/Mild/36677b70b1ef.png,1,test
367c7049929c,/kaggle/input/datasets/sovitrath/diabetic-retinopathy-224x224-2019-data/colored_images/Moderate/367c7049929c.png,2,test
36865bbc64d6,/kaggle/input/datasets/sovitrath/diabetic-retinopathy-224x224-2019-data/colored_images/Severe/36865bbc64d6.png,3,train
369229040a34,/kaggle/input/datasets/sovitrath/diabetic-retinopathy-224x224-2019-data/colored_images/No_DR/369229040a34.png,0,train
3694e8c8e09a,/kaggle/input/datasets/sovitrath/diabetic-retinopathy-224x224-2019-data/colored_images/No_DR/3694e8c8e09a.png,0,val
36a1e3c780a0,/kaggle/input/datasets/sovitrath/diabetic-retinopathy-224x224-2019-data/colored_images/Moderate/36a1e3c780a0.png,2,val
36b5b3c9fb32,/kaggle/input/datasets/sovitrath/diabetic-retinopathy-224x224-2019-data/colored_images/Severe/36b5b3c9fb32.png,3,train
36e4b704b905,/kaggle/input/datasets/sovitrath/diabetic-retinopathy-224x224-2019-data/colored_images/No_DR/36e4b704b905.png,0,val
370f575adb23,/kaggle/input/datasets/sovitrath/diabetic-retinopathy-224x224-2019-data/colored_images/No_DR/370f575adb23.png,0,train
3710ff45299c,/kaggle/input/datasets/sovitrath/diabetic-retinopathy-224x224-2019-data/colored_images/No_DR/3710ff45299c.png,0,train
3730c322d35b,/kaggle/input/datasets/sovitrath/diabetic-retinopathy-224x224-2019-data/colored_images/No_DR/3730c322d35b.png,0,train
3732de8b416f,/kaggle/input/datasets/sovitrath/diabetic-retinopathy-224x224-2019-data/colored_images/No_DR/3732de8b416f.png,0,train
374535e0adb8,/kaggle/input/datasets/sovitrath/diabetic-retinopathy-224x224-2019-data/colored_images/Proliferate_DR/374535e0adb8.png,4,train
3748349334f6,/kaggle/input/datasets/sovitrath/diabetic-retinopathy-224x224-2019-data/colored_images/Moderate/3748349334f6.png,2,test
378963f9df22,/kaggle/input/datasets/sovitrath/diabetic-retinopathy-224x224-2019-data/colored_images/Proliferate_DR/378963f9df22.png,4,train
3796af4d987a,/kaggle/input/datasets/sovitrath/diabetic-retinopathy-224x224-2019-data/colored_images/Proliferate_DR/3796af4d987a.png,4,train
37c4dfe03aba,/kaggle/input/datasets/sovitrath/diabetic-retinopathy-224x224-2019-data/colored_images/Proliferate_DR/37c4dfe03aba.png,4,train
37c523296d42,/kaggle/input/datasets/sovitrath/diabetic-retinopathy-224x224-2019-data/colored_images/No_DR/37c523296d42.png,0,val
37de05ef12a5,/kaggle/input/datasets/sovitrath/diabetic-retinopathy-224x224-2019-data/colored_images/Moderate/37de05ef12a5.png,2,train
38055d8b9f08,/kaggle/input/datasets/sovitrath/diabetic-retinopathy-224x224-2019-data/colored_images/Severe/38055d8b9f08.png,3,test
3810040096cb,/kaggle/input/datasets/sovitrath/diabetic-retinopathy-224x224-2019-data/colored_images/Proliferate_DR/3810040096cb.png,4,test
3823acc4e464,/kaggle/input/datasets/sovitrath/diabetic-retinopathy-224x224-2019-data/colored_images/No_DR/3823acc4e464.png,0,train
382752f6694a,/kaggle/input/datasets/sovitrath/diabetic-retinopathy-224x224-2019-data/colored_images/Mild/382752f6694a.png,1,train
38373431d996,/kaggle/input/datasets/sovitrath/diabetic-retinopathy-224x224-2019-data/colored_images/No_DR/38373431d996.png,0,train
383e72af1955,/kaggle/input/datasets/sovitrath/diabetic-retinopathy-224x224-2019-data/colored_images/Severe/383e72af1955.png,3,test
384631079d1e,/kaggle/input/datasets/sovitrath/diabetic-retinopathy-224x224-2019-data/colored_images/Mild/384631079d1e.png,1,val
38487e1a5b1f,/kaggle/input/datasets/sovitrath/diabetic-retinopathy-224x224-2019-data/colored_images/Moderate/38487e1a5b1f.png,2,train
384db24ebbd7,/kaggle/input/datasets/sovitrath/diabetic-retinopathy-224x224-2019-data/colored_images/No_DR/384db24ebbd7.png,0,train
384e6c915722,/kaggle/input/datasets/sovitrath/diabetic-retinopathy-224x224-2019-data/colored_images/No_DR/384e6c915722.png,0,train
387138ddf43d,/kaggle/input/datasets/sovitrath/diabetic-retinopathy-224x224-2019-data/colored_images/No_DR/387138ddf43d.png,0,train
388279491b5d,/kaggle/input/datasets/sovitrath/diabetic-retinopathy-224x224-2019-data/colored_images/No_DR/388279491b5d.png,0,train
388f12e8df0b,/kaggle/input/datasets/sovitrath/diabetic-retinopathy-224x224-2019-data/colored_images/Moderate/388f12e8df0b.png,2,train
389552047476,/kaggle/input/datasets/sovitrath/diabetic-retinopathy-224x224-2019-data/colored_images/No_DR/389552047476.png,0,val
38b9bb961847,/kaggle/input/datasets/sovitrath/diabetic-retinopathy-224x224-2019-data/colored_images/Mild/38b9bb961847.png,1,train
38c7153457e2,/kaggle/input/datasets/sovitrath/diabetic-retinopathy-224x224-2019-data/colored_images/No_DR/38c7153457e2.png,0,train
38e0e28d35d3,/kaggle/input/datasets/sovitrath/diabetic-retinopathy-224x224-2019-data/colored_images/Mild/38e0e28d35d3.png,1,val
38e111cac46f,/kaggle/input/datasets/sovitrath/diabetic-retinopathy-224x224-2019-data/colored_images/Moderate/38e111cac46f.png,2,train
38f1901f214a,/kaggle/input/datasets/sovitrath/diabetic-retinopathy-224x224-2019-data/colored_images/No_DR/38f1901f214a.png,0,train
3908b3cfd620,/kaggle/input/datasets/sovitrath/diabetic-retinopathy-224x224-2019-data/colored_images/No_DR/3908b3cfd620.png,0,train
39134907127a,/kaggle/input/datasets/sovitrath/diabetic-retinopathy-224x224-2019-data/colored_images/Moderate/39134907127a.png,2,train
393fa5a023a5,/kaggle/input/datasets/sovitrath/diabetic-retinopathy-224x224-2019-data/colored_images/No_DR/393fa5a023a5.png,0,train
39923b29988a,/kaggle/input/datasets/sovitrath/diabetic-retinopathy-224x224-2019-data/colored_images/Moderate/39923b29988a.png,2,test
39aa3cd93c50,/kaggle/input/datasets/sovitrath/diabetic-retinopathy-224x224-2019-data/colored_images/Severe/39aa3cd93c50.png,3,train
39b5b05d6cd9,/kaggle/input/datasets/sovitrath/diabetic-retinopathy-224x224-2019-data/colored_images/Moderate/39b5b05d6cd9.png,2,train
39f8935185e6,/kaggle/input/datasets/sovitrath/diabetic-retinopathy-224x224-2019-data/colored_images/No_DR/39f8935185e6.png,0,val
39fd8ef3a45c,/kaggle/input/datasets/sovitrath/diabetic-retinopathy-224x224-2019-data/colored_images/No_DR/39fd8ef3a45c.png,0,train
3a122851e526,/kaggle/input/datasets/sovitrath/diabetic-retinopathy-224x224-2019-data/colored_images/Moderate/3a122851e526.png,2,train
3a1d3ce00f0c,/kaggle/input/datasets/sovitrath/diabetic-retinopathy-224x224-2019-data/colored_images/Moderate/3a1d3ce00f0c.png,2,val
3a1ecf5e2839,/kaggle/input/datasets/sovitrath/diabetic-retinopathy-224x224-2019-data/colored_images/Proliferate_DR/3a1ecf5e2839.png,4,val
3a4cfea0a766,/kaggle/input/datasets/sovitrath/diabetic-retinopathy-224x224-2019-data/colored_images/No_DR/3a4cfea0a766.png,0,train
3a61e690f4bb,/kaggle/input/datasets/sovitrath/diabetic-retinopathy-224x224-2019-data/colored_images/Moderate/3a61e690f4bb.png,2,test
3a643599f852,/kaggle/input/datasets/sovitrath/diabetic-retinopathy-224x224-2019-data/colored_images/No_DR/3a643599f852.png,0,val
3a6e9730b298,/kaggle/input/datasets/sovitrath/diabetic-retinopathy-224x224-2019-data/colored_images/Proliferate_DR/3a6e9730b298.png,4,train
3aa2b1ce6700,/kaggle/input/datasets/sovitrath/diabetic-retinopathy-224x224-2019-data/colored_images/Moderate/3aa2b1ce6700.png,2,train
3abac0961bfd,/kaggle/input/datasets/sovitrath/diabetic-retinopathy-224x224-2019-data/colored_images/No_DR/3abac0961bfd.png,0,train
3ac3fbfca7d4,/kaggle/input/datasets/sovitrath/diabetic-retinopathy-224x224-2019-data/colored_images/Proliferate_DR/3ac3fbfca7d4.png,4,train
3ac92ac3d65a,/kaggle/input/datasets/sovitrath/diabetic-retinopathy-224x224-2019-data/colored_images/No_DR/3ac92ac3d65a.png,0,train
3af9aaa880e9,/kaggle/input/datasets/sovitrath/diabetic-retinopathy-224x224-2019-data/colored_images/No_DR/3af9aaa880e9.png,0,test
3b0190bbe615,/kaggle/input/datasets/sovitrath/diabetic-retinopathy-224x224-2019-data/colored_images/No_DR/3b0190bbe615.png,0,test
3b10191dfd25,/kaggle/input/datasets/sovitrath/diabetic-retinopathy-224x224-2019-data/colored_images/No_DR/3b10191dfd25.png,0,train
3b185ac445d0,/kaggle/input/datasets/sovitrath/diabetic-retinopathy-224x224-2019-data/colored_images/Proliferate_DR/3b185ac445d0.png,4,train
3b232b394e4f,/kaggle/input/datasets/sovitrath/diabetic-retinopathy-224x224-2019-data/colored_images/Proliferate_DR/3b232b394e4f.png,4,train
3b2b91590590,/kaggle/input/datasets/sovitrath/diabetic-retinopathy-224x224-2019-data/colored_images/No_DR/3b2b91590590.png,0,train
3b4a5fcbe5e0,/kaggle/input/datasets/sovitrath/diabetic-retinopathy-224x224-2019-data/colored_images/Proliferate_DR/3b4a5fcbe5e0.png,4,train
3b58b02c89ed,/kaggle/input/datasets/sovitrath/diabetic-retinopathy-224x224-2019-data/colored_images/Moderate/3b58b02c89ed.png,2,train
3b5dffe159b6,/kaggle/input/datasets/sovitrath/diabetic-retinopathy-224x224-2019-data/colored_images/No_DR/3b5dffe159b6.png,0,train
3b73a3a4a734,/kaggle/input/datasets/sovitrath/diabetic-retinopathy-224x224-2019-data/colored_images/Mild/3b73a3a4a734.png,1,test
3b9817a39adf,/kaggle/input/datasets/sovitrath/diabetic-retinopathy-224x224-2019-data/colored_images/No_DR/3b9817a39adf.png,0,train
3b9c1f42c2f2,/kaggle/input/datasets/sovitrath/diabetic-retinopathy-224x224-2019-data/colored_images/Moderate/3b9c1f42c2f2.png,2,train
3bf2deaa5ef0,/kaggle/input/datasets/sovitrath/diabetic-retinopathy-224x224-2019-data/colored_images/No_DR/3bf2deaa5ef0.png,0,test
3bf3085ac167,/kaggle/input/datasets/sovitrath/diabetic-retinopathy-224x224-2019-data/colored_images/No_DR/3bf3085ac167.png,0,test
3c1efa38d0da,/kaggle/input/datasets/sovitrath/diabetic-retinopathy-224x224-2019-data/colored_images/Moderate/3c1efa38d0da.png,2,train
3c28fd846b43,/kaggle/input/datasets/sovitrath/diabetic-retinopathy-224x224-2019-data/colored_images/No_DR/3c28fd846b43.png,0,train
3c311c9109b0,/kaggle/input/datasets/sovitrath/diabetic-retinopathy-224x224-2019-data/colored_images/Moderate/3c311c9109b0.png,2,train
3c326543fff6,/kaggle/input/datasets/sovitrath/diabetic-retinopathy-224x224-2019-data/colored_images/No_DR/3c326543fff6.png,0,test
3c42512c81e0,/kaggle/input/datasets/sovitrath/diabetic-retinopathy-224x224-2019-data/colored_images/No_DR/3c42512c81e0.png,0,val
3c726de3ee90,/kaggle/input/datasets/sovitrath/diabetic-retinopathy-224x224-2019-data/colored_images/Mild/3c726de3ee90.png,1,train
3c72f580d4ba,/kaggle/input/datasets/sovitrath/diabetic-retinopathy-224x224-2019-data/colored_images/Mild/3c72f580d4ba.png,1,test
3c78bfca247b,/kaggle/input/datasets/sovitrath/diabetic-retinopathy-224x224-2019-data/colored_images/Proliferate_DR/3c78bfca247b.png,4,train
3c9529918097,/kaggle/input/datasets/sovitrath/diabetic-retinopathy-224x224-2019-data/colored_images/No_DR/3c9529918097.png,0,train
3ca12e02dd4e,/kaggle/input/datasets/sovitrath/diabetic-retinopathy-224x224-2019-data/colored_images/No_DR/3ca12e02dd4e.png,0,train
3ca8be3b40d6,/kaggle/input/datasets/sovitrath/diabetic-retinopathy-224x224-2019-data/colored_images/No_DR/3ca8be3b40d6.png,0,test
3cab32dd6ef9,/kaggle/input/datasets/sovitrath/diabetic-retinopathy-224x224-2019-data/colored_images/No_DR/3cab32dd6ef9.png,0,test
3ccf96c1dd6d,/kaggle/input/datasets/sovitrath/diabetic-retinopathy-224x224-2019-data/colored_images/Proliferate_DR/3ccf96c1dd6d.png,4,train
3cd9713c0ecb,/kaggle/input/datasets/sovitrath/diabetic-retinopathy-224x224-2019-data/colored_images/No_DR/3cd9713c0ecb.png,0,train
3cdda8b3df19,/kaggle/input/datasets/sovitrath/diabetic-retinopathy-224x224-2019-data/colored_images/Moderate/3cdda8b3df19.png,2,val
3cdef7c591cc,/kaggle/input/datasets/sovitrath/diabetic-retinopathy-224x224-2019-data/colored_images/No_DR/3cdef7c591cc.png,0,val
3ce2f8a77a32,/kaggle/input/datasets/sovitrath/diabetic-retinopathy-224x224-2019-data/colored_images/No_DR/3ce2f8a77a32.png,0,train
3d2ecffe0386,/kaggle/input/datasets/sovitrath/diabetic-retinopathy-224x224-2019-data/colored_images/No_DR/3d2ecffe0386.png,0,train
3d3e288d490e,/kaggle/input/datasets/sovitrath/diabetic-retinopathy-224x224-2019-data/colored_images/Moderate/3d3e288d490e.png,2,train
3d663a6a50a3,/kaggle/input/datasets/sovitrath/diabetic-retinopathy-224x224-2019-data/colored_images/Moderate/3d663a6a50a3.png,2,train
3dbc90c7ee7d,/kaggle/input/datasets/sovitrath/diabetic-retinopathy-224x224-2019-data/colored_images/Mild/3dbc90c7ee7d.png,1,train
3de8ad4151e1,/kaggle/input/datasets/sovitrath/diabetic-retinopathy-224x224-2019-data/colored_images/Mild/3de8ad4151e1.png,1,train
3dec415b188a,/kaggle/input/datasets/sovitrath/diabetic-retinopathy-224x224-2019-data/colored_images/No_DR/3dec415b188a.png,0,test
3dfc50108072,/kaggle/input/datasets/sovitrath/diabetic-retinopathy-224x224-2019-data/colored_images/Moderate/3dfc50108072.png,2,train
3e1f8fecb06f,/kaggle/input/datasets/sovitrath/diabetic-retinopathy-224x224-2019-data/colored_images/Moderate/3e1f8fecb06f.png,2,train
3e3a3955b9c5,/kaggle/input/datasets/sovitrath/diabetic-retinopathy-224x224-2019-data/colored_images/Severe/3e3a3955b9c5.png,3,val
3e61703b5ab2,/kaggle/input/datasets/sovitrath/diabetic-retinopathy-224x224-2019-data/colored_images/No_DR/3e61703b5ab2.png,0,train
3e6bfc4d5c65,/kaggle/input/datasets/sovitrath/diabetic-retinopathy-224x224-2019-data/colored_images/Moderate/3e6bfc4d5c65.png,2,val
3ee17aa12e46,/kaggle/input/datasets/sovitrath/diabetic-retinopathy-224x224-2019-data/colored_images/Mild/3ee17aa12e46.png,1,test
3f0d3629d69e,/kaggle/input/datasets/sovitrath/diabetic-retinopathy-224x224-2019-data/colored_images/No_DR/3f0d3629d69e.png,0,train
3f3de2a6b0f5,/kaggle/input/datasets/sovitrath/diabetic-retinopathy-224x224-2019-data/colored_images/Moderate/3f3de2a6b0f5.png,2,test
3f44d749cd0b,/kaggle/input/datasets/sovitrath/diabetic-retinopathy-224x224-2019-data/colored_images/No_DR/3f44d749cd0b.png,0,test
3f47f83217b5,/kaggle/input/datasets/sovitrath/diabetic-retinopathy-224x224-2019-data/colored_images/Moderate/3f47f83217b5.png,2,val
3f49f8d100e9,/kaggle/input/datasets/sovitrath/diabetic-retinopathy-224x224-2019-data/colored_images/Severe/3f49f8d100e9.png,3,train
3f5b4c2948e8,/kaggle/input/datasets/sovitrath/diabetic-retinopathy-224x224-2019-data/colored_images/Moderate/3f5b4c2948e8.png,2,train
3f6bccf21ce8,/kaggle/input/datasets/sovitrath/diabetic-retinopathy-224x224-2019-data/colored_images/No_DR/3f6bccf21ce8.png,0,test
3f6c627e2ff2,/kaggle/input/datasets/sovitrath/diabetic-retinopathy-224x224-2019-data/colored_images/No_DR/3f6c627e2ff2.png,0,train
3f73c91b7e32,/kaggle/input/datasets/sovitrath/diabetic-retinopathy-224x224-2019-data/colored_images/Mild/3f73c91b7e32.png,1,train
3f752fcccec0,/kaggle/input/datasets/sovitrath/diabetic-retinopathy-224x224-2019-data/colored_images/Proliferate_DR/3f752fcccec0.png,4,train
3f82631e9080,/kaggle/input/datasets/sovitrath/diabetic-retinopathy-224x224-2019-data/colored_images/No_DR/3f82631e9080.png,0,train
3f8d5c940ba4,/kaggle/input/datasets/sovitrath/diabetic-retinopathy-224x224-2019-data/colored_images/Moderate/3f8d5c940ba4.png,2,val
3f98be586fe3,/kaggle/input/datasets/sovitrath/diabetic-retinopathy-224x224-2019-data/colored_images/No_DR/3f98be586fe3.png,0,train
3fa4f4d77177,/kaggle/input/datasets/sovitrath/diabetic-retinopathy-224x224-2019-data/colored_images/Severe/3fa4f4d77177.png,3,train
3fc219927a97,/kaggle/input/datasets/sovitrath/diabetic-retinopathy-224x224-2019-data/colored_images/Moderate/3fc219927a97.png,2,train
3fd45879afe6,/kaggle/input/datasets/sovitrath/diabetic-retinopathy-224x224-2019-data/colored_images/No_DR/3fd45879afe6.png,0,train
3fd7df6099e3,/kaggle/input/datasets/sovitrath/diabetic-retinopathy-224x224-2019-data/colored_images/Moderate/3fd7df6099e3.png,2,train
3fe282197c1c,/kaggle/input/datasets/sovitrath/diabetic-retinopathy-224x224-2019-data/colored_images/No_DR/3fe282197c1c.png,0,test
3ffa14d60b24,/kaggle/input/datasets/sovitrath/diabetic-retinopathy-224x224-2019-data/colored_images/Moderate/3ffa14d60b24.png,2,train
40140a925c43,/kaggle/input/datasets/sovitrath/diabetic-retinopathy-224x224-2019-data/colored_images/Moderate/40140a925c43.png,2,val
401fdfd0db07,/kaggle/input/datasets/sovitrath/diabetic-retinopathy-224x224-2019-data/colored_images/No_DR/401fdfd0db07.png,0,val
4029d70e9d8a,/kaggle/input/datasets/sovitrath/diabetic-retinopathy-224x224-2019-data/colored_images/Mild/4029d70e9d8a.png,1,train
4036471a1bb7,/kaggle/input/datasets/sovitrath/diabetic-retinopathy-224x224-2019-data/colored_images/No_DR/4036471a1bb7.png,0,train
404ede327e98,/kaggle/input/datasets/sovitrath/diabetic-retinopathy-224x224-2019-data/colored_images/No_DR/404ede327e98.png,0,train
405085b53d7b,/kaggle/input/datasets/sovitrath/diabetic-retinopathy-224x224-2019-data/colored_images/No_DR/405085b53d7b.png,0,train
40527a5e95dd,/kaggle/input/datasets/sovitrath/diabetic-retinopathy-224x224-2019-data/colored_images/Moderate/40527a5e95dd.png,2,train
405b4f78658f,/kaggle/input/datasets/sovitrath/diabetic-retinopathy-224x224-2019-data/colored_images/Severe/405b4f78658f.png,3,train
408ea9d5e082,/kaggle/input/datasets/sovitrath/diabetic-retinopathy-224x224-2019-data/colored_images/Proliferate_DR/408ea9d5e082.png,4,train
40c24aded50c,/kaggle/input/datasets/sovitrath/diabetic-retinopathy-224x224-2019-data/colored_images/No_DR/40c24aded50c.png,0,train
40dd4e6e4444,/kaggle/input/datasets/sovitrath/diabetic-retinopathy-224x224-2019-data/colored_images/No_DR/40dd4e6e4444.png,0,train
40e9b5630438,/kaggle/input/datasets/sovitrath/diabetic-retinopathy-224x224-2019-data/colored_images/Mild/40e9b5630438.png,1,test
41345cec5957,/kaggle/input/datasets/sovitrath/diabetic-retinopathy-224x224-2019-data/colored_images/No_DR/41345cec5957.png,0,train
4134b290f5f3,/kaggle/input/datasets/sovitrath/diabetic-retinopathy-224x224-2019-data/colored_images/No_DR/4134b290f5f3.png,0,val
4145dcb25053,/kaggle/input/datasets/sovitrath/diabetic-retinopathy-224x224-2019-data/colored_images/No_DR/4145dcb25053.png,0,train
4158c340fa49,/kaggle/input/datasets/sovitrath/diabetic-retinopathy-224x224-2019-data/colored_images/No_DR/4158c340fa49.png,0,val
415d5c5e785f,/kaggle/input/datasets/sovitrath/diabetic-retinopathy-224x224-2019-data/colored_images/No_DR/415d5c5e785f.png,0,val
415f2d2bd2a1,/kaggle/input/datasets/sovitrath/diabetic-retinopathy-224x224-2019-data/colored_images/No_DR/415f2d2bd2a1.png,0,test
417f408ee8e0,/kaggle/input/datasets/sovitrath/diabetic-retinopathy-224x224-2019-data/colored_images/Moderate/417f408ee8e0.png,2,train
4189d4e631ec,/kaggle/input/datasets/sovitrath/diabetic-retinopathy-224x224-2019-data/colored_images/Moderate/4189d4e631ec.png,2,train
419406328dcd,/kaggle/input/datasets/sovitrath/diabetic-retinopathy-224x224-2019-data/colored_images/Moderate/419406328dcd.png,2,train
41960d5f58c2,/kaggle/input/datasets/sovitrath/diabetic-retinopathy-224x224-2019-data/colored_images/No_DR/41960d5f58c2.png,0,train
41ab357d103f,/kaggle/input/datasets/sovitrath/diabetic-retinopathy-224x224-2019-data/colored_images/No_DR/41ab357d103f.png,0,train
4205e9deb058,/kaggle/input/datasets/sovitrath/diabetic-retinopathy-224x224-2019-data/colored_images/No_DR/4205e9deb058.png,0,train
4210809074c1,/kaggle/input/datasets/sovitrath/diabetic-retinopathy-224x224-2019-data/colored_images/No_DR/4210809074c1.png,0,train
423abbaa5fad,/kaggle/input/datasets/sovitrath/diabetic-retinopathy-224x224-2019-data/colored_images/Moderate/423abbaa5fad.png,2,test
4242c0d87f57,/kaggle/input/datasets/sovitrath/diabetic-retinopathy-224x224-2019-data/colored_images/Moderate/4242c0d87f57.png,2,train
4246ed634f25,/kaggle/input/datasets/sovitrath/diabetic-retinopathy-224x224-2019-data/colored_images/Moderate/4246ed634f25.png,2,train
4276b82e4489,/kaggle/input/datasets/sovitrath/diabetic-retinopathy-224x224-2019-data/colored_images/No_DR/4276b82e4489.png,0,train
4289af3afbd2,/kaggle/input/datasets/sovitrath/diabetic-retinopathy-224x224-2019-data/colored_images/Moderate/4289af3afbd2.png,2,train
4294a14c656a,/kaggle/input/datasets/sovitrath/diabetic-retinopathy-224x224-2019-data/colored_images/Severe/4294a14c656a.png,3,train
42a67337fa8e,/kaggle/input/datasets/sovitrath/diabetic-retinopathy-224x224-2019-data/colored_images/Moderate/42a67337fa8e.png,2,train
42af7282349b,/kaggle/input/datasets/sovitrath/diabetic-retinopathy-224x224-2019-data/colored_images/No_DR/42af7282349b.png,0,val
42b08dca9b2f,/kaggle/input/datasets/sovitrath/diabetic-retinopathy-224x224-2019-data/colored_images/Moderate/42b08dca9b2f.png,2,test
42b93b574f23,/kaggle/input/datasets/sovitrath/diabetic-retinopathy-224x224-2019-data/colored_images/Moderate/42b93b574f23.png,2,train
42b9c1977681,/kaggle/input/datasets/sovitrath/diabetic-retinopathy-224x224-2019-data/colored_images/No_DR/42b9c1977681.png,0,train
42c65af5ab16,/kaggle/input/datasets/sovitrath/diabetic-retinopathy-224x224-2019-data/colored_images/No_DR/42c65af5ab16.png,0,train
42cc993f23a9,/kaggle/input/datasets/sovitrath/diabetic-retinopathy-224x224-2019-data/colored_images/Severe/42cc993f23a9.png,3,test
4318b6adeb97,/kaggle/input/datasets/sovitrath/diabetic-retinopathy-224x224-2019-data/colored_images/No_DR/4318b6adeb97.png,0,train
4350a1b2f3cb,/kaggle/input/datasets/sovitrath/diabetic-retinopathy-224x224-2019-data/colored_images/No_DR/4350a1b2f3cb.png,0,train
435414ccccf7,/kaggle/input/datasets/sovitrath/diabetic-retinopathy-224x224-2019-data/colored_images/No_DR/435414ccccf7.png,0,train
4360a112db10,/kaggle/input/datasets/sovitrath/diabetic-retinopathy-224x224-2019-data/colored_images/Severe/4360a112db10.png,3,train
436e1793d240,/kaggle/input/datasets/sovitrath/diabetic-retinopathy-224x224-2019-data/colored_images/Moderate/436e1793d240.png,2,val
436e7a7af761,/kaggle/input/datasets/sovitrath/diabetic-retinopathy-224x224-2019-data/colored_images/No_DR/436e7a7af761.png,0,train
436fa3fd145a,/kaggle/input/datasets/sovitrath/diabetic-retinopathy-224x224-2019-data/colored_images/No_DR/436fa3fd145a.png,0,val
437900a99871,/kaggle/input/datasets/sovitrath/diabetic-retinopathy-224x224-2019-data/colored_images/Moderate/437900a99871.png,2,val
437cbec4a3f8,/kaggle/input/datasets/sovitrath/diabetic-retinopathy-224x224-2019-data/colored_images/Moderate/437cbec4a3f8.png,2,test
43823561c3f0,/kaggle/input/datasets/sovitrath/diabetic-retinopathy-224x224-2019-data/colored_images/No_DR/43823561c3f0.png,0,train
4384fa687afa,/kaggle/input/datasets/sovitrath/diabetic-retinopathy-224x224-2019-data/colored_images/Moderate/4384fa687afa.png,2,test
4393c5bc576a,/kaggle/input/datasets/sovitrath/diabetic-retinopathy-224x224-2019-data/colored_images/Mild/4393c5bc576a.png,1,train
43bc7c066dfb,/kaggle/input/datasets/sovitrath/diabetic-retinopathy-224x224-2019-data/colored_images/No_DR/43bc7c066dfb.png,0,train
43ddd0ab0cc4,/kaggle/input/datasets/sovitrath/diabetic-retinopathy-224x224-2019-data/colored_images/Moderate/43ddd0ab0cc4.png,2,train
43e9c66eb0f3,/kaggle/input/datasets/sovitrath/diabetic-retinopathy-224x224-2019-data/colored_images/No_DR/43e9c66eb0f3.png,0,train
43f22d1be8dd,/kaggle/input/datasets/sovitrath/diabetic-retinopathy-224x224-2019-data/colored_images/No_DR/43f22d1be8dd.png,0,val
43fb6eda9b97,/kaggle/input/datasets/sovitrath/diabetic-retinopathy-224x224-2019-data/colored_images/Moderate/43fb6eda9b97.png,2,train
4403538fb50f,/kaggle/input/datasets/sovitrath/diabetic-retinopathy-224x224-2019-data/colored_images/No_DR/4403538fb50f.png,0,train
4409965eb2a4,/kaggle/input/datasets/sovitrath/diabetic-retinopathy-224x224-2019-data/colored_images/No_DR/4409965eb2a4.png,0,train
441117562359,/kaggle/input/datasets/sovitrath/diabetic-retinopathy-224x224-2019-data/colored_images/Moderate/441117562359.png,2,train
441848e0f308,/kaggle/input/datasets/sovitrath/diabetic-retinopathy-224x224-2019-data/colored_images/No_DR/441848e0f308.png,0,train
441affbe99aa,/kaggle/input/datasets/sovitrath/diabetic-retinopathy-224x224-2019-data/colored_images/Moderate/441affbe99aa.png,2,val
44271f3cb18f,/kaggle/input/datasets/sovitrath/diabetic-retinopathy-224x224-2019-data/colored_images/No_DR/44271f3cb18f.png,0,train
445a8a6da55c,/kaggle/input/datasets/sovitrath/diabetic-retinopathy-224x224-2019-data/colored_images/No_DR/445a8a6da55c.png,0,train
4462fba1d2a1,/kaggle/input/datasets/sovitrath/diabetic-retinopathy-224x224-2019-data/colored_images/Proliferate_DR/4462fba1d2a1.png,4,train
4464bb62bf20,/kaggle/input/datasets/sovitrath/diabetic-retinopathy-224x224-2019-data/colored_images/No_DR/4464bb62bf20.png,0,test
4478b870e549,/kaggle/input/datasets/sovitrath/diabetic-retinopathy-224x224-2019-data/colored_images/Moderate/4478b870e549.png,2,train
44855f666225,/kaggle/input/datasets/sovitrath/diabetic-retinopathy-224x224-2019-data/colored_images/Moderate/44855f666225.png,2,val
44878f34e31f,/kaggle/input/datasets/sovitrath/diabetic-retinopathy-224x224-2019-data/colored_images/No_DR/44878f34e31f.png,0,train
4489d421e5aa,/kaggle/input/datasets/sovitrath/diabetic-retinopathy-224x224-2019-data/colored_images/Moderate/4489d421e5aa.png,2,train
44976c3b11a6,/kaggle/input/datasets/sovitrath/diabetic-retinopathy-224x224-2019-data/colored_images/No_DR/44976c3b11a6.png,0,train
44a4d04162cc,/kaggle/input/datasets/sovitrath/diabetic-retinopathy-224x224-2019-data/colored_images/No_DR/44a4d04162cc.png,0,train
44a86263117b,/kaggle/input/datasets/sovitrath/diabetic-retinopathy-224x224-2019-data/colored_images/No_DR/44a86263117b.png,0,val
44c869174e3a,/kaggle/input/datasets/sovitrath/diabetic-retinopathy-224x224-2019-data/colored_images/Moderate/44c869174e3a.png,2,train
44e0d56e9d42,/kaggle/input/datasets/sovitrath/diabetic-retinopathy-224x224-2019-data/colored_images/Moderate/44e0d56e9d42.png,2,train
44e951e45dca,/kaggle/input/datasets/sovitrath/diabetic-retinopathy-224x224-2019-data/colored_images/Moderate/44e951e45dca.png,2,train
44ecf3f4efa5,/kaggle/input/datasets/sovitrath/diabetic-retinopathy-224x224-2019-data/colored_images/Proliferate_DR/44ecf3f4efa5.png,4,train
44f4ae58990e,/kaggle/input/datasets/sovitrath/diabetic-retinopathy-224x224-2019-data/colored_images/Moderate/44f4ae58990e.png,2,train
44f7f3ef9d50,/kaggle/input/datasets/sovitrath/diabetic-retinopathy-224x224-2019-data/colored_images/No_DR/44f7f3ef9d50.png,0,train
4528fbbd43a3,/kaggle/input/datasets/sovitrath/diabetic-retinopathy-224x224-2019-data/colored_images/No_DR/4528fbbd43a3.png,0,val
45369821d6a3,/kaggle/input/datasets/sovitrath/diabetic-retinopathy-224x224-2019-data/colored_images/No_DR/45369821d6a3.png,0,train
453a1e2754b2,/kaggle/input/datasets/sovitrath/diabetic-retinopathy-224x224-2019-data/colored_images/Moderate/453a1e2754b2.png,2,val
453d553b0a94,/kaggle/input/datasets/sovitrath/diabetic-retinopathy-224x224-2019-data/colored_images/Moderate/453d553b0a94.png,2,test
454792eb6e05,/kaggle/input/datasets/sovitrath/diabetic-retinopathy-224x224-2019-data/colored_images/No_DR/454792eb6e05.png,0,train
454a944eb557,/kaggle/input/datasets/sovitrath/diabetic-retinopathy-224x224-2019-data/colored_images/No_DR/454a944eb557.png,0,train
4554062fa836,/kaggle/input/datasets/sovitrath/diabetic-retinopathy-224x224-2019-data/colored_images/No_DR/4554062fa836.png,0,train
45693d027798,/kaggle/input/datasets/sovitrath/diabetic-retinopathy-224x224-2019-data/colored_images/No_DR/45693d027798.png,0,train
457c7c927e27,/kaggle/input/datasets/sovitrath/diabetic-retinopathy-224x224-2019-data/colored_images/Severe/457c7c927e27.png,3,train
45ae04cfde5d,/kaggle/input/datasets/sovitrath/diabetic-retinopathy-224x224-2019-data/colored_images/Moderate/45ae04cfde5d.png,2,train
45c39ab9e797,/kaggle/input/datasets/sovitrath/diabetic-retinopathy-224x224-2019-data/colored_images/Moderate/45c39ab9e797.png,2,train
45e4b7eada54,/kaggle/input/datasets/sovitrath/diabetic-retinopathy-224x224-2019-data/colored_images/Mild/45e4b7eada54.png,1,train
460893cd86e3,/kaggle/input/datasets/sovitrath/diabetic-retinopathy-224x224-2019-data/colored_images/Moderate/460893cd86e3.png,2,test
461fa5292fda,/kaggle/input/datasets/sovitrath/diabetic-retinopathy-224x224-2019-data/colored_images/No_DR/461fa5292fda.png,0,train
462937ece243,/kaggle/input/datasets/sovitrath/diabetic-retinopathy-224x224-2019-data/colored_images/No_DR/462937ece243.png,0,train
465c618f7b23,/kaggle/input/datasets/sovitrath/diabetic-retinopathy-224x224-2019-data/colored_images/Moderate/465c618f7b23.png,2,train
4661006f3ba6,/kaggle/input/datasets/sovitrath/diabetic-retinopathy-224x224-2019-data/colored_images/Mild/4661006f3ba6.png,1,train
467b7d9d811c,/kaggle/input/datasets/sovitrath/diabetic-retinopathy-224x224-2019-data/colored_images/Moderate/467b7d9d811c.png,2,train
4689b739d240,/kaggle/input/datasets/sovitrath/diabetic-retinopathy-224x224-2019-data/colored_images/Proliferate_DR/4689b739d240.png,4,test
46923eea9a4e,/kaggle/input/datasets/sovitrath/diabetic-retinopathy-224x224-2019-data/colored_images/Moderate/46923eea9a4e.png,2,train
46acc506fa61,/kaggle/input/datasets/sovitrath/diabetic-retinopathy-224x224-2019-data/colored_images/No_DR/46acc506fa61.png,0,test
46c1548d730e,/kaggle/input/datasets/sovitrath/diabetic-retinopathy-224x224-2019-data/colored_images/Moderate/46c1548d730e.png,2,train
46d3316c4857,/kaggle/input/datasets/sovitrath/diabetic-retinopathy-224x224-2019-data/colored_images/Proliferate_DR/46d3316c4857.png,4,train
46f56c38051f,/kaggle/input/datasets/sovitrath/diabetic-retinopathy-224x224-2019-data/colored_images/Moderate/46f56c38051f.png,2,train
4704dbb59536,/kaggle/input/datasets/sovitrath/diabetic-retinopathy-224x224-2019-data/colored_images/No_DR/4704dbb59536.png,0,train
4731e708ede3,/kaggle/input/datasets/sovitrath/diabetic-retinopathy-224x224-2019-data/colored_images/No_DR/4731e708ede3.png,0,train
475300735b7f,/kaggle/input/datasets/sovitrath/diabetic-retinopathy-224x224-2019-data/colored_images/No_DR/475300735b7f.png,0,train
47536db39f00,/kaggle/input/datasets/sovitrath/diabetic-retinopathy-224x224-2019-data/colored_images/No_DR/47536db39f00.png,0,test
475c7ded0f7a,/kaggle/input/datasets/sovitrath/diabetic-retinopathy-224x224-2019-data/colored_images/Moderate/475c7ded0f7a.png,2,train
478fc46eaa49,/kaggle/input/datasets/sovitrath/diabetic-retinopathy-224x224-2019-data/colored_images/No_DR/478fc46eaa49.png,0,train
47b756014447,/kaggle/input/datasets/sovitrath/diabetic-retinopathy-224x224-2019-data/colored_images/Moderate/47b756014447.png,2,test
47d1603a555b,/kaggle/input/datasets/sovitrath/diabetic-retinopathy-224x224-2019-data/colored_images/Mild/47d1603a555b.png,1,val
47e51065b819,/kaggle/input/datasets/sovitrath/diabetic-retinopathy-224x224-2019-data/colored_images/Moderate/47e51065b819.png,2,test
4818672273af,/kaggle/input/datasets/sovitrath/diabetic-retinopathy-224x224-2019-data/colored_images/Moderate/4818672273af.png,2,train
482088e6be44,/kaggle/input/datasets/sovitrath/diabetic-retinopathy-224x224-2019-data/colored_images/No_DR/482088e6be44.png,0,train
4826d10030b3,/kaggle/input/datasets/sovitrath/diabetic-retinopathy-224x224-2019-data/colored_images/No_DR/4826d10030b3.png,0,train
484dbeb9bf2a,/kaggle/input/datasets/sovitrath/diabetic-retinopathy-224x224-2019-data/colored_images/No_DR/484dbeb9bf2a.png,0,test
48543037d0b3,/kaggle/input/datasets/sovitrath/diabetic-retinopathy-224x224-2019-data/colored_images/Moderate/48543037d0b3.png,2,train
4860f7813654,/kaggle/input/datasets/sovitrath/diabetic-retinopathy-224x224-2019-data/colored_images/No_DR/4860f7813654.png,0,train
486e852a3b4d,/kaggle/input/datasets/sovitrath/diabetic-retinopathy-224x224-2019-data/colored_images/No_DR/486e852a3b4d.png,0,train
48a45619d1a3,/kaggle/input/datasets/sovitrath/diabetic-retinopathy-224x224-2019-data/colored_images/No_DR/48a45619d1a3.png,0,test
48afe8c47454,/kaggle/input/datasets/sovitrath/diabetic-retinopathy-224x224-2019-data/colored_images/Moderate/48afe8c47454.png,2,train
48c49f662f7d,/kaggle/input/datasets/sovitrath/diabetic-retinopathy-224x224-2019-data/colored_images/Moderate/48c49f662f7d.png,2,train
48c72dec46e5,/kaggle/input/datasets/sovitrath/diabetic-retinopathy-224x224-2019-data/colored_images/Moderate/48c72dec46e5.png,2,test
48fda42bd5d4,/kaggle/input/datasets/sovitrath/diabetic-retinopathy-224x224-2019-data/colored_images/Moderate/48fda42bd5d4.png,2,train
4926dea289f8,/kaggle/input/datasets/sovitrath/diabetic-retinopathy-224x224-2019-data/colored_images/No_DR/4926dea289f8.png,0,train
4927945ecfed,/kaggle/input/datasets/sovitrath/diabetic-retinopathy-224x224-2019-data/colored_images/No_DR/4927945ecfed.png,0,train
49386d603494,/kaggle/input/datasets/sovitrath/diabetic-retinopathy-224x224-2019-data/colored_images/Mild/49386d603494.png,1,train
493d99f030e2,/kaggle/input/datasets/sovitrath/diabetic-retinopathy-224x224-2019-data/colored_images/No_DR/493d99f030e2.png,0,train
49419f8d5cb4,/kaggle/input/datasets/sovitrath/diabetic-retinopathy-224x224-2019-data/colored_images/Moderate/49419f8d5cb4.png,2,train
494fc9c745a3,/kaggle/input/datasets/sovitrath/diabetic-retinopathy-224x224-2019-data/colored_images/Mild/494fc9c745a3.png,1,train
495106ae3b68,/kaggle/input/datasets/sovitrath/diabetic-retinopathy-224x224-2019-data/colored_images/No_DR/495106ae3b68.png,0,train
495255c7492f,/kaggle/input/datasets/sovitrath/diabetic-retinopathy-224x224-2019-data/colored_images/Mild/495255c7492f.png,1,train
4958bfcc9f38,/kaggle/input/datasets/sovitrath/diabetic-retinopathy-224x224-2019-data/colored_images/No_DR/4958bfcc9f38.png,0,train
496155f71d0a,/kaggle/input/datasets/sovitrath/diabetic-retinopathy-224x224-2019-data/colored_images/No_DR/496155f71d0a.png,0,val
4982378d72f9,/kaggle/input/datasets/sovitrath/diabetic-retinopathy-224x224-2019-data/colored_images/No_DR/4982378d72f9.png,0,train
498f143c0374,/kaggle/input/datasets/sovitrath/diabetic-retinopathy-224x224-2019-data/colored_images/Severe/498f143c0374.png,3,train
499c8df39222,/kaggle/input/datasets/sovitrath/diabetic-retinopathy-224x224-2019-data/colored_images/Proliferate_DR/499c8df39222.png,4,train
49a4765f8822,/kaggle/input/datasets/sovitrath/diabetic-retinopathy-224x224-2019-data/colored_images/Moderate/49a4765f8822.png,2,val
49c5e7f6b8d2,/kaggle/input/datasets/sovitrath/diabetic-retinopathy-224x224-2019-data/colored_images/Mild/49c5e7f6b8d2.png,1,train
49d69c4c6290,/kaggle/input/datasets/sovitrath/diabetic-retinopathy-224x224-2019-data/colored_images/Moderate/49d69c4c6290.png,2,train
49e4b95ee2dc,/kaggle/input/datasets/sovitrath/diabetic-retinopathy-224x224-2019-data/colored_images/No_DR/49e4b95ee2dc.png,0,test
49eb73968c44,/kaggle/input/datasets/sovitrath/diabetic-retinopathy-224x224-2019-data/colored_images/No_DR/49eb73968c44.png,0,train
4a05f81b3aba,/kaggle/input/datasets/sovitrath/diabetic-retinopathy-224x224-2019-data/colored_images/No_DR/4a05f81b3aba.png,0,train
4a0890b08532,/kaggle/input/datasets/sovitrath/diabetic-retinopathy-224x224-2019-data/colored_images/Moderate/4a0890b08532.png,2,train
4a0bba3b7d83,/kaggle/input/datasets/sovitrath/diabetic-retinopathy-224x224-2019-data/colored_images/Moderate/4a0bba3b7d83.png,2,train
4a1afe4044f4,/kaggle/input/datasets/sovitrath/diabetic-retinopathy-224x224-2019-data/colored_images/No_DR/4a1afe4044f4.png,0,train
4a213b405ee4,/kaggle/input/datasets/sovitrath/diabetic-retinopathy-224x224-2019-data/colored_images/Mild/4a213b405ee4.png,1,train
4a3da369b227,/kaggle/input/datasets/sovitrath/diabetic-retinopathy-224x224-2019-data/colored_images/Proliferate_DR/4a3da369b227.png,4,train
4a4cb731f91a,/kaggle/input/datasets/sovitrath/diabetic-retinopathy-224x224-2019-data/colored_images/No_DR/4a4cb731f91a.png,0,train
4a558a1cd243,/kaggle/input/datasets/sovitrath/diabetic-retinopathy-224x224-2019-data/colored_images/Moderate/4a558a1cd243.png,2,train
4a589edaea60,/kaggle/input/datasets/sovitrath/diabetic-retinopathy-224x224-2019-data/colored_images/No_DR/4a589edaea60.png,0,train
4a5a6efc0bef,/kaggle/input/datasets/sovitrath/diabetic-retinopathy-224x224-2019-data/colored_images/No_DR/4a5a6efc0bef.png,0,train
4a693dd3921a,/kaggle/input/datasets/sovitrath/diabetic-retinopathy-224x224-2019-data/colored_images/Proliferate_DR/4a693dd3921a.png,4,test
4a7dc013e802,/kaggle/input/datasets/sovitrath/diabetic-retinopathy-224x224-2019-data/colored_images/Proliferate_DR/4a7dc013e802.png,4,test
4a96c28f3f07,/kaggle/input/datasets/sovitrath/diabetic-retinopathy-224x224-2019-data/colored_images/No_DR/4a96c28f3f07.png,0,train
4aa07d720638,/kaggle/input/datasets/sovitrath/diabetic-retinopathy-224x224-2019-data/colored_images/Mild/4aa07d720638.png,1,train
4aa3d771c5e4,/kaggle/input/datasets/sovitrath/diabetic-retinopathy-224x224-2019-data/colored_images/No_DR/4aa3d771c5e4.png,0,train
4ab8c0cece7f,/kaggle/input/datasets/sovitrath/diabetic-retinopathy-224x224-2019-data/colored_images/No_DR/4ab8c0cece7f.png,0,train
4abca30b676b,/kaggle/input/datasets/sovitrath/diabetic-retinopathy-224x224-2019-data/colored_images/Proliferate_DR/4abca30b676b.png,4,train
4ad6109706e8,/kaggle/input/datasets/sovitrath/diabetic-retinopathy-224x224-2019-data/colored_images/Moderate/4ad6109706e8.png,2,train
4ad8d3ec8789,/kaggle/input/datasets/sovitrath/diabetic-retinopathy-224x224-2019-data/colored_images/No_DR/4ad8d3ec8789.png,0,test
4b1001050f1d,/kaggle/input/datasets/sovitrath/diabetic-retinopathy-224x224-2019-data/colored_images/Moderate/4b1001050f1d.png,2,test
4b237b958555,/kaggle/input/datasets/sovitrath/diabetic-retinopathy-224x224-2019-data/colored_images/No_DR/4b237b958555.png,0,train
4b422b48d0d4,/kaggle/input/datasets/sovitrath/diabetic-retinopathy-224x224-2019-data/colored_images/Moderate/4b422b48d0d4.png,2,train
4b5ffea77373,/kaggle/input/datasets/sovitrath/diabetic-retinopathy-224x224-2019-data/colored_images/Moderate/4b5ffea77373.png,2,train
4b618537d52f,/kaggle/input/datasets/sovitrath/diabetic-retinopathy-224x224-2019-data/colored_images/Severe/4b618537d52f.png,3,train
4b6895d0cf8d,/kaggle/input/datasets/sovitrath/diabetic-retinopathy-224x224-2019-data/colored_images/No_DR/4b6895d0cf8d.png,0,train
4b6cb0bcfd44,/kaggle/input/datasets/sovitrath/diabetic-retinopathy-224x224-2019-data/colored_images/No_DR/4b6cb0bcfd44.png,0,train
4bcee3cbe232,/kaggle/input/datasets/sovitrath/diabetic-retinopathy-224x224-2019-data/colored_images/No_DR/4bcee3cbe232.png,0,val
4bd5d0b30198,/kaggle/input/datasets/sovitrath/diabetic-retinopathy-224x224-2019-data/colored_images/No_DR/4bd5d0b30198.png,0,train
4bd941611343,/kaggle/input/datasets/sovitrath/diabetic-retinopathy-224x224-2019-data/colored_images/Proliferate_DR/4bd941611343.png,4,train
4beeca5cc859,/kaggle/input/datasets/sovitrath/diabetic-retinopathy-224x224-2019-data/colored_images/No_DR/4beeca5cc859.png,0,train
4c129470cec4,/kaggle/input/datasets/sovitrath/diabetic-retinopathy-224x224-2019-data/colored_images/Mild/4c129470cec4.png,1,train
4c17e85686f0,/kaggle/input/datasets/sovitrath/diabetic-retinopathy-224x224-2019-data/colored_images/No_DR/4c17e85686f0.png,0,train
4c389d033cb0,/kaggle/input/datasets/sovitrath/diabetic-retinopathy-224x224-2019-data/colored_images/No_DR/4c389d033cb0.png,0,test
4c3c1ed09771,/kaggle/input/datasets/sovitrath/diabetic-retinopathy-224x224-2019-data/colored_images/Mild/4c3c1ed09771.png,1,train
4c52922f3bfd,/kaggle/input/datasets/sovitrath/diabetic-retinopathy-224x224-2019-data/colored_images/Moderate/4c52922f3bfd.png,2,train
4c53cc97ea13,/kaggle/input/datasets/sovitrath/diabetic-retinopathy-224x224-2019-data/colored_images/No_DR/4c53cc97ea13.png,0,train
4c570172778b,/kaggle/input/datasets/sovitrath/diabetic-retinopathy-224x224-2019-data/colored_images/Severe/4c570172778b.png,3,train
4c5ab774a381,/kaggle/input/datasets/sovitrath/diabetic-retinopathy-224x224-2019-data/colored_images/No_DR/4c5ab774a381.png,0,train
4c60b10a3a6a,/kaggle/input/datasets/sovitrath/diabetic-retinopathy-224x224-2019-data/colored_images/Severe/4c60b10a3a6a.png,3,train
4c60f6fcea75,/kaggle/input/datasets/sovitrath/diabetic-retinopathy-224x224-2019-data/colored_images/No_DR/4c60f6fcea75.png,0,train
4c635a01593d,/kaggle/input/datasets/sovitrath/diabetic-retinopathy-224x224-2019-data/colored_images/No_DR/4c635a01593d.png,0,train
4c6c5a1bf5ab,/kaggle/input/datasets/sovitrath/diabetic-retinopathy-224x224-2019-data/colored_images/No_DR/4c6c5a1bf5ab.png,0,train
4c78d9d18da9,/kaggle/input/datasets/sovitrath/diabetic-retinopathy-224x224-2019-data/colored_images/Moderate/4c78d9d18da9.png,2,train
4c9f0fdaaef7,/kaggle/input/datasets/sovitrath/diabetic-retinopathy-224x224-2019-data/colored_images/Severe/4c9f0fdaaef7.png,3,train
4cae247d9909,/kaggle/input/datasets/sovitrath/diabetic-retinopathy-224x224-2019-data/colored_images/Mild/4cae247d9909.png,1,test
4ccee4db09b6,/kaggle/input/datasets/sovitrath/diabetic-retinopathy-224x224-2019-data/colored_images/No_DR/4ccee4db09b6.png,0,train
4cddfc22b0ad,/kaggle/input/datasets/sovitrath/diabetic-retinopathy-224x224-2019-data/colored_images/No_DR/4cddfc22b0ad.png,0,train
4cde86044ad1,/kaggle/input/datasets/sovitrath/diabetic-retinopathy-224x224-2019-data/colored_images/No_DR/4cde86044ad1.png,0,train
4ce74e5eb51d,/kaggle/input/datasets/sovitrath/diabetic-retinopathy-224x224-2019-data/colored_images/Moderate/4ce74e5eb51d.png,2,train
4cf4d528c08e,/kaggle/input/datasets/sovitrath/diabetic-retinopathy-224x224-2019-data/colored_images/No_DR/4cf4d528c08e.png,0,train
4cfd22ae43d4,/kaggle/input/datasets/sovitrath/diabetic-retinopathy-224x224-2019-data/colored_images/No_DR/4cfd22ae43d4.png,0,test
4d009cebabc9,/kaggle/input/datasets/sovitrath/diabetic-retinopathy-224x224-2019-data/colored_images/Moderate/4d009cebabc9.png,2,train
4d167ca69ea8,/kaggle/input/datasets/sovitrath/diabetic-retinopathy-224x224-2019-data/colored_images/No_DR/4d167ca69ea8.png,0,val
4d17559ac1e2,/kaggle/input/datasets/sovitrath/diabetic-retinopathy-224x224-2019-data/colored_images/No_DR/4d17559ac1e2.png,0,train
4d1cf360b2d7,/kaggle/input/datasets/sovitrath/diabetic-retinopathy-224x224-2019-data/colored_images/Moderate/4d1cf360b2d7.png,2,train
4d1e7def7624,/kaggle/input/datasets/sovitrath/diabetic-retinopathy-224x224-2019-data/colored_images/No_DR/4d1e7def7624.png,0,train
4d21ce39c905,/kaggle/input/datasets/sovitrath/diabetic-retinopathy-224x224-2019-data/colored_images/Moderate/4d21ce39c905.png,2,train
4d3de40ced3a,/kaggle/input/datasets/sovitrath/diabetic-retinopathy-224x224-2019-data/colored_images/No_DR/4d3de40ced3a.png,0,train
4d47300e3ddb,/kaggle/input/datasets/sovitrath/diabetic-retinopathy-224x224-2019-data/colored_images/Severe/4d47300e3ddb.png,3,val
4d7d6928534a,/kaggle/input/datasets/sovitrath/diabetic-retinopathy-224x224-2019-data/colored_images/Mild/4d7d6928534a.png,1,val
4da2961e62fe,/kaggle/input/datasets/sovitrath/diabetic-retinopathy-224x224-2019-data/colored_images/Mild/4da2961e62fe.png,1,train
4da6e2089d57,/kaggle/input/datasets/sovitrath/diabetic-retinopathy-224x224-2019-data/colored_images/Moderate/4da6e2089d57.png,2,train
4dbce359d0e1,/kaggle/input/datasets/sovitrath/diabetic-retinopathy-224x224-2019-data/colored_images/Moderate/4dbce359d0e1.png,2,train
4dc2211a1c31,/kaggle/input/datasets/sovitrath/diabetic-retinopathy-224x224-2019-data/colored_images/Proliferate_DR/4dc2211a1c31.png,4,train
4dd14c380696,/kaggle/input/datasets/sovitrath/diabetic-retinopathy-224x224-2019-data/colored_images/No_DR/4dd14c380696.png,0,train
4dd4a4bf2421,/kaggle/input/datasets/sovitrath/diabetic-retinopathy-224x224-2019-data/colored_images/No_DR/4dd4a4bf2421.png,0,test
4dd5d5ccddcf,/kaggle/input/datasets/sovitrath/diabetic-retinopathy-224x224-2019-data/colored_images/Mild/4dd5d5ccddcf.png,1,test
4dd71fc7f22b,/kaggle/input/datasets/sovitrath/diabetic-retinopathy-224x224-2019-data/colored_images/Proliferate_DR/4dd71fc7f22b.png,4,train
4dd7b322f342,/kaggle/input/datasets/sovitrath/diabetic-retinopathy-224x224-2019-data/colored_images/No_DR/4dd7b322f342.png,0,train
4dd9d29eae5d,/kaggle/input/datasets/sovitrath/diabetic-retinopathy-224x224-2019-data/colored_images/Mild/4dd9d29eae5d.png,1,train
4df6a81b476e,/kaggle/input/datasets/sovitrath/diabetic-retinopathy-224x224-2019-data/colored_images/Severe/4df6a81b476e.png,3,val
4e0656629d02,/kaggle/input/datasets/sovitrath/diabetic-retinopathy-224x224-2019-data/colored_images/Mild/4e0656629d02.png,1,train
4e1e252317b5,/kaggle/input/datasets/sovitrath/diabetic-retinopathy-224x224-2019-data/colored_images/No_DR/4e1e252317b5.png,0,test
4e231670b48c,/kaggle/input/datasets/sovitrath/diabetic-retinopathy-224x224-2019-data/colored_images/No_DR/4e231670b48c.png,0,train
4e43d05cc2ef,/kaggle/input/datasets/sovitrath/diabetic-retinopathy-224x224-2019-data/colored_images/Moderate/4e43d05cc2ef.png,2,train
4e4a6224a04e,/kaggle/input/datasets/sovitrath/diabetic-retinopathy-224x224-2019-data/colored_images/No_DR/4e4a6224a04e.png,0,train
4e54ccfd49b2,/kaggle/input/datasets/sovitrath/diabetic-retinopathy-224x224-2019-data/colored_images/No_DR/4e54ccfd49b2.png,0,train
4e6071b73120,/kaggle/input/datasets/sovitrath/diabetic-retinopathy-224x224-2019-data/colored_images/Mild/4e6071b73120.png,1,val
4e7694eebb91,/kaggle/input/datasets/sovitrath/diabetic-retinopathy-224x224-2019-data/colored_images/Moderate/4e7694eebb91.png,2,train
4e82c3c8d31f,/kaggle/input/datasets/sovitrath/diabetic-retinopathy-224x224-2019-data/colored_images/Mild/4e82c3c8d31f.png,1,train
4e8585a96739,/kaggle/input/datasets/sovitrath/diabetic-retinopathy-224x224-2019-data/colored_images/No_DR/4e8585a96739.png,0,train
4e85aa647534,/kaggle/input/datasets/sovitrath/diabetic-retinopathy-224x224-2019-data/colored_images/No_DR/4e85aa647534.png,0,train
4eabad7948cf,/kaggle/input/datasets/sovitrath/diabetic-retinopathy-224x224-2019-data/colored_images/No_DR/4eabad7948cf.png,0,train
4eaf2f81819d,/kaggle/input/datasets/sovitrath/diabetic-retinopathy-224x224-2019-data/colored_images/No_DR/4eaf2f81819d.png,0,train
4ec7796df40e,/kaggle/input/datasets/sovitrath/diabetic-retinopathy-224x224-2019-data/colored_images/No_DR/4ec7796df40e.png,0,train
4ecd1fdd1435,/kaggle/input/datasets/sovitrath/diabetic-retinopathy-224x224-2019-data/colored_images/Mild/4ecd1fdd1435.png,1,test
4ed31cc07366,/kaggle/input/datasets/sovitrath/diabetic-retinopathy-224x224-2019-data/colored_images/Moderate/4ed31cc07366.png,2,val
4ee1ad981a6d,/kaggle/input/datasets/sovitrath/diabetic-retinopathy-224x224-2019-data/colored_images/Moderate/4ee1ad981a6d.png,2,train
4ef0b485a7da,/kaggle/input/datasets/sovitrath/diabetic-retinopathy-224x224-2019-data/colored_images/Moderate/4ef0b485a7da.png,2,train
4ef16a53d899,/kaggle/input/datasets/sovitrath/diabetic-retinopathy-224x224-2019-data/colored_images/No_DR/4ef16a53d899.png,0,train
4ef7144e24ff,/kaggle/input/datasets/sovitrath/diabetic-retinopathy-224x224-2019-data/colored_images/Mild/4ef7144e24ff.png,1,train
4f0866b90c27,/kaggle/input/datasets/sovitrath/diabetic-retinopathy-224x224-2019-data/colored_images/Severe/4f0866b90c27.png,3,train
4f20f9a9a65b,/kaggle/input/datasets/sovitrath/diabetic-retinopathy-224x224-2019-data/colored_images/Moderate/4f20f9a9a65b.png,2,train
4f46d7ee61ed,/kaggle/input/datasets/sovitrath/diabetic-retinopathy-224x224-2019-data/colored_images/Moderate/4f46d7ee61ed.png,2,train
4f5dd7660b17,/kaggle/input/datasets/sovitrath/diabetic-retinopathy-224x224-2019-data/colored_images/No_DR/4f5dd7660b17.png,0,test
4f60129e9a5b,/kaggle/input/datasets/sovitrath/diabetic-retinopathy-224x224-2019-data/colored_images/Moderate/4f60129e9a5b.png,2,test
4f6abc40c72d,/kaggle/input/datasets/sovitrath/diabetic-retinopathy-224x224-2019-data/colored_images/No_DR/4f6abc40c72d.png,0,train
4f7755e74a9e,/kaggle/input/datasets/sovitrath/diabetic-retinopathy-224x224-2019-data/colored_images/Mild/4f7755e74a9e.png,1,train
4fa26d065ad3,/kaggle/input/datasets/sovitrath/diabetic-retinopathy-224x224-2019-data/colored_images/Mild/4fa26d065ad3.png,1,train
4faf4063db8c,/kaggle/input/datasets/sovitrath/diabetic-retinopathy-224x224-2019-data/colored_images/No_DR/4faf4063db8c.png,0,val
4fd5ec0dca09,/kaggle/input/datasets/sovitrath/diabetic-retinopathy-224x224-2019-data/colored_images/No_DR/4fd5ec0dca09.png,0,train
4fef9ed8a4c5,/kaggle/input/datasets/sovitrath/diabetic-retinopathy-224x224-2019-data/colored_images/Severe/4fef9ed8a4c5.png,3,test
4ffa38550c95,/kaggle/input/datasets/sovitrath/diabetic-retinopathy-224x224-2019-data/colored_images/No_DR/4ffa38550c95.png,0,test
500aad15b7c8,/kaggle/input/datasets/sovitrath/diabetic-retinopathy-224x224-2019-data/colored_images/No_DR/500aad15b7c8.png,0,train
501c319f7a9f,/kaggle/input/datasets/sovitrath/diabetic-retinopathy-224x224-2019-data/colored_images/No_DR/501c319f7a9f.png,0,train
504a69096fcb,/kaggle/input/datasets/sovitrath/diabetic-retinopathy-224x224-2019-data/colored_images/No_DR/504a69096fcb.png,0,train
5056fa7d505f,/kaggle/input/datasets/sovitrath/diabetic-retinopathy-224x224-2019-data/colored_images/No_DR/5056fa7d505f.png,0,train
5069feccd866,/kaggle/input/datasets/sovitrath/diabetic-retinopathy-224x224-2019-data/colored_images/No_DR/5069feccd866.png,0,val
5077cdb88aed,/kaggle/input/datasets/sovitrath/diabetic-retinopathy-224x224-2019-data/colored_images/No_DR/5077cdb88aed.png,0,train
5078caaf1f57,/kaggle/input/datasets/sovitrath/diabetic-retinopathy-224x224-2019-data/colored_images/No_DR/5078caaf1f57.png,0,train
50840c36f0b4,/kaggle/input/datasets/sovitrath/diabetic-retinopathy-224x224-2019-data/colored_images/Mild/50840c36f0b4.png,1,train
5090917a2676,/kaggle/input/datasets/sovitrath/diabetic-retinopathy-224x224-2019-data/colored_images/Mild/5090917a2676.png,1,test
50915e2329a1,/kaggle/input/datasets/sovitrath/diabetic-retinopathy-224x224-2019-data/colored_images/No_DR/50915e2329a1.png,0,train
50916d67bb51,/kaggle/input/datasets/sovitrath/diabetic-retinopathy-224x224-2019-data/colored_images/No_DR/50916d67bb51.png,0,val
50a2aef380c8,/kaggle/input/datasets/sovitrath/diabetic-retinopathy-224x224-2019-data/colored_images/Severe/50a2aef380c8.png,3,train
50d8249f7bc9,/kaggle/input/datasets/sovitrath/diabetic-retinopathy-224x224-2019-data/colored_images/No_DR/50d8249f7bc9.png,0,train
50d8a8fb7737,/kaggle/input/datasets/sovitrath/diabetic-retinopathy-224x224-2019-data/colored_images/Moderate/50d8a8fb7737.png,2,train
50ddd7d976df,/kaggle/input/datasets/sovitrath/diabetic-retinopathy-224x224-2019-data/colored_images/No_DR/50ddd7d976df.png,0,val
50f5201fd18a,/kaggle/input/datasets/sovitrath/diabetic-retinopathy-224x224-2019-data/colored_images/No_DR/50f5201fd18a.png,0,train
51030843fde2,/kaggle/input/datasets/sovitrath/diabetic-retinopathy-224x224-2019-data/colored_images/Moderate/51030843fde2.png,2,train
510aa0a898fa,/kaggle/input/datasets/sovitrath/diabetic-retinopathy-224x224-2019-data/colored_images/Moderate/510aa0a898fa.png,2,val
511fd66b2df8,/kaggle/input/datasets/sovitrath/diabetic-retinopathy-224x224-2019-data/colored_images/No_DR/511fd66b2df8.png,0,val
51269b77d312,/kaggle/input/datasets/sovitrath/diabetic-retinopathy-224x224-2019-data/colored_images/Severe/51269b77d312.png,3,train
513b0a4651fa,/kaggle/input/datasets/sovitrath/diabetic-retinopathy-224x224-2019-data/colored_images/Mild/513b0a4651fa.png,1,val
51405d042000,/kaggle/input/datasets/sovitrath/diabetic-retinopathy-224x224-2019-data/colored_images/Moderate/51405d042000.png,2,train
5152bf091152,/kaggle/input/datasets/sovitrath/diabetic-retinopathy-224x224-2019-data/colored_images/Moderate/5152bf091152.png,2,train
5173d54fc214,/kaggle/input/datasets/sovitrath/diabetic-retinopathy-224x224-2019-data/colored_images/Moderate/5173d54fc214.png,2,val
5188a8afa879,/kaggle/input/datasets/sovitrath/diabetic-retinopathy-224x224-2019-data/colored_images/Moderate/5188a8afa879.png,2,val
518e880613de,/kaggle/input/datasets/sovitrath/diabetic-retinopathy-224x224-2019-data/colored_images/Proliferate_DR/518e880613de.png,4,train
519c6e8f78dc,/kaggle/input/datasets/sovitrath/diabetic-retinopathy-224x224-2019-data/colored_images/No_DR/519c6e8f78dc.png,0,train
51a078d6d43a,/kaggle/input/datasets/sovitrath/diabetic-retinopathy-224x224-2019-data/colored_images/No_DR/51a078d6d43a.png,0,train
51a1d162e223,/kaggle/input/datasets/sovitrath/diabetic-retinopathy-224x224-2019-data/colored_images/Proliferate_DR/51a1d162e223.png,4,train
51aa3361294c,/kaggle/input/datasets/sovitrath/diabetic-retinopathy-224x224-2019-data/colored_images/No_DR/51aa3361294c.png,0,test
51af8a689511,/kaggle/input/datasets/sovitrath/diabetic-retinopathy-224x224-2019-data/colored_images/No_DR/51af8a689511.png,0,train
51af8c112682,/kaggle/input/datasets/sovitrath/diabetic-retinopathy-224x224-2019-data/colored_images/Proliferate_DR/51af8c112682.png,4,train
51cd8d2057fa,/kaggle/input/datasets/sovitrath/diabetic-retinopathy-224x224-2019-data/colored_images/No_DR/51cd8d2057fa.png,0,train
51cfeccaf40d,/kaggle/input/datasets/sovitrath/diabetic-retinopathy-224x224-2019-data/colored_images/Moderate/51cfeccaf40d.png,2,train
51d0034d177d,/kaggle/input/datasets/sovitrath/diabetic-retinopathy-224x224-2019-data/colored_images/Moderate/51d0034d177d.png,2,val
51d574513bcb,/kaggle/input/datasets/sovitrath/diabetic-retinopathy-224x224-2019-data/colored_images/Moderate/51d574513bcb.png,2,train
51d780864365,/kaggle/input/datasets/sovitrath/diabetic-retinopathy-224x224-2019-data/colored_images/Moderate/51d780864365.png,2,train
51da6aebba8f,/kaggle/input/datasets/sovitrath/diabetic-retinopathy-224x224-2019-data/colored_images/Severe/51da6aebba8f.png,3,train
51e656e5a541,/kaggle/input/datasets/sovitrath/diabetic-retinopathy-224x224-2019-data/colored_images/No_DR/51e656e5a541.png,0,train
521b5377a727,/kaggle/input/datasets/sovitrath/diabetic-retinopathy-224x224-2019-data/colored_images/No_DR/521b5377a727.png,0,val
52230bbef30e,/kaggle/input/datasets/sovitrath/diabetic-retinopathy-224x224-2019-data/colored_images/Moderate/52230bbef30e.png,2,train
523b3f0fc646,/kaggle/input/datasets/sovitrath/diabetic-retinopathy-224x224-2019-data/colored_images/Mild/523b3f0fc646.png,1,val
523d0c2cb4d6,/kaggle/input/datasets/sovitrath/diabetic-retinopathy-224x224-2019-data/colored_images/Moderate/523d0c2cb4d6.png,2,train
523ff163211b,/kaggle/input/datasets/sovitrath/diabetic-retinopathy-224x224-2019-data/colored_images/Moderate/523ff163211b.png,2,train
524f240e0c90,/kaggle/input/datasets/sovitrath/diabetic-retinopathy-224x224-2019-data/colored_images/Moderate/524f240e0c90.png,2,train
5257cb536da2,/kaggle/input/datasets/sovitrath/diabetic-retinopathy-224x224-2019-data/colored_images/No_DR/5257cb536da2.png,0,val
525acfea47e8,/kaggle/input/datasets/sovitrath/diabetic-retinopathy-224x224-2019-data/colored_images/Moderate/525acfea47e8.png,2,train
525d0dd8dc45,/kaggle/input/datasets/sovitrath/diabetic-retinopathy-224x224-2019-data/colored_images/No_DR/525d0dd8dc45.png,0,train
5264a54e1830,/kaggle/input/datasets/sovitrath/diabetic-retinopathy-224x224-2019-data/colored_images/No_DR/5264a54e1830.png,0,train
5265dc9acdf8,/kaggle/input/datasets/sovitrath/diabetic-retinopathy-224x224-2019-data/colored_images/Moderate/5265dc9acdf8.png,2,train
527bea76116c,/kaggle/input/datasets/sovitrath/diabetic-retinopathy-224x224-2019-data/colored_images/Moderate/527bea76116c.png,2,train
52886bed8a07,/kaggle/input/datasets/sovitrath/diabetic-retinopathy-224x224-2019-data/colored_images/Moderate/52886bed8a07.png,2,val
5288f7441f64,/kaggle/input/datasets/sovitrath/diabetic-retinopathy-224x224-2019-data/colored_images/No_DR/5288f7441f64.png,0,train
5293576816aa,/kaggle/input/datasets/sovitrath/diabetic-retinopathy-224x224-2019-data/colored_images/No_DR/5293576816aa.png,0,train
529906ff9dfa,/kaggle/input/datasets/sovitrath/diabetic-retinopathy-224x224-2019-data/colored_images/No_DR/529906ff9dfa.png,0,val
5299a532f0e0,/kaggle/input/datasets/sovitrath/diabetic-retinopathy-224x224-2019-data/colored_images/No_DR/5299a532f0e0.png,0,val
52ae917fcea4,/kaggle/input/datasets/sovitrath/diabetic-retinopathy-224x224-2019-data/colored_images/Mild/52ae917fcea4.png,1,test
52dbec057cc8,/kaggle/input/datasets/sovitrath/diabetic-retinopathy-224x224-2019-data/colored_images/Moderate/52dbec057cc8.png,2,train
52ddde91a349,/kaggle/input/datasets/sovitrath/diabetic-retinopathy-224x224-2019-data/colored_images/No_DR/52ddde91a349.png,0,val
52edbe29d655,/kaggle/input/datasets/sovitrath/diabetic-retinopathy-224x224-2019-data/colored_images/No_DR/52edbe29d655.png,0,train
530d78467615,/kaggle/input/datasets/sovitrath/diabetic-retinopathy-224x224-2019-data/colored_images/Moderate/530d78467615.png,2,val
531b39880c32,/kaggle/input/datasets/sovitrath/diabetic-retinopathy-224x224-2019-data/colored_images/Mild/531b39880c32.png,1,train
5321ab64f9ea,/kaggle/input/datasets/sovitrath/diabetic-retinopathy-224x224-2019-data/colored_images/No_DR/5321ab64f9ea.png,0,train
53273d664cd8,/kaggle/input/datasets/sovitrath/diabetic-retinopathy-224x224-2019-data/colored_images/No_DR/53273d664cd8.png,0,train
5327f88a1919,/kaggle/input/datasets/sovitrath/diabetic-retinopathy-224x224-2019-data/colored_images/Moderate/5327f88a1919.png,2,test
53327edb9e4d,/kaggle/input/datasets/sovitrath/diabetic-retinopathy-224x224-2019-data/colored_images/No_DR/53327edb9e4d.png,0,test
5347b4c8e9b3,/kaggle/input/datasets/sovitrath/diabetic-retinopathy-224x224-2019-data/colored_images/Mild/5347b4c8e9b3.png,1,train
535682537302,/kaggle/input/datasets/sovitrath/diabetic-retinopathy-224x224-2019-data/colored_images/No_DR/535682537302.png,0,train
53704c80f0d8,/kaggle/input/datasets/sovitrath/diabetic-retinopathy-224x224-2019-data/colored_images/Mild/53704c80f0d8.png,1,test
537e50fdf22e,/kaggle/input/datasets/sovitrath/diabetic-retinopathy-224x224-2019-data/colored_images/Severe/537e50fdf22e.png,3,val
537e5c578f40,/kaggle/input/datasets/sovitrath/diabetic-retinopathy-224x224-2019-data/colored_images/No_DR/537e5c578f40.png,0,val
53c874dbc594,/kaggle/input/datasets/sovitrath/diabetic-retinopathy-224x224-2019-data/colored_images/No_DR/53c874dbc594.png,0,train
53ddae6a619e,/kaggle/input/datasets/sovitrath/diabetic-retinopathy-224x224-2019-data/colored_images/No_DR/53ddae6a619e.png,0,train
53f6c1c65c04,/kaggle/input/datasets/sovitrath/diabetic-retinopathy-224x224-2019-data/colored_images/Mild/53f6c1c65c04.png,1,test
54038e56131d,/kaggle/input/datasets/sovitrath/diabetic-retinopathy-224x224-2019-data/colored_images/No_DR/54038e56131d.png,0,train
540e4973829e,/kaggle/input/datasets/sovitrath/diabetic-retinopathy-224x224-2019-data/colored_images/No_DR/540e4973829e.png,0,test
541db13517e2,/kaggle/input/datasets/sovitrath/diabetic-retinopathy-224x224-2019-data/colored_images/Moderate/541db13517e2.png,2,train
542964865b1e,/kaggle/input/datasets/sovitrath/diabetic-retinopathy-224x224-2019-data/colored_images/No_DR/542964865b1e.png,0,test
54334705a34d,/kaggle/input/datasets/sovitrath/diabetic-retinopathy-224x224-2019-data/colored_images/No_DR/54334705a34d.png,0,test
5445255635f0,/kaggle/input/datasets/sovitrath/diabetic-retinopathy-224x224-2019-data/colored_images/No_DR/5445255635f0.png,0,test
545df1bbcd61,/kaggle/input/datasets/sovitrath/diabetic-retinopathy-224x224-2019-data/colored_images/Mild/545df1bbcd61.png,1,train
547b37da9223,/kaggle/input/datasets/sovitrath/diabetic-retinopathy-224x224-2019-data/colored_images/Moderate/547b37da9223.png,2,val
5486da4273d7,/kaggle/input/datasets/sovitrath/diabetic-retinopathy-224x224-2019-data/colored_images/Moderate/5486da4273d7.png,2,train
549381330191,/kaggle/input/datasets/sovitrath/diabetic-retinopathy-224x224-2019-data/colored_images/No_DR/549381330191.png,0,train
54b322c66d01,/kaggle/input/datasets/sovitrath/diabetic-retinopathy-224x224-2019-data/colored_images/No_DR/54b322c66d01.png,0,val
54bbe3da103e,/kaggle/input/datasets/sovitrath/diabetic-retinopathy-224x224-2019-data/colored_images/Moderate/54bbe3da103e.png,2,train
54bdcdecd8f3,/kaggle/input/datasets/sovitrath/diabetic-retinopathy-224x224-2019-data/colored_images/No_DR/54bdcdecd8f3.png,0,train
54cab3596214,/kaggle/input/datasets/sovitrath/diabetic-retinopathy-224x224-2019-data/colored_images/Moderate/54cab3596214.png,2,train
54dc6e8107cd,/kaggle/input/datasets/sovitrath/diabetic-retinopathy-224x224-2019-data/colored_images/Moderate/54dc6e8107cd.png,2,train
54f57cf26126,/kaggle/input/datasets/sovitrath/diabetic-retinopathy-224x224-2019-data/colored_images/No_DR/54f57cf26126.png,0,train
55034b1dbff2,/kaggle/input/datasets/sovitrath/diabetic-retinopathy-224x224-2019-data/colored_images/Moderate/55034b1dbff2.png,2,train
55092c0071eb,/kaggle/input/datasets/sovitrath/diabetic-retinopathy-224x224-2019-data/colored_images/Moderate/55092c0071eb.png,2,train
5511f114e7ee,/kaggle/input/datasets/sovitrath/diabetic-retinopathy-224x224-2019-data/colored_images/No_DR/5511f114e7ee.png,0,train
5548a7961a3e,/kaggle/input/datasets/sovitrath/diabetic-retinopathy-224x224-2019-data/colored_images/Mild/5548a7961a3e.png,1,val
555d0bef3c5b,/kaggle/input/datasets/sovitrath/diabetic-retinopathy-224x224-2019-data/colored_images/No_DR/555d0bef3c5b.png,0,val
55968f0e63c4,/kaggle/input/datasets/sovitrath/diabetic-retinopathy-224x224-2019-data/colored_images/No_DR/55968f0e63c4.png,0,train
55eac26bd383,/kaggle/input/datasets/sovitrath/diabetic-retinopathy-224x224-2019-data/colored_images/Mild/55eac26bd383.png,1,val
55eb405ec71e,/kaggle/input/datasets/sovitrath/diabetic-retinopathy-224x224-2019-data/colored_images/Proliferate_DR/55eb405ec71e.png,4,val
55f7f018c61c,/kaggle/input/datasets/sovitrath/diabetic-retinopathy-224x224-2019-data/colored_images/No_DR/55f7f018c61c.png,0,train
55fd453001cc,/kaggle/input/datasets/sovitrath/diabetic-retinopathy-224x224-2019-data/colored_images/Moderate/55fd453001cc.png,2,val
5633ced07d8e,/kaggle/input/datasets/sovitrath/diabetic-retinopathy-224x224-2019-data/colored_images/Mild/5633ced07d8e.png,1,test
565f3404f9b2,/kaggle/input/datasets/sovitrath/diabetic-retinopathy-224x224-2019-data/colored_images/No_DR/565f3404f9b2.png,0,train
5671eb95512b,/kaggle/input/datasets/sovitrath/diabetic-retinopathy-224x224-2019-data/colored_images/Mild/5671eb95512b.png,1,val
568455854a11,/kaggle/input/datasets/sovitrath/diabetic-retinopathy-224x224-2019-data/colored_images/No_DR/568455854a11.png,0,train
56e56aa08362,/kaggle/input/datasets/sovitrath/diabetic-retinopathy-224x224-2019-data/colored_images/Moderate/56e56aa08362.png,2,val
5712e2aa73a2,/kaggle/input/datasets/sovitrath/diabetic-retinopathy-224x224-2019-data/colored_images/Mild/5712e2aa73a2.png,1,train
571bbdbf585e,/kaggle/input/datasets/sovitrath/diabetic-retinopathy-224x224-2019-data/colored_images/No_DR/571bbdbf585e.png,0,train
5723d0ec895e,/kaggle/input/datasets/sovitrath/diabetic-retinopathy-224x224-2019-data/colored_images/Moderate/5723d0ec895e.png,2,test
5728b8aa98ef,/kaggle/input/datasets/sovitrath/diabetic-retinopathy-224x224-2019-data/colored_images/No_DR/5728b8aa98ef.png,0,test
573ea80a53be,/kaggle/input/datasets/sovitrath/diabetic-retinopathy-224x224-2019-data/colored_images/No_DR/573ea80a53be.png,0,train
57469423a012,/kaggle/input/datasets/sovitrath/diabetic-retinopathy-224x224-2019-data/colored_images/Moderate/57469423a012.png,2,test
57760be09c03,/kaggle/input/datasets/sovitrath/diabetic-retinopathy-224x224-2019-data/colored_images/Moderate/57760be09c03.png,2,val
5777ef74c9ec,/kaggle/input/datasets/sovitrath/diabetic-retinopathy-224x224-2019-data/colored_images/Mild/5777ef74c9ec.png,1,train
578109578b46,/kaggle/input/datasets/sovitrath/diabetic-retinopathy-224x224-2019-data/colored_images/Mild/578109578b46.png,1,train
57a5e4274275,/kaggle/input/datasets/sovitrath/diabetic-retinopathy-224x224-2019-data/colored_images/No_DR/57a5e4274275.png,0,train
57a5f1015504,/kaggle/input/datasets/sovitrath/diabetic-retinopathy-224x224-2019-data/colored_images/Moderate/57a5f1015504.png,2,train
57a710de68a4,/kaggle/input/datasets/sovitrath/diabetic-retinopathy-224x224-2019-data/colored_images/No_DR/57a710de68a4.png,0,train
57ce57a8cfb0,/kaggle/input/datasets/sovitrath/diabetic-retinopathy-224x224-2019-data/colored_images/Moderate/57ce57a8cfb0.png,2,train
57db4781e7ec,/kaggle/input/datasets/sovitrath/diabetic-retinopathy-224x224-2019-data/colored_images/No_DR/57db4781e7ec.png,0,train
57f5ad4b5b29,/kaggle/input/datasets/sovitrath/diabetic-retinopathy-224x224-2019-data/colored_images/No_DR/57f5ad4b5b29.png,0,train
57f933d3d7c7,/kaggle/input/datasets/sovitrath/diabetic-retinopathy-224x224-2019-data/colored_images/Moderate/57f933d3d7c7.png,2,train
58059e73d2d4,/kaggle/input/datasets/sovitrath/diabetic-retinopathy-224x224-2019-data/colored_images/No_DR/58059e73d2d4.png,0,val
5814cbd2e9bf,/kaggle/input/datasets/sovitrath/diabetic-retinopathy-224x224-2019-data/colored_images/No_DR/5814cbd2e9bf.png,0,train
58184d6fd087,/kaggle/input/datasets/sovitrath/diabetic-retinopathy-224x224-2019-data/colored_images/Mild/58184d6fd087.png,1,train
582115961a3d,/kaggle/input/datasets/sovitrath/diabetic-retinopathy-224x224-2019-data/colored_images/Mild/582115961a3d.png,1,val
582f739b8f62,/kaggle/input/datasets/sovitrath/diabetic-retinopathy-224x224-2019-data/colored_images/Moderate/582f739b8f62.png,2,val
58529a8638d0,/kaggle/input/datasets/sovitrath/diabetic-retinopathy-224x224-2019-data/colored_images/Moderate/58529a8638d0.png,2,train
586f5c56081e,/kaggle/input/datasets/sovitrath/diabetic-retinopathy-224x224-2019-data/colored_images/No_DR/586f5c56081e.png,0,train
587146a55885,/kaggle/input/datasets/sovitrath/diabetic-retinopathy-224x224-2019-data/colored_images/Mild/587146a55885.png,1,val
5879285f9d8d,/kaggle/input/datasets/sovitrath/diabetic-retinopathy-224x224-2019-data/colored_images/Mild/5879285f9d8d.png,1,train
5889a0c75cac,/kaggle/input/datasets/sovitrath/diabetic-retinopathy-224x224-2019-data/colored_images/No_DR/5889a0c75cac.png,0,train
58a9e0d7f7af,/kaggle/input/datasets/sovitrath/diabetic-retinopathy-224x224-2019-data/colored_images/No_DR/58a9e0d7f7af.png,0,val
58af2c054ced,/kaggle/input/datasets/sovitrath/diabetic-retinopathy-224x224-2019-data/colored_images/No_DR/58af2c054ced.png,0,train
58b866484a05,/kaggle/input/datasets/sovitrath/diabetic-retinopathy-224x224-2019-data/colored_images/Proliferate_DR/58b866484a05.png,4,train
58c12863f33d,/kaggle/input/datasets/sovitrath/diabetic-retinopathy-224x224-2019-data/colored_images/No_DR/58c12863f33d.png,0,train
58ccba7eec9c,/kaggle/input/datasets/sovitrath/diabetic-retinopathy-224x224-2019-data/colored_images/Mild/58ccba7eec9c.png,1,val
58eb3809f456,/kaggle/input/datasets/sovitrath/diabetic-retinopathy-224x224-2019-data/colored_images/No_DR/58eb3809f456.png,0,val
58f07741ee3b,/kaggle/input/datasets/sovitrath/diabetic-retinopathy-224x224-2019-data/colored_images/No_DR/58f07741ee3b.png,0,train
5905a9b06a73,/kaggle/input/datasets/sovitrath/diabetic-retinopathy-224x224-2019-data/colored_images/Moderate/5905a9b06a73.png,2,val
594f69b503ad,/kaggle/input/datasets/sovitrath/diabetic-retinopathy-224x224-2019-data/colored_images/Moderate/594f69b503ad.png,2,test
596f4fdb0004,/kaggle/input/datasets/sovitrath/diabetic-retinopathy-224x224-2019-data/colored_images/No_DR/596f4fdb0004.png,0,test
598b8f5b3822,/kaggle/input/datasets/sovitrath/diabetic-retinopathy-224x224-2019-data/colored_images/No_DR/598b8f5b3822.png,0,train
59928f999ae7,/kaggle/input/datasets/sovitrath/diabetic-retinopathy-224x224-2019-data/colored_images/No_DR/59928f999ae7.png,0,train
599498e9e4bc,/kaggle/input/datasets/sovitrath/diabetic-retinopathy-224x224-2019-data/colored_images/No_DR/599498e9e4bc.png,0,train
5995321563b7,/kaggle/input/datasets/sovitrath/diabetic-retinopathy-224x224-2019-data/colored_images/No_DR/5995321563b7.png,0,train
599b89048034,/kaggle/input/datasets/sovitrath/diabetic-retinopathy-224x224-2019-data/colored_images/Moderate/599b89048034.png,2,val
59bd19c1c5bb,/kaggle/input/datasets/sovitrath/diabetic-retinopathy-224x224-2019-data/colored_images/No_DR/59bd19c1c5bb.png,0,train
59e5212f7139,/kaggle/input/datasets/sovitrath/diabetic-retinopathy-224x224-2019-data/colored_images/Mild/59e5212f7139.png,1,train
59ee65760535,/kaggle/input/datasets/sovitrath/diabetic-retinopathy-224x224-2019-data/colored_images/Moderate/59ee65760535.png,2,train
59f3f70abddd,/kaggle/input/datasets/sovitrath/diabetic-retinopathy-224x224-2019-data/colored_images/Moderate/59f3f70abddd.png,2,train
59fee5bc3479,/kaggle/input/datasets/sovitrath/diabetic-retinopathy-224x224-2019-data/colored_images/Proliferate_DR/59fee5bc3479.png,4,train
5a03fe3ed15c,/kaggle/input/datasets/sovitrath/diabetic-retinopathy-224x224-2019-data/colored_images/Moderate/5a03fe3ed15c.png,2,train
5a091e8cd95c,/kaggle/input/datasets/sovitrath/diabetic-retinopathy-224x224-2019-data/colored_images/Mild/5a091e8cd95c.png,1,train
5a0fe0ee4301,/kaggle/input/datasets/sovitrath/diabetic-retinopathy-224x224-2019-data/colored_images/No_DR/5a0fe0ee4301.png,0,train
5a11d21c2828,/kaggle/input/datasets/sovitrath/diabetic-retinopathy-224x224-2019-data/colored_images/Moderate/5a11d21c2828.png,2,val
5a179c123fd8,/kaggle/input/datasets/sovitrath/diabetic-retinopathy-224x224-2019-data/colored_images/No_DR/5a179c123fd8.png,0,train
5a27b9b2a9c1,/kaggle/input/datasets/sovitrath/diabetic-retinopathy-224x224-2019-data/colored_images/No_DR/5a27b9b2a9c1.png,0,test
5a2c27b95c7c,/kaggle/input/datasets/sovitrath/diabetic-retinopathy-224x224-2019-data/colored_images/Moderate/5a2c27b95c7c.png,2,train
5a444c32cd9a,/kaggle/input/datasets/sovitrath/diabetic-retinopathy-224x224-2019-data/colored_images/No_DR/5a444c32cd9a.png,0,val
5a5d3798c357,/kaggle/input/datasets/sovitrath/diabetic-retinopathy-224x224-2019-data/colored_images/Moderate/5a5d3798c357.png,2,train
5a93c0f783c4,/kaggle/input/datasets/sovitrath/diabetic-retinopathy-224x224-2019-data/colored_images/No_DR/5a93c0f783c4.png,0,train
5ac7a414560e,/kaggle/input/datasets/sovitrath/diabetic-retinopathy-224x224-2019-data/colored_images/No_DR/5ac7a414560e.png,0,train
5ad3dabeb2cd,/kaggle/input/datasets/sovitrath/diabetic-retinopathy-224x224-2019-data/colored_images/No_DR/5ad3dabeb2cd.png,0,train
5b068765e846,/kaggle/input/datasets/sovitrath/diabetic-retinopathy-224x224-2019-data/colored_images/Mild/5b068765e846.png,1,val
5b0e53f53ef3,/kaggle/input/datasets/sovitrath/diabetic-retinopathy-224x224-2019-data/colored_images/Mild/5b0e53f53ef3.png,1,val
5b1c4cefeb24,/kaggle/input/datasets/sovitrath/diabetic-retinopathy-224x224-2019-data/colored_images/No_DR/5b1c4cefeb24.png,0,train
5b2648ad455e,/kaggle/input/datasets/sovitrath/diabetic-retinopathy-224x224-2019-data/colored_images/No_DR/5b2648ad455e.png,0,train
5b301a6d1ac7,/kaggle/input/datasets/sovitrath/diabetic-retinopathy-224x224-2019-data/colored_images/Moderate/5b301a6d1ac7.png,2,train
5b32ece9c627,/kaggle/input/datasets/sovitrath/diabetic-retinopathy-224x224-2019-data/colored_images/No_DR/5b32ece9c627.png,0,train
5b3d41626ec5,/kaggle/input/datasets/sovitrath/diabetic-retinopathy-224x224-2019-data/colored_images/No_DR/5b3d41626ec5.png,0,test
5b3e7197ac1c,/kaggle/input/datasets/sovitrath/diabetic-retinopathy-224x224-2019-data/colored_images/Severe/5b3e7197ac1c.png,3,train
5b47043942f4,/kaggle/input/datasets/sovitrath/diabetic-retinopathy-224x224-2019-data/colored_images/No_DR/5b47043942f4.png,0,train
5b5b80a3edee,/kaggle/input/datasets/sovitrath/diabetic-retinopathy-224x224-2019-data/colored_images/Proliferate_DR/5b5b80a3edee.png,4,train
5b644a403e1f,/kaggle/input/datasets/sovitrath/diabetic-retinopathy-224x224-2019-data/colored_images/Moderate/5b644a403e1f.png,2,val
5b72ff04333d,/kaggle/input/datasets/sovitrath/diabetic-retinopathy-224x224-2019-data/colored_images/Mild/5b72ff04333d.png,1,train
5b76117c4bcb,/kaggle/input/datasets/sovitrath/diabetic-retinopathy-224x224-2019-data/colored_images/Proliferate_DR/5b76117c4bcb.png,4,train
5b804948e35f,/kaggle/input/datasets/sovitrath/diabetic-retinopathy-224x224-2019-data/colored_images/Mild/5b804948e35f.png,1,train
5b994ff78547,/kaggle/input/datasets/sovitrath/diabetic-retinopathy-224x224-2019-data/colored_images/No_DR/5b994ff78547.png,0,train
5ba156a35ff2,/kaggle/input/datasets/sovitrath/diabetic-retinopathy-224x224-2019-data/colored_images/No_DR/5ba156a35ff2.png,0,train
5baed382f062,/kaggle/input/datasets/sovitrath/diabetic-retinopathy-224x224-2019-data/colored_images/No_DR/5baed382f062.png,0,test
5bda2ed09e62,/kaggle/input/datasets/sovitrath/diabetic-retinopathy-224x224-2019-data/colored_images/Proliferate_DR/5bda2ed09e62.png,4,test
5bea250d8bf5,/kaggle/input/datasets/sovitrath/diabetic-retinopathy-224x224-2019-data/colored_images/No_DR/5bea250d8bf5.png,0,train
5bf3357a2823,/kaggle/input/datasets/sovitrath/diabetic-retinopathy-224x224-2019-data/colored_images/No_DR/5bf3357a2823.png,0,train
5bf6f2958e53,/kaggle/input/datasets/sovitrath/diabetic-retinopathy-224x224-2019-data/colored_images/No_DR/5bf6f2958e53.png,0,val
5c6194562ed2,/kaggle/input/datasets/sovitrath/diabetic-retinopathy-224x224-2019-data/colored_images/Moderate/5c6194562ed2.png,2,train
5c7ab966a3ee,/kaggle/input/datasets/sovitrath/diabetic-retinopathy-224x224-2019-data/colored_images/Proliferate_DR/5c7ab966a3ee.png,4,train
5c817060c0ed,/kaggle/input/datasets/sovitrath/diabetic-retinopathy-224x224-2019-data/colored_images/No_DR/5c817060c0ed.png,0,val
5c8482926a08,/kaggle/input/datasets/sovitrath/diabetic-retinopathy-224x224-2019-data/colored_images/Moderate/5c8482926a08.png,2,val
5c85d22bd0de,/kaggle/input/datasets/sovitrath/diabetic-retinopathy-224x224-2019-data/colored_images/No_DR/5c85d22bd0de.png,0,train
5ca73d28f17f,/kaggle/input/datasets/sovitrath/diabetic-retinopathy-224x224-2019-data/colored_images/No_DR/5ca73d28f17f.png,0,val
5ca779ace6e7,/kaggle/input/datasets/sovitrath/diabetic-retinopathy-224x224-2019-data/colored_images/No_DR/5ca779ace6e7.png,0,train
5cab3ef4b31c,/kaggle/input/datasets/sovitrath/diabetic-retinopathy-224x224-2019-data/colored_images/Mild/5cab3ef4b31c.png,1,test
5cbe88914a72,/kaggle/input/datasets/sovitrath/diabetic-retinopathy-224x224-2019-data/colored_images/No_DR/5cbe88914a72.png,0,train
5cc6dea19614,/kaggle/input/datasets/sovitrath/diabetic-retinopathy-224x224-2019-data/colored_images/Moderate/5cc6dea19614.png,2,test
5cde55f745af,/kaggle/input/datasets/sovitrath/diabetic-retinopathy-224x224-2019-data/colored_images/Moderate/5cde55f745af.png,2,val
5ce5eeaf757a,/kaggle/input/datasets/sovitrath/diabetic-retinopathy-224x224-2019-data/colored_images/No_DR/5ce5eeaf757a.png,0,val
5cf9127f251a,/kaggle/input/datasets/sovitrath/diabetic-retinopathy-224x224-2019-data/colored_images/Moderate/5cf9127f251a.png,2,test
5d024177e214,/kaggle/input/datasets/sovitrath/diabetic-retinopathy-224x224-2019-data/colored_images/Moderate/5d024177e214.png,2,train
5d3c8c1f57da,/kaggle/input/datasets/sovitrath/diabetic-retinopathy-224x224-2019-data/colored_images/No_DR/5d3c8c1f57da.png,0,train
5d4e5fd34d91,/kaggle/input/datasets/sovitrath/diabetic-retinopathy-224x224-2019-data/colored_images/No_DR/5d4e5fd34d91.png,0,train
5d5b5da5f939,/kaggle/input/datasets/sovitrath/diabetic-retinopathy-224x224-2019-data/colored_images/No_DR/5d5b5da5f939.png,0,train
5d6239c0fd39,/kaggle/input/datasets/sovitrath/diabetic-retinopathy-224x224-2019-data/colored_images/No_DR/5d6239c0fd39.png,0,train
5d74f98d62be,/kaggle/input/datasets/sovitrath/diabetic-retinopathy-224x224-2019-data/colored_images/Proliferate_DR/5d74f98d62be.png,4,train
5d9c841eb245,/kaggle/input/datasets/sovitrath/diabetic-retinopathy-224x224-2019-data/colored_images/No_DR/5d9c841eb245.png,0,train
5db2e3a4594a,/kaggle/input/datasets/sovitrath/diabetic-retinopathy-224x224-2019-data/colored_images/No_DR/5db2e3a4594a.png,0,test
5db895d3f1fc,/kaggle/input/datasets/sovitrath/diabetic-retinopathy-224x224-2019-data/colored_images/No_DR/5db895d3f1fc.png,0,train
5dc23e440de3,/kaggle/input/datasets/sovitrath/diabetic-retinopathy-224x224-2019-data/colored_images/Moderate/5dc23e440de3.png,2,test
5dd2e26fc244,/kaggle/input/datasets/sovitrath/diabetic-retinopathy-224x224-2019-data/colored_images/Proliferate_DR/5dd2e26fc244.png,4,train
5de4615a5161,/kaggle/input/datasets/sovitrath/diabetic-retinopathy-224x224-2019-data/colored_images/No_DR/5de4615a5161.png,0,train
5e18af29d812,/kaggle/input/datasets/sovitrath/diabetic-retinopathy-224x224-2019-data/colored_images/Moderate/5e18af29d812.png,2,train
5e505e25cd3e,/kaggle/input/datasets/sovitrath/diabetic-retinopathy-224x224-2019-data/colored_images/No_DR/5e505e25cd3e.png,0,train
5e5275ddee29,/kaggle/input/datasets/sovitrath/diabetic-retinopathy-224x224-2019-data/colored_images/No_DR/5e5275ddee29.png,0,train
5e52c9fe676f,/kaggle/input/datasets/sovitrath/diabetic-retinopathy-224x224-2019-data/colored_images/Moderate/5e52c9fe676f.png,2,train
5e7630f8438e,/kaggle/input/datasets/sovitrath/diabetic-retinopathy-224x224-2019-data/colored_images/Moderate/5e7630f8438e.png,2,test
5e7cc6ab4ac4,/kaggle/input/datasets/sovitrath/diabetic-retinopathy-224x224-2019-data/colored_images/Moderate/5e7cc6ab4ac4.png,2,train
5e97cb2b0888,/kaggle/input/datasets/sovitrath/diabetic-retinopathy-224x224-2019-data/colored_images/No_DR/5e97cb2b0888.png,0,test
5ea9e447bb62,/kaggle/input/datasets/sovitrath/diabetic-retinopathy-224x224-2019-data/colored_images/No_DR/5ea9e447bb62.png,0,val
5ead17e894ae,/kaggle/input/datasets/sovitrath/diabetic-retinopathy-224x224-2019-data/colored_images/No_DR/5ead17e894ae.png,0,train
5eb8fb1aad41,/kaggle/input/datasets/sovitrath/diabetic-retinopathy-224x224-2019-data/colored_images/No_DR/5eb8fb1aad41.png,0,val
5ed6dc419e4d,/kaggle/input/datasets/sovitrath/diabetic-retinopathy-224x224-2019-data/colored_images/Moderate/5ed6dc419e4d.png,2,train
5efa24b03d5e,/kaggle/input/datasets/sovitrath/diabetic-retinopathy-224x224-2019-data/colored_images/Mild/5efa24b03d5e.png,1,train
5f13e8a07344,/kaggle/input/datasets/sovitrath/diabetic-retinopathy-224x224-2019-data/colored_images/Severe/5f13e8a07344.png,3,train
5f4a8c074bd5,/kaggle/input/datasets/sovitrath/diabetic-retinopathy-224x224-2019-data/colored_images/No_DR/5f4a8c074bd5.png,0,train
5f51192841f7,/kaggle/input/datasets/sovitrath/diabetic-retinopathy-224x224-2019-data/colored_images/No_DR/5f51192841f7.png,0,train
5f6db235c04d,/kaggle/input/datasets/sovitrath/diabetic-retinopathy-224x224-2019-data/colored_images/No_DR/5f6db235c04d.png,0,train
5f70ad48a525,/kaggle/input/datasets/sovitrath/diabetic-retinopathy-224x224-2019-data/colored_images/Moderate/5f70ad48a525.png,2,train
5fcff7280019,/kaggle/input/datasets/sovitrath/diabetic-retinopathy-224x224-2019-data/colored_images/No_DR/5fcff7280019.png,0,train
6028a575dc27,/kaggle/input/datasets/sovitrath/diabetic-retinopathy-224x224-2019-data/colored_images/Mild/6028a575dc27.png,1,train
6061f5b7378d,/kaggle/input/datasets/sovitrath/diabetic-retinopathy-224x224-2019-data/colored_images/Severe/6061f5b7378d.png,3,train
606daaf0bfc7,/kaggle/input/datasets/sovitrath/diabetic-retinopathy-224x224-2019-data/colored_images/No_DR/606daaf0bfc7.png,0,val
6089fa333013,/kaggle/input/datasets/sovitrath/diabetic-retinopathy-224x224-2019-data/colored_images/Severe/6089fa333013.png,3,train
609be3ca5ddf,/kaggle/input/datasets/sovitrath/diabetic-retinopathy-224x224-2019-data/colored_images/No_DR/609be3ca5ddf.png,0,test
60aa4e649abf,/kaggle/input/datasets/sovitrath/diabetic-retinopathy-224x224-2019-data/colored_images/No_DR/60aa4e649abf.png,0,test
60e269e3e188,/kaggle/input/datasets/sovitrath/diabetic-retinopathy-224x224-2019-data/colored_images/Moderate/60e269e3e188.png,2,test
60edda7b4871,/kaggle/input/datasets/sovitrath/diabetic-retinopathy-224x224-2019-data/colored_images/No_DR/60edda7b4871.png,0,train
60eeae3ba23d,/kaggle/input/datasets/sovitrath/diabetic-retinopathy-224x224-2019-data/colored_images/Moderate/60eeae3ba23d.png,2,train
6107a2e9f60e,/kaggle/input/datasets/sovitrath/diabetic-retinopathy-224x224-2019-data/colored_images/No_DR/6107a2e9f60e.png,0,train
6110ecb3bb1c,/kaggle/input/datasets/sovitrath/diabetic-retinopathy-224x224-2019-data/colored_images/No_DR/6110ecb3bb1c.png,0,test
612f2df37a1d,/kaggle/input/datasets/sovitrath/diabetic-retinopathy-224x224-2019-data/colored_images/Proliferate_DR/612f2df37a1d.png,4,train
613028ede6a0,/kaggle/input/datasets/sovitrath/diabetic-retinopathy-224x224-2019-data/colored_images/Proliferate_DR/613028ede6a0.png,4,train
613bacb35c05,/kaggle/input/datasets/sovitrath/diabetic-retinopathy-224x224-2019-data/colored_images/Mild/613bacb35c05.png,1,train
6155cf375354,/kaggle/input/datasets/sovitrath/diabetic-retinopathy-224x224-2019-data/colored_images/No_DR/6155cf375354.png,0,test
6180920bc224,/kaggle/input/datasets/sovitrath/diabetic-retinopathy-224x224-2019-data/colored_images/No_DR/6180920bc224.png,0,test
6181aa9f75f4,/kaggle/input/datasets/sovitrath/diabetic-retinopathy-224x224-2019-data/colored_images/Severe/6181aa9f75f4.png,3,train
6194e0fff071,/kaggle/input/datasets/sovitrath/diabetic-retinopathy-224x224-2019-data/colored_images/Proliferate_DR/6194e0fff071.png,4,val
61a62b1dcc36,/kaggle/input/datasets/sovitrath/diabetic-retinopathy-224x224-2019-data/colored_images/No_DR/61a62b1dcc36.png,0,test
61ac9b0dc6b9,/kaggle/input/datasets/sovitrath/diabetic-retinopathy-224x224-2019-data/colored_images/Moderate/61ac9b0dc6b9.png,2,train
61bbc11fe503,/kaggle/input/datasets/sovitrath/diabetic-retinopathy-224x224-2019-data/colored_images/Proliferate_DR/61bbc11fe503.png,4,train
61bbe8db6f3a,/kaggle/input/datasets/sovitrath/diabetic-retinopathy-224x224-2019-data/colored_images/Mild/61bbe8db6f3a.png,1,test
61c2fbd16e38,/kaggle/input/datasets/sovitrath/diabetic-retinopathy-224x224-2019-data/colored_images/Moderate/61c2fbd16e38.png,2,train
61c667663f2f,/kaggle/input/datasets/sovitrath/diabetic-retinopathy-224x224-2019-data/colored_images/No_DR/61c667663f2f.png,0,train
61d9c88a3a4b,/kaggle/input/datasets/sovitrath/diabetic-retinopathy-224x224-2019-data/colored_images/No_DR/61d9c88a3a4b.png,0,train
61da799bf0aa,/kaggle/input/datasets/sovitrath/diabetic-retinopathy-224x224-2019-data/colored_images/No_DR/61da799bf0aa.png,0,train
61e301bd3c25,/kaggle/input/datasets/sovitrath/diabetic-retinopathy-224x224-2019-data/colored_images/Proliferate_DR/61e301bd3c25.png,4,train
61f403fdb434,/kaggle/input/datasets/sovitrath/diabetic-retinopathy-224x224-2019-data/colored_images/Proliferate_DR/61f403fdb434.png,4,val
62318d514160,/kaggle/input/datasets/sovitrath/diabetic-retinopathy-224x224-2019-data/colored_images/Proliferate_DR/62318d514160.png,4,train
624fb7317106,/kaggle/input/datasets/sovitrath/diabetic-retinopathy-224x224-2019-data/colored_images/Moderate/624fb7317106.png,2,train
628b581aa905,/kaggle/input/datasets/sovitrath/diabetic-retinopathy-224x224-2019-data/colored_images/No_DR/628b581aa905.png,0,val
6294b378d09f,/kaggle/input/datasets/sovitrath/diabetic-retinopathy-224x224-2019-data/colored_images/No_DR/6294b378d09f.png,0,train
6298468d7d75,/kaggle/input/datasets/sovitrath/diabetic-retinopathy-224x224-2019-data/colored_images/Mild/6298468d7d75.png,1,train
62ab144d5cee,/kaggle/input/datasets/sovitrath/diabetic-retinopathy-224x224-2019-data/colored_images/Moderate/62ab144d5cee.png,2,train
62b4be2799ca,/kaggle/input/datasets/sovitrath/diabetic-retinopathy-224x224-2019-data/colored_images/No_DR/62b4be2799ca.png,0,train
62b826899151,/kaggle/input/datasets/sovitrath/diabetic-retinopathy-224x224-2019-data/colored_images/No_DR/62b826899151.png,0,train
62cc7ddb53b6,/kaggle/input/datasets/sovitrath/diabetic-retinopathy-224x224-2019-data/colored_images/Moderate/62cc7ddb53b6.png,2,train
62e6f814c8f5,/kaggle/input/datasets/sovitrath/diabetic-retinopathy-224x224-2019-data/colored_images/Moderate/62e6f814c8f5.png,2,train
62ecdc90dd42,/kaggle/input/datasets/sovitrath/diabetic-retinopathy-224x224-2019-data/colored_images/Moderate/62ecdc90dd42.png,2,train
6324d77cf926,/kaggle/input/datasets/sovitrath/diabetic-retinopathy-224x224-2019-data/colored_images/No_DR/6324d77cf926.png,0,train
63363410389a,/kaggle/input/datasets/sovitrath/diabetic-retinopathy-224x224-2019-data/colored_images/Mild/63363410389a.png,1,train
633fe9dbaf39,/kaggle/input/datasets/sovitrath/diabetic-retinopathy-224x224-2019-data/colored_images/No_DR/633fe9dbaf39.png,0,train
6363b360aefb,/kaggle/input/datasets/sovitrath/diabetic-retinopathy-224x224-2019-data/colored_images/Moderate/6363b360aefb.png,2,train
6377e23928f6,/kaggle/input/datasets/sovitrath/diabetic-retinopathy-224x224-2019-data/colored_images/Mild/6377e23928f6.png,1,test
639915f58a2f,/kaggle/input/datasets/sovitrath/diabetic-retinopathy-224x224-2019-data/colored_images/No_DR/639915f58a2f.png,0,train
63b4d030b016,/kaggle/input/datasets/sovitrath/diabetic-retinopathy-224x224-2019-data/colored_images/Proliferate_DR/63b4d030b016.png,4,val
63b71347e95d,/kaggle/input/datasets/sovitrath/diabetic-retinopathy-224x224-2019-data/colored_images/No_DR/63b71347e95d.png,0,train
63c0eafd6aa9,/kaggle/input/datasets/sovitrath/diabetic-retinopathy-224x224-2019-data/colored_images/No_DR/63c0eafd6aa9.png,0,val
63c3c571b8ee,/kaggle/input/datasets/sovitrath/diabetic-retinopathy-224x224-2019-data/colored_images/Moderate/63c3c571b8ee.png,2,train
63c7b0265775,/kaggle/input/datasets/sovitrath/diabetic-retinopathy-224x224-2019-data/colored_images/No_DR/63c7b0265775.png,0,val
63d217b059b6,/kaggle/input/datasets/sovitrath/diabetic-retinopathy-224x224-2019-data/colored_images/Moderate/63d217b059b6.png,2,train
63e041a757eb,/kaggle/input/datasets/sovitrath/diabetic-retinopathy-224x224-2019-data/colored_images/No_DR/63e041a757eb.png,0,train
64678182d8a8,/kaggle/input/datasets/sovitrath/diabetic-retinopathy-224x224-2019-data/colored_images/Mild/64678182d8a8.png,1,train
64a13949e879,/kaggle/input/datasets/sovitrath/diabetic-retinopathy-224x224-2019-data/colored_images/Moderate/64a13949e879.png,2,val
64ac539f58cb,/kaggle/input/datasets/sovitrath/diabetic-retinopathy-224x224-2019-data/colored_images/No_DR/64ac539f58cb.png,0,test
64b9206afb3f,/kaggle/input/datasets/sovitrath/diabetic-retinopathy-224x224-2019-data/colored_images/No_DR/64b9206afb3f.png,0,train
64bad93fde3f,/kaggle/input/datasets/sovitrath/diabetic-retinopathy-224x224-2019-data/colored_images/Proliferate_DR/64bad93fde3f.png,4,train
64c6c6ee0d98,/kaggle/input/datasets/sovitrath/diabetic-retinopathy-224x224-2019-data/colored_images/No_DR/64c6c6ee0d98.png,0,train
64eb5a79dfdd,/kaggle/input/datasets/sovitrath/diabetic-retinopathy-224x224-2019-data/colored_images/Mild/64eb5a79dfdd.png,1,train
64fedbf97473,/kaggle/input/datasets/sovitrath/diabetic-retinopathy-224x224-2019-data/colored_images/Proliferate_DR/64fedbf97473.png,4,test
650104ede84c,/kaggle/input/datasets/sovitrath/diabetic-retinopathy-224x224-2019-data/colored_images/No_DR/650104ede84c.png,0,train
6504b703c429,/kaggle/input/datasets/sovitrath/diabetic-retinopathy-224x224-2019-data/colored_images/No_DR/6504b703c429.png,0,train
650fbed3fdca,/kaggle/input/datasets/sovitrath/diabetic-retinopathy-224x224-2019-data/colored_images/Moderate/650fbed3fdca.png,2,train
6531070bf03c,/kaggle/input/datasets/sovitrath/diabetic-retinopathy-224x224-2019-data/colored_images/Moderate/6531070bf03c.png,2,train
653534ded339,/kaggle/input/datasets/sovitrath/diabetic-retinopathy-224x224-2019-data/colored_images/Moderate/653534ded339.png,2,train
655cafb4c932,/kaggle/input/datasets/sovitrath/diabetic-retinopathy-224x224-2019-data/colored_images/Mild/655cafb4c932.png,1,train
657859f893d9,/kaggle/input/datasets/sovitrath/diabetic-retinopathy-224x224-2019-data/colored_images/Moderate/657859f893d9.png,2,train
658ad9f09f5d,/kaggle/input/datasets/sovitrath/diabetic-retinopathy-224x224-2019-data/colored_images/No_DR/658ad9f09f5d.png,0,train
65a3b13ad9a0,/kaggle/input/datasets/sovitrath/diabetic-retinopathy-224x224-2019-data/colored_images/No_DR/65a3b13ad9a0.png,0,val
65a7fe9482fe,/kaggle/input/datasets/sovitrath/diabetic-retinopathy-224x224-2019-data/colored_images/No_DR/65a7fe9482fe.png,0,train
65cf00be6fb4,/kaggle/input/datasets/sovitrath/diabetic-retinopathy-224x224-2019-data/colored_images/No_DR/65cf00be6fb4.png,0,train
65dda202653d,/kaggle/input/datasets/sovitrath/diabetic-retinopathy-224x224-2019-data/colored_images/No_DR/65dda202653d.png,0,train
65e120143825,/kaggle/input/datasets/sovitrath/diabetic-retinopathy-224x224-2019-data/colored_images/Proliferate_DR/65e120143825.png,4,train
65e51e18242b,/kaggle/input/datasets/sovitrath/diabetic-retinopathy-224x224-2019-data/colored_images/Mild/65e51e18242b.png,1,test
65e530ee2e79,/kaggle/input/datasets/sovitrath/diabetic-retinopathy-224x224-2019-data/colored_images/Moderate/65e530ee2e79.png,2,train
65e6f1bd9875,/kaggle/input/datasets/sovitrath/diabetic-retinopathy-224x224-2019-data/colored_images/No_DR/65e6f1bd9875.png,0,train
65f5d2a6eb7e,/kaggle/input/datasets/sovitrath/diabetic-retinopathy-224x224-2019-data/colored_images/No_DR/65f5d2a6eb7e.png,0,val
65f69234c8a7,/kaggle/input/datasets/sovitrath/diabetic-retinopathy-224x224-2019-data/colored_images/No_DR/65f69234c8a7.png,0,val
6630f8675a97,/kaggle/input/datasets/sovitrath/diabetic-retinopathy-224x224-2019-data/colored_images/Proliferate_DR/6630f8675a97.png,4,train
66366a90d1ef,/kaggle/input/datasets/sovitrath/diabetic-retinopathy-224x224-2019-data/colored_images/No_DR/66366a90d1ef.png,0,train
66375b3c64db,/kaggle/input/datasets/sovitrath/diabetic-retinopathy-224x224-2019-data/colored_images/Proliferate_DR/66375b3c64db.png,4,test
66393d8c60ba,/kaggle/input/datasets/sovitrath/diabetic-retinopathy-224x224-2019-data/colored_images/No_DR/66393d8c60ba.png,0,train
663a923d5398,/kaggle/input/datasets/sovitrath/diabetic-retinopathy-224x224-2019-data/colored_images/Moderate/663a923d5398.png,2,train
66460ecab347,/kaggle/input/datasets/sovitrath/diabetic-retinopathy-224x224-2019-data/colored_images/No_DR/66460ecab347.png,0,train
664b1f9a2087,/kaggle/input/datasets/sovitrath/diabetic-retinopathy-224x224-2019-data/colored_images/Proliferate_DR/664b1f9a2087.png,4,val
6653ad026901,/kaggle/input/datasets/sovitrath/diabetic-retinopathy-224x224-2019-data/colored_images/No_DR/6653ad026901.png,0,train
665ce639a331,/kaggle/input/datasets/sovitrath/diabetic-retinopathy-224x224-2019-data/colored_images/Mild/665ce639a331.png,1,train
6666c4f18396,/kaggle/input/datasets/sovitrath/diabetic-retinopathy-224x224-2019-data/colored_images/Moderate/6666c4f18396.png,2,train
668a319c2d23,/kaggle/input/datasets/sovitrath/diabetic-retinopathy-224x224-2019-data/colored_images/No_DR/668a319c2d23.png,0,train
668e853258cd,/kaggle/input/datasets/sovitrath/diabetic-retinopathy-224x224-2019-data/colored_images/Moderate/668e853258cd.png,2,train
66a0bf258013,/kaggle/input/datasets/sovitrath/diabetic-retinopathy-224x224-2019-data/colored_images/Proliferate_DR/66a0bf258013.png,4,test
66b88a4bc474,/kaggle/input/datasets/sovitrath/diabetic-retinopathy-224x224-2019-data/colored_images/No_DR/66b88a4bc474.png,0,test
66bae1ba227f,/kaggle/input/datasets/sovitrath/diabetic-retinopathy-224x224-2019-data/colored_images/Moderate/66bae1ba227f.png,2,train
66bfec8d6bcd,/kaggle/input/datasets/sovitrath/diabetic-retinopathy-224x224-2019-data/colored_images/No_DR/66bfec8d6bcd.png,0,train
66cd9c28e636,/kaggle/input/datasets/sovitrath/diabetic-retinopathy-224x224-2019-data/colored_images/Mild/66cd9c28e636.png,1,train
66d2ca47aa44,/kaggle/input/datasets/sovitrath/diabetic-retinopathy-224x224-2019-data/colored_images/Moderate/66d2ca47aa44.png,2,train
6733544ae7a6,/kaggle/input/datasets/sovitrath/diabetic-retinopathy-224x224-2019-data/colored_images/Moderate/6733544ae7a6.png,2,train
6735931000ec,/kaggle/input/datasets/sovitrath/diabetic-retinopathy-224x224-2019-data/colored_images/Severe/6735931000ec.png,3,train
674057ab250c,/kaggle/input/datasets/sovitrath/diabetic-retinopathy-224x224-2019-data/colored_images/Moderate/674057ab250c.png,2,train
675de69373f8,/kaggle/input/datasets/sovitrath/diabetic-retinopathy-224x224-2019-data/colored_images/No_DR/675de69373f8.png,0,test
6762b2b48ea5,/kaggle/input/datasets/sovitrath/diabetic-retinopathy-224x224-2019-data/colored_images/Mild/6762b2b48ea5.png,1,val
677f087cd697,/kaggle/input/datasets/sovitrath/diabetic-retinopathy-224x224-2019-data/colored_images/Mild/677f087cd697.png,1,val
67844c46bc61,/kaggle/input/datasets/sovitrath/diabetic-retinopathy-224x224-2019-data/colored_images/Moderate/67844c46bc61.png,2,train
67c03349bb31,/kaggle/input/datasets/sovitrath/diabetic-retinopathy-224x224-2019-data/colored_images/Moderate/67c03349bb31.png,2,train
67d8f94f04e0,/kaggle/input/datasets/sovitrath/diabetic-retinopathy-224x224-2019-data/colored_images/No_DR/67d8f94f04e0.png,0,train
67ed8cc78b97,/kaggle/input/datasets/sovitrath/diabetic-retinopathy-224x224-2019-data/colored_images/No_DR/67ed8cc78b97.png,0,train
67f5d89da548,/kaggle/input/datasets/sovitrath/diabetic-retinopathy-224x224-2019-data/colored_images/Mild/67f5d89da548.png,1,val
6810410187a0,/kaggle/input/datasets/sovitrath/diabetic-retinopathy-224x224-2019-data/colored_images/Moderate/6810410187a0.png,2,train
681c3c115684,/kaggle/input/datasets/sovitrath/diabetic-retinopathy-224x224-2019-data/colored_images/Moderate/681c3c115684.png,2,train
682312e82ee3,/kaggle/input/datasets/sovitrath/diabetic-retinopathy-224x224-2019-data/colored_images/No_DR/682312e82ee3.png,0,test
683023cda6a5,/kaggle/input/datasets/sovitrath/diabetic-retinopathy-224x224-2019-data/colored_images/No_DR/683023cda6a5.png,0,val
68332fdcaa70,/kaggle/input/datasets/sovitrath/diabetic-retinopathy-224x224-2019-data/colored_images/Mild/68332fdcaa70.png,1,train
684dd88a0d49,/kaggle/input/datasets/sovitrath/diabetic-retinopathy-224x224-2019-data/colored_images/No_DR/684dd88a0d49.png,0,train
6852f4531591,/kaggle/input/datasets/sovitrath/diabetic-retinopathy-224x224-2019-data/colored_images/No_DR/6852f4531591.png,0,train
686ed1dbae20,/kaggle/input/datasets/sovitrath/diabetic-retinopathy-224x224-2019-data/colored_images/Moderate/686ed1dbae20.png,2,train
687759336b0d,/kaggle/input/datasets/sovitrath/diabetic-retinopathy-224x224-2019-data/colored_images/Severe/687759336b0d.png,3,train
6889bc64ab09,/kaggle/input/datasets/sovitrath/diabetic-retinopathy-224x224-2019-data/colored_images/Moderate/6889bc64ab09.png,2,train
68987fb159ab,/kaggle/input/datasets/sovitrath/diabetic-retinopathy-224x224-2019-data/colored_images/No_DR/68987fb159ab.png,0,train
68ddb15a74de,/kaggle/input/datasets/sovitrath/diabetic-retinopathy-224x224-2019-data/colored_images/No_DR/68ddb15a74de.png,0,train
691eeb59b4cb,/kaggle/input/datasets/sovitrath/diabetic-retinopathy-224x224-2019-data/colored_images/No_DR/691eeb59b4cb.png,0,train
692e946b1f85,/kaggle/input/datasets/sovitrath/diabetic-retinopathy-224x224-2019-data/colored_images/No_DR/692e946b1f85.png,0,train
69591ebb198d,/kaggle/input/datasets/sovitrath/diabetic-retinopathy-224x224-2019-data/colored_images/Moderate/69591ebb198d.png,2,train
6966abf40b8c,/kaggle/input/datasets/sovitrath/diabetic-retinopathy-224x224-2019-data/colored_images/No_DR/6966abf40b8c.png,0,train
697538183db5,/kaggle/input/datasets/sovitrath/diabetic-retinopathy-224x224-2019-data/colored_images/Severe/697538183db5.png,3,train
6987804eb464,/kaggle/input/datasets/sovitrath/diabetic-retinopathy-224x224-2019-data/colored_images/Moderate/6987804eb464.png,2,train
698d6e422a80,/kaggle/input/datasets/sovitrath/diabetic-retinopathy-224x224-2019-data/colored_images/Moderate/698d6e422a80.png,2,train
69b3a00927fc,/kaggle/input/datasets/sovitrath/diabetic-retinopathy-224x224-2019-data/colored_images/No_DR/69b3a00927fc.png,0,train
69c4cbb630de,/kaggle/input/datasets/sovitrath/diabetic-retinopathy-224x224-2019-data/colored_images/No_DR/69c4cbb630de.png,0,train
69df7ade0575,/kaggle/input/datasets/sovitrath/diabetic-retinopathy-224x224-2019-data/colored_images/Moderate/69df7ade0575.png,2,test
69f43381317b,/kaggle/input/datasets/sovitrath/diabetic-retinopathy-224x224-2019-data/colored_images/No_DR/69f43381317b.png,0,train
69fff98cb32a,/kaggle/input/datasets/sovitrath/diabetic-retinopathy-224x224-2019-data/colored_images/Proliferate_DR/69fff98cb32a.png,4,test
6a244e855d0e,/kaggle/input/datasets/sovitrath/diabetic-retinopathy-224x224-2019-data/colored_images/Severe/6a244e855d0e.png,3,train
6a2642131e4a,/kaggle/input/datasets/sovitrath/diabetic-retinopathy-224x224-2019-data/colored_images/No_DR/6a2642131e4a.png,0,test
6a2c3f4ef329,/kaggle/input/datasets/sovitrath/diabetic-retinopathy-224x224-2019-data/colored_images/No_DR/6a2c3f4ef329.png,0,test
6a57a3db3eff,/kaggle/input/datasets/sovitrath/diabetic-retinopathy-224x224-2019-data/colored_images/No_DR/6a57a3db3eff.png,0,train
6a905a7202d2,/kaggle/input/datasets/sovitrath/diabetic-retinopathy-224x224-2019-data/colored_images/No_DR/6a905a7202d2.png,0,train
6a91eb157f47,/kaggle/input/datasets/sovitrath/diabetic-retinopathy-224x224-2019-data/colored_images/Moderate/6a91eb157f47.png,2,val
6af071b0ac6e,/kaggle/input/datasets/sovitrath/diabetic-retinopathy-224x224-2019-data/colored_images/No_DR/6af071b0ac6e.png,0,test
6b07971c3bf6,/kaggle/input/datasets/sovitrath/diabetic-retinopathy-224x224-2019-data/colored_images/Mild/6b07971c3bf6.png,1,train
6b128e648646,/kaggle/input/datasets/sovitrath/diabetic-retinopathy-224x224-2019-data/colored_images/Severe/6b128e648646.png,3,train
6b30767595d8,/kaggle/input/datasets/sovitrath/diabetic-retinopathy-224x224-2019-data/colored_images/No_DR/6b30767595d8.png,0,train
6b3860e8f64f,/kaggle/input/datasets/sovitrath/diabetic-retinopathy-224x224-2019-data/colored_images/No_DR/6b3860e8f64f.png,0,train
6b664ed2a938,/kaggle/input/datasets/sovitrath/diabetic-retinopathy-224x224-2019-data/colored_images/No_DR/6b664ed2a938.png,0,train
6b66b0e86f7e,/kaggle/input/datasets/sovitrath/diabetic-retinopathy-224x224-2019-data/colored_images/No_DR/6b66b0e86f7e.png,0,train
6b7cf869622a,/kaggle/input/datasets/sovitrath/diabetic-retinopathy-224x224-2019-data/colored_images/Moderate/6b7cf869622a.png,2,train
6b869f37cdf3,/kaggle/input/datasets/sovitrath/diabetic-retinopathy-224x224-2019-data/colored_images/Moderate/6b869f37cdf3.png,2,train
6b91e99c9408,/kaggle/input/datasets/sovitrath/diabetic-retinopathy-224x224-2019-data/colored_images/No_DR/6b91e99c9408.png,0,train
6ba5ed791444,/kaggle/input/datasets/sovitrath/diabetic-retinopathy-224x224-2019-data/colored_images/Moderate/6ba5ed791444.png,2,train
6baafa56895c,/kaggle/input/datasets/sovitrath/diabetic-retinopathy-224x224-2019-data/colored_images/Severe/6baafa56895c.png,3,test
6bb30ec3231a,/kaggle/input/datasets/sovitrath/diabetic-retinopathy-224x224-2019-data/colored_images/No_DR/6bb30ec3231a.png,0,train
6bcce181be65,/kaggle/input/datasets/sovitrath/diabetic-retinopathy-224x224-2019-data/colored_images/No_DR/6bcce181be65.png,0,test
6bf26b777e3a,/kaggle/input/datasets/sovitrath/diabetic-retinopathy-224x224-2019-data/colored_images/No_DR/6bf26b777e3a.png,0,train
6bf2a81a5d91,/kaggle/input/datasets/sovitrath/diabetic-retinopathy-224x224-2019-data/colored_images/No_DR/6bf2a81a5d91.png,0,train
6c00dd8bf708,/kaggle/input/datasets/sovitrath/diabetic-retinopathy-224x224-2019-data/colored_images/No_DR/6c00dd8bf708.png,0,train
6c250a30593b,/kaggle/input/datasets/sovitrath/diabetic-retinopathy-224x224-2019-data/colored_images/Proliferate_DR/6c250a30593b.png,4,train
6c2555a9cae4,/kaggle/input/datasets/sovitrath/diabetic-retinopathy-224x224-2019-data/colored_images/Moderate/6c2555a9cae4.png,2,train
6c30dd481717,/kaggle/input/datasets/sovitrath/diabetic-retinopathy-224x224-2019-data/colored_images/No_DR/6c30dd481717.png,0,train
6c315ad3d07f,/kaggle/input/datasets/sovitrath/diabetic-retinopathy-224x224-2019-data/colored_images/Moderate/6c315ad3d07f.png,2,test
6c3589d7ed8d,/kaggle/input/datasets/sovitrath/diabetic-retinopathy-224x224-2019-data/colored_images/No_DR/6c3589d7ed8d.png,0,train
6c3745a222da,/kaggle/input/datasets/sovitrath/diabetic-retinopathy-224x224-2019-data/colored_images/Proliferate_DR/6c3745a222da.png,4,val
6c4ec95dd8ba,/kaggle/input/datasets/sovitrath/diabetic-retinopathy-224x224-2019-data/colored_images/No_DR/6c4ec95dd8ba.png,0,train
6c6505a0c637,/kaggle/input/datasets/sovitrath/diabetic-retinopathy-224x224-2019-data/colored_images/No_DR/6c6505a0c637.png,0,train
6c6efb6b1358,/kaggle/input/datasets/sovitrath/diabetic-retinopathy-224x224-2019-data/colored_images/Mild/6c6efb6b1358.png,1,train
6c9c902a97de,/kaggle/input/datasets/sovitrath/diabetic-retinopathy-224x224-2019-data/colored_images/No_DR/6c9c902a97de.png,0,train
6cb96a6fb029,/kaggle/input/datasets/sovitrath/diabetic-retinopathy-224x224-2019-data/colored_images/No_DR/6cb96a6fb029.png,0,train
6cbc3dad809c,/kaggle/input/datasets/sovitrath/diabetic-retinopathy-224x224-2019-data/colored_images/Moderate/6cbc3dad809c.png,2,train
6ccfdb031184,/kaggle/input/datasets/sovitrath/diabetic-retinopathy-224x224-2019-data/colored_images/No_DR/6ccfdb031184.png,0,test
6cd606dc52e9,/kaggle/input/datasets/sovitrath/diabetic-retinopathy-224x224-2019-data/colored_images/Proliferate_DR/6cd606dc52e9.png,4,train
6cdd0f985270,/kaggle/input/datasets/sovitrath/diabetic-retinopathy-224x224-2019-data/colored_images/Mild/6cdd0f985270.png,1,train
6cee2e148520,/kaggle/input/datasets/sovitrath/diabetic-retinopathy-224x224-2019-data/colored_images/No_DR/6cee2e148520.png,0,train
6cfb7b44ef6f,/kaggle/input/datasets/sovitrath/diabetic-retinopathy-224x224-2019-data/colored_images/Proliferate_DR/6cfb7b44ef6f.png,4,train
6cffc6c6851a,/kaggle/input/datasets/sovitrath/diabetic-retinopathy-224x224-2019-data/colored_images/No_DR/6cffc6c6851a.png,0,train
6d0c0531083f,/kaggle/input/datasets/sovitrath/diabetic-retinopathy-224x224-2019-data/colored_images/Severe/6d0c0531083f.png,3,train
6d10709053ae,/kaggle/input/datasets/sovitrath/diabetic-retinopathy-224x224-2019-data/colored_images/No_DR/6d10709053ae.png,0,train
6d259b5b4c76,/kaggle/input/datasets/sovitrath/diabetic-retinopathy-224x224-2019-data/colored_images/Proliferate_DR/6d259b5b4c76.png,4,train
6d292ca4c9ad,/kaggle/input/datasets/sovitrath/diabetic-retinopathy-224x224-2019-data/colored_images/Mild/6d292ca4c9ad.png,1,train
6d3d1fe6c32a,/kaggle/input/datasets/sovitrath/diabetic-retinopathy-224x224-2019-data/colored_images/Moderate/6d3d1fe6c32a.png,2,train
6d454444f17c,/kaggle/input/datasets/sovitrath/diabetic-retinopathy-224x224-2019-data/colored_images/Moderate/6d454444f17c.png,2,test
6d4f6c9a8406,/kaggle/input/datasets/sovitrath/diabetic-retinopathy-224x224-2019-data/colored_images/No_DR/6d4f6c9a8406.png,0,train
6d5a8362dd1e,/kaggle/input/datasets/sovitrath/diabetic-retinopathy-224x224-2019-data/colored_images/No_DR/6d5a8362dd1e.png,0,val
6d6be4cfc73f,/kaggle/input/datasets/sovitrath/diabetic-retinopathy-224x224-2019-data/colored_images/No_DR/6d6be4cfc73f.png,0,test
6d6fcf49e515,/kaggle/input/datasets/sovitrath/diabetic-retinopathy-224x224-2019-data/colored_images/No_DR/6d6fcf49e515.png,0,train
6d7d26025122,/kaggle/input/datasets/sovitrath/diabetic-retinopathy-224x224-2019-data/colored_images/Proliferate_DR/6d7d26025122.png,4,train
6d9effbcde78,/kaggle/input/datasets/sovitrath/diabetic-retinopathy-224x224-2019-data/colored_images/No_DR/6d9effbcde78.png,0,train
6daef3e5ca22,/kaggle/input/datasets/sovitrath/diabetic-retinopathy-224x224-2019-data/colored_images/Proliferate_DR/6daef3e5ca22.png,4,train
6dc0281f11e3,/kaggle/input/datasets/sovitrath/diabetic-retinopathy-224x224-2019-data/colored_images/No_DR/6dc0281f11e3.png,0,val
6dc07f968794,/kaggle/input/datasets/sovitrath/diabetic-retinopathy-224x224-2019-data/colored_images/No_DR/6dc07f968794.png,0,test
6dcde47060f9,/kaggle/input/datasets/sovitrath/diabetic-retinopathy-224x224-2019-data/colored_images/Moderate/6dcde47060f9.png,2,train
6de39b94f634,/kaggle/input/datasets/sovitrath/diabetic-retinopathy-224x224-2019-data/colored_images/No_DR/6de39b94f634.png,0,val
6df8b7b6e837,/kaggle/input/datasets/sovitrath/diabetic-retinopathy-224x224-2019-data/colored_images/No_DR/6df8b7b6e837.png,0,train
6dfd80748e72,/kaggle/input/datasets/sovitrath/diabetic-retinopathy-224x224-2019-data/colored_images/Moderate/6dfd80748e72.png,2,train
6e018411ba4a,/kaggle/input/datasets/sovitrath/diabetic-retinopathy-224x224-2019-data/colored_images/No_DR/6e018411ba4a.png,0,val
6e092b306fe1,/kaggle/input/datasets/sovitrath/diabetic-retinopathy-224x224-2019-data/colored_images/Moderate/6e092b306fe1.png,2,train
6e092caa065f,/kaggle/input/datasets/sovitrath/diabetic-retinopathy-224x224-2019-data/colored_images/No_DR/6e092caa065f.png,0,train
6e0f78e188ff,/kaggle/input/datasets/sovitrath/diabetic-retinopathy-224x224-2019-data/colored_images/No_DR/6e0f78e188ff.png,0,train
6e1db8711879,/kaggle/input/datasets/sovitrath/diabetic-retinopathy-224x224-2019-data/colored_images/No_DR/6e1db8711879.png,0,train
6e3526053de0,/kaggle/input/datasets/sovitrath/diabetic-retinopathy-224x224-2019-data/colored_images/No_DR/6e3526053de0.png,0,train
6e44f6d04fc9,/kaggle/input/datasets/sovitrath/diabetic-retinopathy-224x224-2019-data/colored_images/No_DR/6e44f6d04fc9.png,0,train
6e68e742f5bc,/kaggle/input/datasets/sovitrath/diabetic-retinopathy-224x224-2019-data/colored_images/Moderate/6e68e742f5bc.png,2,test
6e73acb2cf60,/kaggle/input/datasets/sovitrath/diabetic-retinopathy-224x224-2019-data/colored_images/Proliferate_DR/6e73acb2cf60.png,4,train
6e861bc3bd7b,/kaggle/input/datasets/sovitrath/diabetic-retinopathy-224x224-2019-data/colored_images/No_DR/6e861bc3bd7b.png,0,val
6e92b1c5ac8e,/kaggle/input/datasets/sovitrath/diabetic-retinopathy-224x224-2019-data/colored_images/Severe/6e92b1c5ac8e.png,3,train
6ea07d19b4ce,/kaggle/input/datasets/sovitrath/diabetic-retinopathy-224x224-2019-data/colored_images/Mild/6ea07d19b4ce.png,1,train
6efa36d59ada,/kaggle/input/datasets/sovitrath/diabetic-retinopathy-224x224-2019-data/colored_images/Severe/6efa36d59ada.png,3,train
6f0463c1ff18,/kaggle/input/datasets/sovitrath/diabetic-retinopathy-224x224-2019-data/colored_images/Moderate/6f0463c1ff18.png,2,val
6f0e5848d9ce,/kaggle/input/datasets/sovitrath/diabetic-retinopathy-224x224-2019-data/colored_images/No_DR/6f0e5848d9ce.png,0,train
6f3b62e5b7f5,/kaggle/input/datasets/sovitrath/diabetic-retinopathy-224x224-2019-data/colored_images/No_DR/6f3b62e5b7f5.png,0,train
6f460f9968c7,/kaggle/input/datasets/sovitrath/diabetic-retinopathy-224x224-2019-data/colored_images/No_DR/6f460f9968c7.png,0,train
6f4719c6bb4b,/kaggle/input/datasets/sovitrath/diabetic-retinopathy-224x224-2019-data/colored_images/Proliferate_DR/6f4719c6bb4b.png,4,val
6f4e0538d1e4,/kaggle/input/datasets/sovitrath/diabetic-retinopathy-224x224-2019-data/colored_images/Moderate/6f4e0538d1e4.png,2,train
6f689fced922,/kaggle/input/datasets/sovitrath/diabetic-retinopathy-224x224-2019-data/colored_images/No_DR/6f689fced922.png,0,test
6f923b60934b,/kaggle/input/datasets/sovitrath/diabetic-retinopathy-224x224-2019-data/colored_images/Proliferate_DR/6f923b60934b.png,4,train
6fb656d506b2,/kaggle/input/datasets/sovitrath/diabetic-retinopathy-224x224-2019-data/colored_images/Severe/6fb656d506b2.png,3,train
6fbaaf8eb67a,/kaggle/input/datasets/sovitrath/diabetic-retinopathy-224x224-2019-data/colored_images/No_DR/6fbaaf8eb67a.png,0,train
6fe4751a3b42,/kaggle/input/datasets/sovitrath/diabetic-retinopathy-224x224-2019-data/colored_images/No_DR/6fe4751a3b42.png,0,train
6fe67482bfae,/kaggle/input/datasets/sovitrath/diabetic-retinopathy-224x224-2019-data/colored_images/Proliferate_DR/6fe67482bfae.png,4,train
6fe67fd7f5d1,/kaggle/input/datasets/sovitrath/diabetic-retinopathy-224x224-2019-data/colored_images/No_DR/6fe67fd7f5d1.png,0,train
702de9dcde32,/kaggle/input/datasets/sovitrath/diabetic-retinopathy-224x224-2019-data/colored_images/Proliferate_DR/702de9dcde32.png,4,train
705f508d1e42,/kaggle/input/datasets/sovitrath/diabetic-retinopathy-224x224-2019-data/colored_images/No_DR/705f508d1e42.png,0,train
709784f7fcc2,/kaggle/input/datasets/sovitrath/diabetic-retinopathy-224x224-2019-data/colored_images/Moderate/709784f7fcc2.png,2,train
70d0392397de,/kaggle/input/datasets/sovitrath/diabetic-retinopathy-224x224-2019-data/colored_images/No_DR/70d0392397de.png,0,test
70d657f8f503,/kaggle/input/datasets/sovitrath/diabetic-retinopathy-224x224-2019-data/colored_images/Proliferate_DR/70d657f8f503.png,4,train
70ed3ec68b94,/kaggle/input/datasets/sovitrath/diabetic-retinopathy-224x224-2019-data/colored_images/Moderate/70ed3ec68b94.png,2,train
70f5caf5f305,/kaggle/input/datasets/sovitrath/diabetic-retinopathy-224x224-2019-data/colored_images/Moderate/70f5caf5f305.png,2,train
7102f29e052e,/kaggle/input/datasets/sovitrath/diabetic-retinopathy-224x224-2019-data/colored_images/Moderate/7102f29e052e.png,2,train
710b05a96e0f,/kaggle/input/datasets/sovitrath/diabetic-retinopathy-224x224-2019-data/colored_images/Proliferate_DR/710b05a96e0f.png,4,train
7116128c65ab,/kaggle/input/datasets/sovitrath/diabetic-retinopathy-224x224-2019-data/colored_images/Mild/7116128c65ab.png,1,test
711d1480d2e3,/kaggle/input/datasets/sovitrath/diabetic-retinopathy-224x224-2019-data/colored_images/Moderate/711d1480d2e3.png,2,test
7131bf4c9e6f,/kaggle/input/datasets/sovitrath/diabetic-retinopathy-224x224-2019-data/colored_images/No_DR/7131bf4c9e6f.png,0,test
7179f85bfd6f,/kaggle/input/datasets/sovitrath/diabetic-retinopathy-224x224-2019-data/colored_images/No_DR/7179f85bfd6f.png,0,train
71a39c660432,/kaggle/input/datasets/sovitrath/diabetic-retinopathy-224x224-2019-data/colored_images/Severe/71a39c660432.png,3,test
71c1a3cdbe47,/kaggle/input/datasets/sovitrath/diabetic-retinopathy-224x224-2019-data/colored_images/Mild/71c1a3cdbe47.png,1,val
71c22da3d6c6,/kaggle/input/datasets/sovitrath/diabetic-retinopathy-224x224-2019-data/colored_images/No_DR/71c22da3d6c6.png,0,val
71e4130bf5c8,/kaggle/input/datasets/sovitrath/diabetic-retinopathy-224x224-2019-data/colored_images/Moderate/71e4130bf5c8.png,2,val
71e43b4f8ba6,/kaggle/input/datasets/sovitrath/diabetic-retinopathy-224x224-2019-data/colored_images/No_DR/71e43b4f8ba6.png,0,test
71f6a6e4620a,/kaggle/input/datasets/sovitrath/diabetic-retinopathy-224x224-2019-data/colored_images/Mild/71f6a6e4620a.png,1,train
720b5f62ce80,/kaggle/input/datasets/sovitrath/diabetic-retinopathy-224x224-2019-data/colored_images/No_DR/720b5f62ce80.png,0,train
721214151233,/kaggle/input/datasets/sovitrath/diabetic-retinopathy-224x224-2019-data/colored_images/No_DR/721214151233.png,0,train
7214fc7cbe03,/kaggle/input/datasets/sovitrath/diabetic-retinopathy-224x224-2019-data/colored_images/No_DR/7214fc7cbe03.png,0,train
7247a2c97f71,/kaggle/input/datasets/sovitrath/diabetic-retinopathy-224x224-2019-data/colored_images/Moderate/7247a2c97f71.png,2,test
72595230840c,/kaggle/input/datasets/sovitrath/diabetic-retinopathy-224x224-2019-data/colored_images/Severe/72595230840c.png,3,train
72606afaf3da,/kaggle/input/datasets/sovitrath/diabetic-retinopathy-224x224-2019-data/colored_images/No_DR/72606afaf3da.png,0,train
7269a1d84a57,/kaggle/input/datasets/sovitrath/diabetic-retinopathy-224x224-2019-data/colored_images/No_DR/7269a1d84a57.png,0,train
726dff37edc0,/kaggle/input/datasets/sovitrath/diabetic-retinopathy-224x224-2019-data/colored_images/No_DR/726dff37edc0.png,0,train
7270367410a1,/kaggle/input/datasets/sovitrath/diabetic-retinopathy-224x224-2019-data/colored_images/Proliferate_DR/7270367410a1.png,4,train
72a867980067,/kaggle/input/datasets/sovitrath/diabetic-retinopathy-224x224-2019-data/colored_images/No_DR/72a867980067.png,0,train
72c31aa48e2c,/kaggle/input/datasets/sovitrath/diabetic-retinopathy-224x224-2019-data/colored_images/No_DR/72c31aa48e2c.png,0,train
72d98188648f,/kaggle/input/datasets/sovitrath/diabetic-retinopathy-224x224-2019-data/colored_images/Proliferate_DR/72d98188648f.png,4,train
731b19a460ad,/kaggle/input/datasets/sovitrath/diabetic-retinopathy-224x224-2019-data/colored_images/Moderate/731b19a460ad.png,2,test
7335a2d43ada,/kaggle/input/datasets/sovitrath/diabetic-retinopathy-224x224-2019-data/colored_images/Mild/7335a2d43ada.png,1,train
7347bd23ba80,/kaggle/input/datasets/sovitrath/diabetic-retinopathy-224x224-2019-data/colored_images/No_DR/7347bd23ba80.png,0,train
7347f5133a6a,/kaggle/input/datasets/sovitrath/diabetic-retinopathy-224x224-2019-data/colored_images/Mild/7347f5133a6a.png,1,train
7350c50667c5,/kaggle/input/datasets/sovitrath/diabetic-retinopathy-224x224-2019-data/colored_images/Moderate/7350c50667c5.png,2,val
7356dd08b0ae,/kaggle/input/datasets/sovitrath/diabetic-retinopathy-224x224-2019-data/colored_images/Moderate/7356dd08b0ae.png,2,train
735836b1ffa6,/kaggle/input/datasets/sovitrath/diabetic-retinopathy-224x224-2019-data/colored_images/No_DR/735836b1ffa6.png,0,train
737ef6226677,/kaggle/input/datasets/sovitrath/diabetic-retinopathy-224x224-2019-data/colored_images/No_DR/737ef6226677.png,0,val
73881f55a3ec,/kaggle/input/datasets/sovitrath/diabetic-retinopathy-224x224-2019-data/colored_images/Mild/73881f55a3ec.png,1,train
73a07e2ea23e,/kaggle/input/datasets/sovitrath/diabetic-retinopathy-224x224-2019-data/colored_images/No_DR/73a07e2ea23e.png,0,test
73ba798fee25,/kaggle/input/datasets/sovitrath/diabetic-retinopathy-224x224-2019-data/colored_images/No_DR/73ba798fee25.png,0,train
73d40ce06a67,/kaggle/input/datasets/sovitrath/diabetic-retinopathy-224x224-2019-data/colored_images/No_DR/73d40ce06a67.png,0,train
73e83a07a16d,/kaggle/input/datasets/sovitrath/diabetic-retinopathy-224x224-2019-data/colored_images/Moderate/73e83a07a16d.png,2,train
73ef3c3dcbe4,/kaggle/input/datasets/sovitrath/diabetic-retinopathy-224x224-2019-data/colored_images/No_DR/73ef3c3dcbe4.png,0,test
74211a2b6dcf,/kaggle/input/datasets/sovitrath/diabetic-retinopathy-224x224-2019-data/colored_images/No_DR/74211a2b6dcf.png,0,val
7427dedafccf,/kaggle/input/datasets/sovitrath/diabetic-retinopathy-224x224-2019-data/colored_images/Mild/7427dedafccf.png,1,train
7435e9a3e36e,/kaggle/input/datasets/sovitrath/diabetic-retinopathy-224x224-2019-data/colored_images/No_DR/7435e9a3e36e.png,0,train
74418f620068,/kaggle/input/datasets/sovitrath/diabetic-retinopathy-224x224-2019-data/colored_images/Moderate/74418f620068.png,2,train
7455e2b5fc57,/kaggle/input/datasets/sovitrath/diabetic-retinopathy-224x224-2019-data/colored_images/Moderate/7455e2b5fc57.png,2,val
74898f372d2b,/kaggle/input/datasets/sovitrath/diabetic-retinopathy-224x224-2019-data/colored_images/No_DR/74898f372d2b.png,0,test
74eee788edee,/kaggle/input/datasets/sovitrath/diabetic-retinopathy-224x224-2019-data/colored_images/Severe/74eee788edee.png,3,train
750e0168399d,/kaggle/input/datasets/sovitrath/diabetic-retinopathy-224x224-2019-data/colored_images/No_DR/750e0168399d.png,0,train
75238d945315,/kaggle/input/datasets/sovitrath/diabetic-retinopathy-224x224-2019-data/colored_images/No_DR/75238d945315.png,0,train
7526c59c36d3,/kaggle/input/datasets/sovitrath/diabetic-retinopathy-224x224-2019-data/colored_images/No_DR/7526c59c36d3.png,0,train
7526cf435753,/kaggle/input/datasets/sovitrath/diabetic-retinopathy-224x224-2019-data/colored_images/No_DR/7526cf435753.png,0,train
75369248dba0,/kaggle/input/datasets/sovitrath/diabetic-retinopathy-224x224-2019-data/colored_images/No_DR/75369248dba0.png,0,train
753b14c27c83,/kaggle/input/datasets/sovitrath/diabetic-retinopathy-224x224-2019-data/colored_images/Proliferate_DR/753b14c27c83.png,4,train
7550966ef777,/kaggle/input/datasets/sovitrath/diabetic-retinopathy-224x224-2019-data/colored_images/Moderate/7550966ef777.png,2,val
7569ac24762e,/kaggle/input/datasets/sovitrath/diabetic-retinopathy-224x224-2019-data/colored_images/No_DR/7569ac24762e.png,0,test
756b0d6488bb,/kaggle/input/datasets/sovitrath/diabetic-retinopathy-224x224-2019-data/colored_images/Mild/756b0d6488bb.png,1,test
757572337fd0,/kaggle/input/datasets/sovitrath/diabetic-retinopathy-224x224-2019-data/colored_images/Moderate/757572337fd0.png,2,train
757e39293591,/kaggle/input/datasets/sovitrath/diabetic-retinopathy-224x224-2019-data/colored_images/No_DR/757e39293591.png,0,test
75a071608ea6,/kaggle/input/datasets/sovitrath/diabetic-retinopathy-224x224-2019-data/colored_images/No_DR/75a071608ea6.png,0,train
75a4343b12f9,/kaggle/input/datasets/sovitrath/diabetic-retinopathy-224x224-2019-data/colored_images/No_DR/75a4343b12f9.png,0,train
75a7bc945b7d,/kaggle/input/datasets/sovitrath/diabetic-retinopathy-224x224-2019-data/colored_images/Moderate/75a7bc945b7d.png,2,train
75c180e04f65,/kaggle/input/datasets/sovitrath/diabetic-retinopathy-224x224-2019-data/colored_images/No_DR/75c180e04f65.png,0,test
75ed83dbccce,/kaggle/input/datasets/sovitrath/diabetic-retinopathy-224x224-2019-data/colored_images/No_DR/75ed83dbccce.png,0,train
76095c338728,/kaggle/input/datasets/sovitrath/diabetic-retinopathy-224x224-2019-data/colored_images/No_DR/76095c338728.png,0,train
760b6f4c6d82,/kaggle/input/datasets/sovitrath/diabetic-retinopathy-224x224-2019-data/colored_images/Moderate/760b6f4c6d82.png,2,train
762d6e5d5068,/kaggle/input/datasets/sovitrath/diabetic-retinopathy-224x224-2019-data/colored_images/Severe/762d6e5d5068.png,3,val
7635921c5efb,/kaggle/input/datasets/sovitrath/diabetic-retinopathy-224x224-2019-data/colored_images/No_DR/7635921c5efb.png,0,train
763ad1236efe,/kaggle/input/datasets/sovitrath/diabetic-retinopathy-224x224-2019-data/colored_images/No_DR/763ad1236efe.png,0,val
76516f828d88,/kaggle/input/datasets/sovitrath/diabetic-retinopathy-224x224-2019-data/colored_images/No_DR/76516f828d88.png,0,train
7663aba8d762,/kaggle/input/datasets/sovitrath/diabetic-retinopathy-224x224-2019-data/colored_images/Moderate/7663aba8d762.png,2,test
767d777ee889,/kaggle/input/datasets/sovitrath/diabetic-retinopathy-224x224-2019-data/colored_images/No_DR/767d777ee889.png,0,val
76b950c6ed5e,/kaggle/input/datasets/sovitrath/diabetic-retinopathy-224x224-2019-data/colored_images/No_DR/76b950c6ed5e.png,0,val
76bc31e0d3be,/kaggle/input/datasets/sovitrath/diabetic-retinopathy-224x224-2019-data/colored_images/No_DR/76bc31e0d3be.png,0,train
76be29bb30b2,/kaggle/input/datasets/sovitrath/diabetic-retinopathy-224x224-2019-data/colored_images/Mild/76be29bb30b2.png,1,test
76c0c7e1b6cb,/kaggle/input/datasets/sovitrath/diabetic-retinopathy-224x224-2019-data/colored_images/Moderate/76c0c7e1b6cb.png,2,test
76cab26493f1,/kaggle/input/datasets/sovitrath/diabetic-retinopathy-224x224-2019-data/colored_images/No_DR/76cab26493f1.png,0,train
76cb010f7aa0,/kaggle/input/datasets/sovitrath/diabetic-retinopathy-224x224-2019-data/colored_images/No_DR/76cb010f7aa0.png,0,train
76df141d966b,/kaggle/input/datasets/sovitrath/diabetic-retinopathy-224x224-2019-data/colored_images/No_DR/76df141d966b.png,0,train
76e589911303,/kaggle/input/datasets/sovitrath/diabetic-retinopathy-224x224-2019-data/colored_images/Mild/76e589911303.png,1,train
76e5b50f95a7,/kaggle/input/datasets/sovitrath/diabetic-retinopathy-224x224-2019-data/colored_images/No_DR/76e5b50f95a7.png,0,test
76e6a9238570,/kaggle/input/datasets/sovitrath/diabetic-retinopathy-224x224-2019-data/colored_images/Moderate/76e6a9238570.png,2,train
76f3473df8a6,/kaggle/input/datasets/sovitrath/diabetic-retinopathy-224x224-2019-data/colored_images/No_DR/76f3473df8a6.png,0,train
76fe19ff64fb,/kaggle/input/datasets/sovitrath/diabetic-retinopathy-224x224-2019-data/colored_images/Moderate/76fe19ff64fb.png,2,test
7743f4e04a6d,/kaggle/input/datasets/sovitrath/diabetic-retinopathy-224x224-2019-data/colored_images/Moderate/7743f4e04a6d.png,2,train
77543f66a84a,/kaggle/input/datasets/sovitrath/diabetic-retinopathy-224x224-2019-data/colored_images/Moderate/77543f66a84a.png,2,train
77a1f1398fdb,/kaggle/input/datasets/sovitrath/diabetic-retinopathy-224x224-2019-data/colored_images/No_DR/77a1f1398fdb.png,0,val
77ab222bf85c,/kaggle/input/datasets/sovitrath/diabetic-retinopathy-224x224-2019-data/colored_images/No_DR/77ab222bf85c.png,0,test
77acc2cafee1,/kaggle/input/datasets/sovitrath/diabetic-retinopathy-224x224-2019-data/colored_images/No_DR/77acc2cafee1.png,0,test
77b7b71ebcc3,/kaggle/input/datasets/sovitrath/diabetic-retinopathy-224x224-2019-data/colored_images/No_DR/77b7b71ebcc3.png,0,train
77baa08a1345,/kaggle/input/datasets/sovitrath/diabetic-retinopathy-224x224-2019-data/colored_images/Moderate/77baa08a1345.png,2,val
77e15f213b04,/kaggle/input/datasets/sovitrath/diabetic-retinopathy-224x224-2019-data/colored_images/No_DR/77e15f213b04.png,0,val
77e7c7a160c8,/kaggle/input/datasets/sovitrath/diabetic-retinopathy-224x224-2019-data/colored_images/Moderate/77e7c7a160c8.png,2,test
77f69c7ff324,/kaggle/input/datasets/sovitrath/diabetic-retinopathy-224x224-2019-data/colored_images/Moderate/77f69c7ff324.png,2,val
780be525036d,/kaggle/input/datasets/sovitrath/diabetic-retinopathy-224x224-2019-data/colored_images/No_DR/780be525036d.png,0,train
780f9c237c56,/kaggle/input/datasets/sovitrath/diabetic-retinopathy-224x224-2019-data/colored_images/No_DR/780f9c237c56.png,0,train
780f9daaa24b,/kaggle/input/datasets/sovitrath/diabetic-retinopathy-224x224-2019-data/colored_images/No_DR/780f9daaa24b.png,0,train
7828dd083cdc,/kaggle/input/datasets/sovitrath/diabetic-retinopathy-224x224-2019-data/colored_images/No_DR/7828dd083cdc.png,0,train
7831ce1d895e,/kaggle/input/datasets/sovitrath/diabetic-retinopathy-224x224-2019-data/colored_images/No_DR/7831ce1d895e.png,0,train
784d6d302f98,/kaggle/input/datasets/sovitrath/diabetic-retinopathy-224x224-2019-data/colored_images/No_DR/784d6d302f98.png,0,train
785777558f05,/kaggle/input/datasets/sovitrath/diabetic-retinopathy-224x224-2019-data/colored_images/Proliferate_DR/785777558f05.png,4,test
7877be80901c,/kaggle/input/datasets/sovitrath/diabetic-retinopathy-224x224-2019-data/colored_images/Moderate/7877be80901c.png,2,train
788ddb0b70b7,/kaggle/input/datasets/sovitrath/diabetic-retinopathy-224x224-2019-data/colored_images/Severe/788ddb0b70b7.png,3,train
78937523f7a8,/kaggle/input/datasets/sovitrath/diabetic-retinopathy-224x224-2019-data/colored_images/No_DR/78937523f7a8.png,0,test
789434d095d1,/kaggle/input/datasets/sovitrath/diabetic-retinopathy-224x224-2019-data/colored_images/Proliferate_DR/789434d095d1.png,4,train
789c60cba801,/kaggle/input/datasets/sovitrath/diabetic-retinopathy-224x224-2019-data/colored_images/No_DR/789c60cba801.png,0,test
789f0ec1eab8,/kaggle/input/datasets/sovitrath/diabetic-retinopathy-224x224-2019-data/colored_images/No_DR/789f0ec1eab8.png,0,train
78a577c3e0bf,/kaggle/input/datasets/sovitrath/diabetic-retinopathy-224x224-2019-data/colored_images/Moderate/78a577c3e0bf.png,2,val
78b3f819dcc5,/kaggle/input/datasets/sovitrath/diabetic-retinopathy-224x224-2019-data/colored_images/Proliferate_DR/78b3f819dcc5.png,4,train
78bcdffb8785,/kaggle/input/datasets/sovitrath/diabetic-retinopathy-224x224-2019-data/colored_images/Mild/78bcdffb8785.png,1,train
78d53c82a23e,/kaggle/input/datasets/sovitrath/diabetic-retinopathy-224x224-2019-data/colored_images/Moderate/78d53c82a23e.png,2,train
79059d0592c4,/kaggle/input/datasets/sovitrath/diabetic-retinopathy-224x224-2019-data/colored_images/Moderate/79059d0592c4.png,2,train
79540be95177,/kaggle/input/datasets/sovitrath/diabetic-retinopathy-224x224-2019-data/colored_images/Moderate/79540be95177.png,2,train
799214e8b07c,/kaggle/input/datasets/sovitrath/diabetic-retinopathy-224x224-2019-data/colored_images/No_DR/799214e8b07c.png,0,train
799cb4c816ae,/kaggle/input/datasets/sovitrath/diabetic-retinopathy-224x224-2019-data/colored_images/Moderate/799cb4c816ae.png,2,train
79ade634c633,/kaggle/input/datasets/sovitrath/diabetic-retinopathy-224x224-2019-data/colored_images/No_DR/79ade634c633.png,0,train
79be2ff796bf,/kaggle/input/datasets/sovitrath/diabetic-retinopathy-224x224-2019-data/colored_images/Moderate/79be2ff796bf.png,2,train
79cbae28d8b2,/kaggle/input/datasets/sovitrath/diabetic-retinopathy-224x224-2019-data/colored_images/No_DR/79cbae28d8b2.png,0,train
79d44db3da2d,/kaggle/input/datasets/sovitrath/diabetic-retinopathy-224x224-2019-data/colored_images/Proliferate_DR/79d44db3da2d.png,4,train
7a06ea127e02,/kaggle/input/datasets/sovitrath/diabetic-retinopathy-224x224-2019-data/colored_images/No_DR/7a06ea127e02.png,0,train
7a0cff4c24b2,/kaggle/input/datasets/sovitrath/diabetic-retinopathy-224x224-2019-data/colored_images/Moderate/7a0cff4c24b2.png,2,train
7a12f49e29df,/kaggle/input/datasets/sovitrath/diabetic-retinopathy-224x224-2019-data/colored_images/No_DR/7a12f49e29df.png,0,train
7a238a1d3cf3,/kaggle/input/datasets/sovitrath/diabetic-retinopathy-224x224-2019-data/colored_images/Proliferate_DR/7a238a1d3cf3.png,4,train
7a39c91416e2,/kaggle/input/datasets/sovitrath/diabetic-retinopathy-224x224-2019-data/colored_images/No_DR/7a39c91416e2.png,0,train
7a3ea1779b13,/kaggle/input/datasets/sovitrath/diabetic-retinopathy-224x224-2019-data/colored_images/Mild/7a3ea1779b13.png,1,train
7a42443ed106,/kaggle/input/datasets/sovitrath/diabetic-retinopathy-224x224-2019-data/colored_images/No_DR/7a42443ed106.png,0,train
7a46cfa69bae,/kaggle/input/datasets/sovitrath/diabetic-retinopathy-224x224-2019-data/colored_images/No_DR/7a46cfa69bae.png,0,train
7a6495a39d87,/kaggle/input/datasets/sovitrath/diabetic-retinopathy-224x224-2019-data/colored_images/No_DR/7a6495a39d87.png,0,test
7a6e384a0846,/kaggle/input/datasets/sovitrath/diabetic-retinopathy-224x224-2019-data/colored_images/Severe/7a6e384a0846.png,3,train
7a77c3eb468c,/kaggle/input/datasets/sovitrath/diabetic-retinopathy-224x224-2019-data/colored_images/No_DR/7a77c3eb468c.png,0,train
7a9f45fdf29b,/kaggle/input/datasets/sovitrath/diabetic-retinopathy-224x224-2019-data/colored_images/No_DR/7a9f45fdf29b.png,0,train
7aabd768abff,/kaggle/input/datasets/sovitrath/diabetic-retinopathy-224x224-2019-data/colored_images/No_DR/7aabd768abff.png,0,train
7ad0c4975890,/kaggle/input/datasets/sovitrath/diabetic-retinopathy-224x224-2019-data/colored_images/No_DR/7ad0c4975890.png,0,val
7adfb8fc0621,/kaggle/input/datasets/sovitrath/diabetic-retinopathy-224x224-2019-data/colored_images/No_DR/7adfb8fc0621.png,0,train
7ae69d22075a,/kaggle/input/datasets/sovitrath/diabetic-retinopathy-224x224-2019-data/colored_images/Mild/7ae69d22075a.png,1,test
7af4d8704032,/kaggle/input/datasets/sovitrath/diabetic-retinopathy-224x224-2019-data/colored_images/No_DR/7af4d8704032.png,0,train
7b20210d9120,/kaggle/input/datasets/sovitrath/diabetic-retinopathy-224x224-2019-data/colored_images/Mild/7b20210d9120.png,1,val
7b211d8bd249,/kaggle/input/datasets/sovitrath/diabetic-retinopathy-224x224-2019-data/colored_images/Proliferate_DR/7b211d8bd249.png,4,train
7b29e3783919,/kaggle/input/datasets/sovitrath/diabetic-retinopathy-224x224-2019-data/colored_images/Severe/7b29e3783919.png,3,train
7b49041cbf17,/kaggle/input/datasets/sovitrath/diabetic-retinopathy-224x224-2019-data/colored_images/Severe/7b49041cbf17.png,3,train
7b691d9ced34,/kaggle/input/datasets/sovitrath/diabetic-retinopathy-224x224-2019-data/colored_images/No_DR/7b691d9ced34.png,0,train
7b87b0015282,/kaggle/input/datasets/sovitrath/diabetic-retinopathy-224x224-2019-data/colored_images/No_DR/7b87b0015282.png,0,train
7b8c78b41c0d,/kaggle/input/datasets/sovitrath/diabetic-retinopathy-224x224-2019-data/colored_images/Moderate/7b8c78b41c0d.png,2,train
7b9d519cbd66,/kaggle/input/datasets/sovitrath/diabetic-retinopathy-224x224-2019-data/colored_images/No_DR/7b9d519cbd66.png,0,val
7ba6b23c4b46,/kaggle/input/datasets/sovitrath/diabetic-retinopathy-224x224-2019-data/colored_images/No_DR/7ba6b23c4b46.png,0,train
7bc00e58d419,/kaggle/input/datasets/sovitrath/diabetic-retinopathy-224x224-2019-data/colored_images/No_DR/7bc00e58d419.png,0,train
7bc2e0fa3f72,/kaggle/input/datasets/sovitrath/diabetic-retinopathy-224x224-2019-data/colored_images/Moderate/7bc2e0fa3f72.png,2,train
7bc4dd99eee5,/kaggle/input/datasets/sovitrath/diabetic-retinopathy-224x224-2019-data/colored_images/Proliferate_DR/7bc4dd99eee5.png,4,train
7bda86d95c5b,/kaggle/input/datasets/sovitrath/diabetic-retinopathy-224x224-2019-data/colored_images/Moderate/7bda86d95c5b.png,2,test
7be1b9aa78aa,/kaggle/input/datasets/sovitrath/diabetic-retinopathy-224x224-2019-data/colored_images/No_DR/7be1b9aa78aa.png,0,train
7c2e852171c0,/kaggle/input/datasets/sovitrath/diabetic-retinopathy-224x224-2019-data/colored_images/No_DR/7c2e852171c0.png,0,train
7c2f820a6425,/kaggle/input/datasets/sovitrath/diabetic-retinopathy-224x224-2019-data/colored_images/Moderate/7c2f820a6425.png,2,val
7c3747c0b2c3,/kaggle/input/datasets/sovitrath/diabetic-retinopathy-224x224-2019-data/colored_images/No_DR/7c3747c0b2c3.png,0,train
7c52fe73e748,/kaggle/input/datasets/sovitrath/diabetic-retinopathy-224x224-2019-data/colored_images/Moderate/7c52fe73e748.png,2,train
7c629b491d1a,/kaggle/input/datasets/sovitrath/diabetic-retinopathy-224x224-2019-data/colored_images/Proliferate_DR/7c629b491d1a.png,4,val
7c6594b50690,/kaggle/input/datasets/sovitrath/diabetic-retinopathy-224x224-2019-data/colored_images/No_DR/7c6594b50690.png,0,train
7c90ab025331,/kaggle/input/datasets/sovitrath/diabetic-retinopathy-224x224-2019-data/colored_images/Proliferate_DR/7c90ab025331.png,4,train
7cc4b7aabe04,/kaggle/input/datasets/sovitrath/diabetic-retinopathy-224x224-2019-data/colored_images/Proliferate_DR/7cc4b7aabe04.png,4,train
7ccb267fd394,/kaggle/input/datasets/sovitrath/diabetic-retinopathy-224x224-2019-data/colored_images/Mild/7ccb267fd394.png,1,train
7ccf9d25dc48,/kaggle/input/datasets/sovitrath/diabetic-retinopathy-224x224-2019-data/colored_images/No_DR/7ccf9d25dc48.png,0,test
7ce671f952be,/kaggle/input/datasets/sovitrath/diabetic-retinopathy-224x224-2019-data/colored_images/No_DR/7ce671f952be.png,0,train
7d0a871c45db,/kaggle/input/datasets/sovitrath/diabetic-retinopathy-224x224-2019-data/colored_images/No_DR/7d0a871c45db.png,0,train
7d11dbc1e738,/kaggle/input/datasets/sovitrath/diabetic-retinopathy-224x224-2019-data/colored_images/No_DR/7d11dbc1e738.png,0,train
7d1b40fdbd86,/kaggle/input/datasets/sovitrath/diabetic-retinopathy-224x224-2019-data/colored_images/Moderate/7d1b40fdbd86.png,2,train
7d1da90d3ca9,/kaggle/input/datasets/sovitrath/diabetic-retinopathy-224x224-2019-data/colored_images/Moderate/7d1da90d3ca9.png,2,val
7d261f986bef,/kaggle/input/datasets/sovitrath/diabetic-retinopathy-224x224-2019-data/colored_images/Moderate/7d261f986bef.png,2,train
7d37a2939f12,/kaggle/input/datasets/sovitrath/diabetic-retinopathy-224x224-2019-data/colored_images/Moderate/7d37a2939f12.png,2,test
7d3835e4e63a,/kaggle/input/datasets/sovitrath/diabetic-retinopathy-224x224-2019-data/colored_images/Severe/7d3835e4e63a.png,3,train
7d48f8cdfb69,/kaggle/input/datasets/sovitrath/diabetic-retinopathy-224x224-2019-data/colored_images/No_DR/7d48f8cdfb69.png,0,test
7d626a7ffe76,/kaggle/input/datasets/sovitrath/diabetic-retinopathy-224x224-2019-data/colored_images/Proliferate_DR/7d626a7ffe76.png,4,train
7d8f67cadc29,/kaggle/input/datasets/sovitrath/diabetic-retinopathy-224x224-2019-data/colored_images/Moderate/7d8f67cadc29.png,2,train
7d94a000c2d0,/kaggle/input/datasets/sovitrath/diabetic-retinopathy-224x224-2019-data/colored_images/No_DR/7d94a000c2d0.png,0,train
7da558d92100,/kaggle/input/datasets/sovitrath/diabetic-retinopathy-224x224-2019-data/colored_images/No_DR/7da558d92100.png,0,train
7ddcfcea7369,/kaggle/input/datasets/sovitrath/diabetic-retinopathy-224x224-2019-data/colored_images/No_DR/7ddcfcea7369.png,0,train
7dee6bf8b9c1,/kaggle/input/datasets/sovitrath/diabetic-retinopathy-224x224-2019-data/colored_images/Moderate/7dee6bf8b9c1.png,2,val
7e0598cc88a0,/kaggle/input/datasets/sovitrath/diabetic-retinopathy-224x224-2019-data/colored_images/Proliferate_DR/7e0598cc88a0.png,4,train
7e160c8b611e,/kaggle/input/datasets/sovitrath/diabetic-retinopathy-224x224-2019-data/colored_images/Severe/7e160c8b611e.png,3,val
7e4019ac7f5a,/kaggle/input/datasets/sovitrath/diabetic-retinopathy-224x224-2019-data/colored_images/Proliferate_DR/7e4019ac7f5a.png,4,test
7e5a76c4e103,/kaggle/input/datasets/sovitrath/diabetic-retinopathy-224x224-2019-data/colored_images/No_DR/7e5a76c4e103.png,0,train
7e6e90a93aa5,/kaggle/input/datasets/sovitrath/diabetic-retinopathy-224x224-2019-data/colored_images/Moderate/7e6e90a93aa5.png,2,train
7e70344b0c25,/kaggle/input/datasets/sovitrath/diabetic-retinopathy-224x224-2019-data/colored_images/No_DR/7e70344b0c25.png,0,test
7e77b61e1639,/kaggle/input/datasets/sovitrath/diabetic-retinopathy-224x224-2019-data/colored_images/No_DR/7e77b61e1639.png,0,val
7e9081e95bf6,/kaggle/input/datasets/sovitrath/diabetic-retinopathy-224x224-2019-data/colored_images/No_DR/7e9081e95bf6.png,0,train
7e9458de5707,/kaggle/input/datasets/sovitrath/diabetic-retinopathy-224x224-2019-data/colored_images/Moderate/7e9458de5707.png,2,train
7e980424868e,/kaggle/input/datasets/sovitrath/diabetic-retinopathy-224x224-2019-data/colored_images/No_DR/7e980424868e.png,0,train
7ea756985353,/kaggle/input/datasets/sovitrath/diabetic-retinopathy-224x224-2019-data/colored_images/Mild/7ea756985353.png,1,train
7ec0e61a7e29,/kaggle/input/datasets/sovitrath/diabetic-retinopathy-224x224-2019-data/colored_images/No_DR/7ec0e61a7e29.png,0,train
7ec1ffe8220b,/kaggle/input/datasets/sovitrath/diabetic-retinopathy-224x224-2019-data/colored_images/Moderate/7ec1ffe8220b.png,2,train
7ed4128b2a4e,/kaggle/input/datasets/sovitrath/diabetic-retinopathy-224x224-2019-data/colored_images/No_DR/7ed4128b2a4e.png,0,train
7ee6de71c140,/kaggle/input/datasets/sovitrath/diabetic-retinopathy-224x224-2019-data/colored_images/No_DR/7ee6de71c140.png,0,train
7eeb191ad06b,/kaggle/input/datasets/sovitrath/diabetic-retinopathy-224x224-2019-data/colored_images/No_DR/7eeb191ad06b.png,0,train
7eee3d1f1268,/kaggle/input/datasets/sovitrath/diabetic-retinopathy-224x224-2019-data/colored_images/No_DR/7eee3d1f1268.png,0,train
7ef5ff774a48,/kaggle/input/datasets/sovitrath/diabetic-retinopathy-224x224-2019-data/colored_images/Mild/7ef5ff774a48.png,1,train
7efc91af4ae6,/kaggle/input/datasets/sovitrath/diabetic-retinopathy-224x224-2019-data/colored_images/Proliferate_DR/7efc91af4ae6.png,4,train
7f0ffeb0a333,/kaggle/input/datasets/sovitrath/diabetic-retinopathy-224x224-2019-data/colored_images/No_DR/7f0ffeb0a333.png,0,train
7f1f3269f546,/kaggle/input/datasets/sovitrath/diabetic-retinopathy-224x224-2019-data/colored_images/No_DR/7f1f3269f546.png,0,train
7f2123bc89a3,/kaggle/input/datasets/sovitrath/diabetic-retinopathy-224x224-2019-data/colored_images/No_DR/7f2123bc89a3.png,0,train
7f2cce721e19,/kaggle/input/datasets/sovitrath/diabetic-retinopathy-224x224-2019-data/colored_images/No_DR/7f2cce721e19.png,0,train
7f39c36469b5,/kaggle/input/datasets/sovitrath/diabetic-retinopathy-224x224-2019-data/colored_images/No_DR/7f39c36469b5.png,0,train
7f43becd3e83,/kaggle/input/datasets/sovitrath/diabetic-retinopathy-224x224-2019-data/colored_images/No_DR/7f43becd3e83.png,0,test
7f60f2a083d3,/kaggle/input/datasets/sovitrath/diabetic-retinopathy-224x224-2019-data/colored_images/Mild/7f60f2a083d3.png,1,test
7f6690fa390a,/kaggle/input/datasets/sovitrath/diabetic-retinopathy-224x224-2019-data/colored_images/No_DR/7f6690fa390a.png,0,val
7f6ce40f306b,/kaggle/input/datasets/sovitrath/diabetic-retinopathy-224x224-2019-data/colored_images/Moderate/7f6ce40f306b.png,2,test
7f84284598f5,/kaggle/input/datasets/sovitrath/diabetic-retinopathy-224x224-2019-data/colored_images/Moderate/7f84284598f5.png,2,train
7fc3a8bb40de,/kaggle/input/datasets/sovitrath/diabetic-retinopathy-224x224-2019-data/colored_images/No_DR/7fc3a8bb40de.png,0,test
7fdb177b8f7d,/kaggle/input/datasets/sovitrath/diabetic-retinopathy-224x224-2019-data/colored_images/No_DR/7fdb177b8f7d.png,0,train
7fe7309d0b4f,/kaggle/input/datasets/sovitrath/diabetic-retinopathy-224x224-2019-data/colored_images/No_DR/7fe7309d0b4f.png,0,train
8000a6b97a84,/kaggle/input/datasets/sovitrath/diabetic-retinopathy-224x224-2019-data/colored_images/Moderate/8000a6b97a84.png,2,train
8010c931321f,/kaggle/input/datasets/sovitrath/diabetic-retinopathy-224x224-2019-data/colored_images/No_DR/8010c931321f.png,0,val
803120c5d287,/kaggle/input/datasets/sovitrath/diabetic-retinopathy-224x224-2019-data/colored_images/Moderate/803120c5d287.png,2,train
807135cbc438,/kaggle/input/datasets/sovitrath/diabetic-retinopathy-224x224-2019-data/colored_images/Moderate/807135cbc438.png,2,train
80a02014b418,/kaggle/input/datasets/sovitrath/diabetic-retinopathy-224x224-2019-data/colored_images/Mild/80a02014b418.png,1,train
80b5697f2a5e,/kaggle/input/datasets/sovitrath/diabetic-retinopathy-224x224-2019-data/colored_images/No_DR/80b5697f2a5e.png,0,test
80b5a9519aec,/kaggle/input/datasets/sovitrath/diabetic-retinopathy-224x224-2019-data/colored_images/Moderate/80b5a9519aec.png,2,val
80c67efc8101,/kaggle/input/datasets/sovitrath/diabetic-retinopathy-224x224-2019-data/colored_images/No_DR/80c67efc8101.png,0,val
80ca40196225,/kaggle/input/datasets/sovitrath/diabetic-retinopathy-224x224-2019-data/colored_images/Severe/80ca40196225.png,3,train
80d24897669f,/kaggle/input/datasets/sovitrath/diabetic-retinopathy-224x224-2019-data/colored_images/Mild/80d24897669f.png,1,train
80dbeb0fdc75,/kaggle/input/datasets/sovitrath/diabetic-retinopathy-224x224-2019-data/colored_images/No_DR/80dbeb0fdc75.png,0,train
80e6e425f966,/kaggle/input/datasets/sovitrath/diabetic-retinopathy-224x224-2019-data/colored_images/No_DR/80e6e425f966.png,0,test
80e7cc0a0649,/kaggle/input/datasets/sovitrath/diabetic-retinopathy-224x224-2019-data/colored_images/Severe/80e7cc0a0649.png,3,val
80ed04a84a16,/kaggle/input/datasets/sovitrath/diabetic-retinopathy-224x224-2019-data/colored_images/No_DR/80ed04a84a16.png,0,train
80f6b30ece8c,/kaggle/input/datasets/sovitrath/diabetic-retinopathy-224x224-2019-data/colored_images/No_DR/80f6b30ece8c.png,0,train
80feb1f7ca5e,/kaggle/input/datasets/sovitrath/diabetic-retinopathy-224x224-2019-data/colored_images/Moderate/80feb1f7ca5e.png,2,val
810d3779abd9,/kaggle/input/datasets/sovitrath/diabetic-retinopathy-224x224-2019-data/colored_images/Severe/810d3779abd9.png,3,train
810ed108f5b7,/kaggle/input/datasets/sovitrath/diabetic-retinopathy-224x224-2019-data/colored_images/No_DR/810ed108f5b7.png,0,val
8114d6a160df,/kaggle/input/datasets/sovitrath/diabetic-retinopathy-224x224-2019-data/colored_images/Mild/8114d6a160df.png,1,train
812d5adafaf2,/kaggle/input/datasets/sovitrath/diabetic-retinopathy-224x224-2019-data/colored_images/Moderate/812d5adafaf2.png,2,train
81371b0c01ad,/kaggle/input/datasets/sovitrath/diabetic-retinopathy-224x224-2019-data/colored_images/No_DR/81371b0c01ad.png,0,val
81704925f759,/kaggle/input/datasets/sovitrath/diabetic-retinopathy-224x224-2019-data/colored_images/No_DR/81704925f759.png,0,train
8185ce1cdcef,/kaggle/input/datasets/sovitrath/diabetic-retinopathy-224x224-2019-data/colored_images/No_DR/8185ce1cdcef.png,0,train
81914ceb4e74,/kaggle/input/datasets/sovitrath/diabetic-retinopathy-224x224-2019-data/colored_images/No_DR/81914ceb4e74.png,0,test
8191ae701985,/kaggle/input/datasets/sovitrath/diabetic-retinopathy-224x224-2019-data/colored_images/No_DR/8191ae701985.png,0,test
81bc03e2ff2b,/kaggle/input/datasets/sovitrath/diabetic-retinopathy-224x224-2019-data/colored_images/Moderate/81bc03e2ff2b.png,2,val
81d79d53ed7b,/kaggle/input/datasets/sovitrath/diabetic-retinopathy-224x224-2019-data/colored_images/No_DR/81d79d53ed7b.png,0,train
8201cab8322d,/kaggle/input/datasets/sovitrath/diabetic-retinopathy-224x224-2019-data/colored_images/Severe/8201cab8322d.png,3,train
82088c6734e6,/kaggle/input/datasets/sovitrath/diabetic-retinopathy-224x224-2019-data/colored_images/No_DR/82088c6734e6.png,0,train
821789e9053f,/kaggle/input/datasets/sovitrath/diabetic-retinopathy-224x224-2019-data/colored_images/Mild/821789e9053f.png,1,train
8241e43408a8,/kaggle/input/datasets/sovitrath/diabetic-retinopathy-224x224-2019-data/colored_images/No_DR/8241e43408a8.png,0,train
8273fdb4405e,/kaggle/input/datasets/sovitrath/diabetic-retinopathy-224x224-2019-data/colored_images/Mild/8273fdb4405e.png,1,test
82910bba4753,/kaggle/input/datasets/sovitrath/diabetic-retinopathy-224x224-2019-data/colored_images/Moderate/82910bba4753.png,2,train
82ac8463fadd,/kaggle/input/datasets/sovitrath/diabetic-retinopathy-224x224-2019-data/colored_images/Mild/82ac8463fadd.png,1,train
82bb8a01935f,/kaggle/input/datasets/sovitrath/diabetic-retinopathy-224x224-2019-data/colored_images/Proliferate_DR/82bb8a01935f.png,4,test
82d364726a58,/kaggle/input/datasets/sovitrath/diabetic-retinopathy-224x224-2019-data/colored_images/No_DR/82d364726a58.png,0,train
82deb07a6618,/kaggle/input/datasets/sovitrath/diabetic-retinopathy-224x224-2019-data/colored_images/Moderate/82deb07a6618.png,2,train
82e5bc01f8a4,/kaggle/input/datasets/sovitrath/diabetic-retinopathy-224x224-2019-data/colored_images/No_DR/82e5bc01f8a4.png,0,train
82f2784ead76,/kaggle/input/datasets/sovitrath/diabetic-retinopathy-224x224-2019-data/colored_images/Moderate/82f2784ead76.png,2,train
83038ca49b6d,/kaggle/input/datasets/sovitrath/diabetic-retinopathy-224x224-2019-data/colored_images/No_DR/83038ca49b6d.png,0,train
830e297965a1,/kaggle/input/datasets/sovitrath/diabetic-retinopathy-224x224-2019-data/colored_images/No_DR/830e297965a1.png,0,test
8329e80c10ac,/kaggle/input/datasets/sovitrath/diabetic-retinopathy-224x224-2019-data/colored_images/No_DR/8329e80c10ac.png,0,train
8344c783da65,/kaggle/input/datasets/sovitrath/diabetic-retinopathy-224x224-2019-data/colored_images/No_DR/8344c783da65.png,0,val
83517eaeccb9,/kaggle/input/datasets/sovitrath/diabetic-retinopathy-224x224-2019-data/colored_images/No_DR/83517eaeccb9.png,0,val
835b9f6e12ba,/kaggle/input/datasets/sovitrath/diabetic-retinopathy-224x224-2019-data/colored_images/No_DR/835b9f6e12ba.png,0,train
837acf120946,/kaggle/input/datasets/sovitrath/diabetic-retinopathy-224x224-2019-data/colored_images/No_DR/837acf120946.png,0,test
838b3e4d0bb4,/kaggle/input/datasets/sovitrath/diabetic-retinopathy-224x224-2019-data/colored_images/No_DR/838b3e4d0bb4.png,0,train
838c87c63422,/kaggle/input/datasets/sovitrath/diabetic-retinopathy-224x224-2019-data/colored_images/Proliferate_DR/838c87c63422.png,4,train
83a63c4a3e4a,/kaggle/input/datasets/sovitrath/diabetic-retinopathy-224x224-2019-data/colored_images/No_DR/83a63c4a3e4a.png,0,val
83b61051737f,/kaggle/input/datasets/sovitrath/diabetic-retinopathy-224x224-2019-data/colored_images/Moderate/83b61051737f.png,2,train
83d6e40c869f,/kaggle/input/datasets/sovitrath/diabetic-retinopathy-224x224-2019-data/colored_images/Moderate/83d6e40c869f.png,2,train
83d81ba5959c,/kaggle/input/datasets/sovitrath/diabetic-retinopathy-224x224-2019-data/colored_images/No_DR/83d81ba5959c.png,0,train
83df53d58f28,/kaggle/input/datasets/sovitrath/diabetic-retinopathy-224x224-2019-data/colored_images/No_DR/83df53d58f28.png,0,train
83e529e95b0e,/kaggle/input/datasets/sovitrath/diabetic-retinopathy-224x224-2019-data/colored_images/Mild/83e529e95b0e.png,1,train
83fda7c0500b,/kaggle/input/datasets/sovitrath/diabetic-retinopathy-224x224-2019-data/colored_images/No_DR/83fda7c0500b.png,0,train
840527bc6628,/kaggle/input/datasets/sovitrath/diabetic-retinopathy-224x224-2019-data/colored_images/Moderate/840527bc6628.png,2,train
840a06a9c690,/kaggle/input/datasets/sovitrath/diabetic-retinopathy-224x224-2019-data/colored_images/No_DR/840a06a9c690.png,0,train
8421107255ae,/kaggle/input/datasets/sovitrath/diabetic-retinopathy-224x224-2019-data/colored_images/Moderate/8421107255ae.png,2,val
842d697884f6,/kaggle/input/datasets/sovitrath/diabetic-retinopathy-224x224-2019-data/colored_images/Moderate/842d697884f6.png,2,train
8433a032b96c,/kaggle/input/datasets/sovitrath/diabetic-retinopathy-224x224-2019-data/colored_images/No_DR/8433a032b96c.png,0,val
8448af27ba07,/kaggle/input/datasets/sovitrath/diabetic-retinopathy-224x224-2019-data/colored_images/No_DR/8448af27ba07.png,0,test
847b04287c9c,/kaggle/input/datasets/sovitrath/diabetic-retinopathy-224x224-2019-data/colored_images/No_DR/847b04287c9c.png,0,val
848e66b9e199,/kaggle/input/datasets/sovitrath/diabetic-retinopathy-224x224-2019-data/colored_images/No_DR/848e66b9e199.png,0,train
849a91e9ab28,/kaggle/input/datasets/sovitrath/diabetic-retinopathy-224x224-2019-data/colored_images/Mild/849a91e9ab28.png,1,val
84a72e15b23c,/kaggle/input/datasets/sovitrath/diabetic-retinopathy-224x224-2019-data/colored_images/Mild/84a72e15b23c.png,1,train
84b472c49cfa,/kaggle/input/datasets/sovitrath/diabetic-retinopathy-224x224-2019-data/colored_images/No_DR/84b472c49cfa.png,0,train
84b4da14bc23,/kaggle/input/datasets/sovitrath/diabetic-retinopathy-224x224-2019-data/colored_images/No_DR/84b4da14bc23.png,0,train
84b79243e430,/kaggle/input/datasets/sovitrath/diabetic-retinopathy-224x224-2019-data/colored_images/No_DR/84b79243e430.png,0,train
84b88e8d3bca,/kaggle/input/datasets/sovitrath/diabetic-retinopathy-224x224-2019-data/colored_images/No_DR/84b88e8d3bca.png,0,test
84c663f39632,/kaggle/input/datasets/sovitrath/diabetic-retinopathy-224x224-2019-data/colored_images/Proliferate_DR/84c663f39632.png,4,train
84e8c62165b5,/kaggle/input/datasets/sovitrath/diabetic-retinopathy-224x224-2019-data/colored_images/Moderate/84e8c62165b5.png,2,train
851e40a21f81,/kaggle/input/datasets/sovitrath/diabetic-retinopathy-224x224-2019-data/colored_images/No_DR/851e40a21f81.png,0,train
8543a801dce0,/kaggle/input/datasets/sovitrath/diabetic-retinopathy-224x224-2019-data/colored_images/Moderate/8543a801dce0.png,2,train
855f0a5442b6,/kaggle/input/datasets/sovitrath/diabetic-retinopathy-224x224-2019-data/colored_images/Moderate/855f0a5442b6.png,2,train
8564b7aa3c1a,/kaggle/input/datasets/sovitrath/diabetic-retinopathy-224x224-2019-data/colored_images/No_DR/8564b7aa3c1a.png,0,train
857230f64a2e,/kaggle/input/datasets/sovitrath/diabetic-retinopathy-224x224-2019-data/colored_images/Proliferate_DR/857230f64a2e.png,4,train
8596a24a14bd,/kaggle/input/datasets/sovitrath/diabetic-retinopathy-224x224-2019-data/colored_images/Proliferate_DR/8596a24a14bd.png,4,val
85cbb84ac8e0,/kaggle/input/datasets/sovitrath/diabetic-retinopathy-224x224-2019-data/colored_images/Proliferate_DR/85cbb84ac8e0.png,4,train
85cc6d636898,/kaggle/input/datasets/sovitrath/diabetic-retinopathy-224x224-2019-data/colored_images/Moderate/85cc6d636898.png,2,train
85f99e7e4052,/kaggle/input/datasets/sovitrath/diabetic-retinopathy-224x224-2019-data/colored_images/No_DR/85f99e7e4052.png,0,train
85fce24084da,/kaggle/input/datasets/sovitrath/diabetic-retinopathy-224x224-2019-data/colored_images/Moderate/85fce24084da.png,2,train
86410aa13b3e,/kaggle/input/datasets/sovitrath/diabetic-retinopathy-224x224-2019-data/colored_images/No_DR/86410aa13b3e.png,0,train
8650d32f4a9e,/kaggle/input/datasets/sovitrath/diabetic-retinopathy-224x224-2019-data/colored_images/No_DR/8650d32f4a9e.png,0,train
8660e1864665,/kaggle/input/datasets/sovitrath/diabetic-retinopathy-224x224-2019-data/colored_images/No_DR/8660e1864665.png,0,val
86722fcd802c,/kaggle/input/datasets/sovitrath/diabetic-retinopathy-224x224-2019-data/colored_images/Moderate/86722fcd802c.png,2,train
8676427e4625,/kaggle/input/datasets/sovitrath/diabetic-retinopathy-224x224-2019-data/colored_images/Mild/8676427e4625.png,1,train
8693ab1fd2be,/kaggle/input/datasets/sovitrath/diabetic-retinopathy-224x224-2019-data/colored_images/No_DR/8693ab1fd2be.png,0,val
869bbd3170cc,/kaggle/input/datasets/sovitrath/diabetic-retinopathy-224x224-2019-data/colored_images/Moderate/869bbd3170cc.png,2,val
86d58f850a0c,/kaggle/input/datasets/sovitrath/diabetic-retinopathy-224x224-2019-data/colored_images/No_DR/86d58f850a0c.png,0,train
86d6808f0609,/kaggle/input/datasets/sovitrath/diabetic-retinopathy-224x224-2019-data/colored_images/Severe/86d6808f0609.png,3,test
86e7f98f73f1,/kaggle/input/datasets/sovitrath/diabetic-retinopathy-224x224-2019-data/colored_images/Moderate/86e7f98f73f1.png,2,train
86fbac86ed3e,/kaggle/input/datasets/sovitrath/diabetic-retinopathy-224x224-2019-data/colored_images/Moderate/86fbac86ed3e.png,2,val
870f433e8f37,/kaggle/input/datasets/sovitrath/diabetic-retinopathy-224x224-2019-data/colored_images/No_DR/870f433e8f37.png,0,val
870fbe6eaa68,/kaggle/input/datasets/sovitrath/diabetic-retinopathy-224x224-2019-data/colored_images/No_DR/870fbe6eaa68.png,0,train
8714d17bb6da,/kaggle/input/datasets/sovitrath/diabetic-retinopathy-224x224-2019-data/colored_images/Mild/8714d17bb6da.png,1,test
87295c5fa1cc,/kaggle/input/datasets/sovitrath/diabetic-retinopathy-224x224-2019-data/colored_images/No_DR/87295c5fa1cc.png,0,train
873dcc0b468f,/kaggle/input/datasets/sovitrath/diabetic-retinopathy-224x224-2019-data/colored_images/Proliferate_DR/873dcc0b468f.png,4,test
873fe0404d6e,/kaggle/input/datasets/sovitrath/diabetic-retinopathy-224x224-2019-data/colored_images/Moderate/873fe0404d6e.png,2,test
874f8c1929f6,/kaggle/input/datasets/sovitrath/diabetic-retinopathy-224x224-2019-data/colored_images/No_DR/874f8c1929f6.png,0,train
875a2fc5fe23,/kaggle/input/datasets/sovitrath/diabetic-retinopathy-224x224-2019-data/colored_images/Proliferate_DR/875a2fc5fe23.png,4,val
875d2ffcbf47,/kaggle/input/datasets/sovitrath/diabetic-retinopathy-224x224-2019-data/colored_images/No_DR/875d2ffcbf47.png,0,val
876deb29f000,/kaggle/input/datasets/sovitrath/diabetic-retinopathy-224x224-2019-data/colored_images/No_DR/876deb29f000.png,0,train
876e1dd12d38,/kaggle/input/datasets/sovitrath/diabetic-retinopathy-224x224-2019-data/colored_images/Moderate/876e1dd12d38.png,2,val
87774aafe068,/kaggle/input/datasets/sovitrath/diabetic-retinopathy-224x224-2019-data/colored_images/Proliferate_DR/87774aafe068.png,4,train
8785b71238d8,/kaggle/input/datasets/sovitrath/diabetic-retinopathy-224x224-2019-data/colored_images/Proliferate_DR/8785b71238d8.png,4,train
878e356c8fc9,/kaggle/input/datasets/sovitrath/diabetic-retinopathy-224x224-2019-data/colored_images/No_DR/878e356c8fc9.png,0,train
879744b9dc65,/kaggle/input/datasets/sovitrath/diabetic-retinopathy-224x224-2019-data/colored_images/Moderate/879744b9dc65.png,2,train
87a9f4d20f07,/kaggle/input/datasets/sovitrath/diabetic-retinopathy-224x224-2019-data/colored_images/No_DR/87a9f4d20f07.png,0,train
87b1938994b5,/kaggle/input/datasets/sovitrath/diabetic-retinopathy-224x224-2019-data/colored_images/Moderate/87b1938994b5.png,2,val
87b671c6d4c5,/kaggle/input/datasets/sovitrath/diabetic-retinopathy-224x224-2019-data/colored_images/No_DR/87b671c6d4c5.png,0,train
87d46b1cc4e9,/kaggle/input/datasets/sovitrath/diabetic-retinopathy-224x224-2019-data/colored_images/No_DR/87d46b1cc4e9.png,0,train
880edb2cdb69,/kaggle/input/datasets/sovitrath/diabetic-retinopathy-224x224-2019-data/colored_images/No_DR/880edb2cdb69.png,0,train
881ec6186e68,/kaggle/input/datasets/sovitrath/diabetic-retinopathy-224x224-2019-data/colored_images/No_DR/881ec6186e68.png,0,train
882a71de424e,/kaggle/input/datasets/sovitrath/diabetic-retinopathy-224x224-2019-data/colored_images/Moderate/882a71de424e.png,2,train
883c6a184f16,/kaggle/input/datasets/sovitrath/diabetic-retinopathy-224x224-2019-data/colored_images/No_DR/883c6a184f16.png,0,train
883ddb650967,/kaggle/input/datasets/sovitrath/diabetic-retinopathy-224x224-2019-data/colored_images/No_DR/883ddb650967.png,0,train
8846b09384a4,/kaggle/input/datasets/sovitrath/diabetic-retinopathy-224x224-2019-data/colored_images/No_DR/8846b09384a4.png,0,train
885fa5fc5da8,/kaggle/input/datasets/sovitrath/diabetic-retinopathy-224x224-2019-data/colored_images/No_DR/885fa5fc5da8.png,0,train
8860c7b11530,/kaggle/input/datasets/sovitrath/diabetic-retinopathy-224x224-2019-data/colored_images/Moderate/8860c7b11530.png,2,train
8871e6a26596,/kaggle/input/datasets/sovitrath/diabetic-retinopathy-224x224-2019-data/colored_images/Moderate/8871e6a26596.png,2,train
887c26fc0e1f,/kaggle/input/datasets/sovitrath/diabetic-retinopathy-224x224-2019-data/colored_images/Proliferate_DR/887c26fc0e1f.png,4,train
88e4399d207c,/kaggle/input/datasets/sovitrath/diabetic-retinopathy-224x224-2019-data/colored_images/No_DR/88e4399d207c.png,0,train
88e5051f65bd,/kaggle/input/datasets/sovitrath/diabetic-retinopathy-224x224-2019-data/colored_images/No_DR/88e5051f65bd.png,0,train
8906c9ed54a2,/kaggle/input/datasets/sovitrath/diabetic-retinopathy-224x224-2019-data/colored_images/No_DR/8906c9ed54a2.png,0,val
891329021e12,/kaggle/input/datasets/sovitrath/diabetic-retinopathy-224x224-2019-data/colored_images/No_DR/891329021e12.png,0,val
891392c9683c,/kaggle/input/datasets/sovitrath/diabetic-retinopathy-224x224-2019-data/colored_images/Moderate/891392c9683c.png,2,train
894a37fc3738,/kaggle/input/datasets/sovitrath/diabetic-retinopathy-224x224-2019-data/colored_images/No_DR/894a37fc3738.png,0,train
8958a4d17b7e,/kaggle/input/datasets/sovitrath/diabetic-retinopathy-224x224-2019-data/colored_images/Severe/8958a4d17b7e.png,3,train
895fe2bfc5b6,/kaggle/input/datasets/sovitrath/diabetic-retinopathy-224x224-2019-data/colored_images/No_DR/895fe2bfc5b6.png,0,val
896ad584a841,/kaggle/input/datasets/sovitrath/diabetic-retinopathy-224x224-2019-data/colored_images/No_DR/896ad584a841.png,0,train
898f0bc8acfa,/kaggle/input/datasets/sovitrath/diabetic-retinopathy-224x224-2019-data/colored_images/No_DR/898f0bc8acfa.png,0,test
89b044cbaf85,/kaggle/input/datasets/sovitrath/diabetic-retinopathy-224x224-2019-data/colored_images/Moderate/89b044cbaf85.png,2,test
89b725411cee,/kaggle/input/datasets/sovitrath/diabetic-retinopathy-224x224-2019-data/colored_images/Moderate/89b725411cee.png,2,train
89d2a7403a06,/kaggle/input/datasets/sovitrath/diabetic-retinopathy-224x224-2019-data/colored_images/Moderate/89d2a7403a06.png,2,train
89d9c071a56f,/kaggle/input/datasets/sovitrath/diabetic-retinopathy-224x224-2019-data/colored_images/Mild/89d9c071a56f.png,1,train
89ed6a0dd53f,/kaggle/input/datasets/sovitrath/diabetic-retinopathy-224x224-2019-data/colored_images/Mild/89ed6a0dd53f.png,1,train
89ee1fa16f90,/kaggle/input/datasets/sovitrath/diabetic-retinopathy-224x224-2019-data/colored_images/Moderate/89ee1fa16f90.png,2,val
89fc080f7e83,/kaggle/input/datasets/sovitrath/diabetic-retinopathy-224x224-2019-data/colored_images/Moderate/89fc080f7e83.png,2,test
8a01daa423f7,/kaggle/input/datasets/sovitrath/diabetic-retinopathy-224x224-2019-data/colored_images/Mild/8a01daa423f7.png,1,val
8a234d68b27e,/kaggle/input/datasets/sovitrath/diabetic-retinopathy-224x224-2019-data/colored_images/Severe/8a234d68b27e.png,3,train
8a25a080f28f,/kaggle/input/datasets/sovitrath/diabetic-retinopathy-224x224-2019-data/colored_images/Mild/8a25a080f28f.png,1,train
8a3eb86ae4bd,/kaggle/input/datasets/sovitrath/diabetic-retinopathy-224x224-2019-data/colored_images/No_DR/8a3eb86ae4bd.png,0,train
8a482c024fc2,/kaggle/input/datasets/sovitrath/diabetic-retinopathy-224x224-2019-data/colored_images/No_DR/8a482c024fc2.png,0,train
8a67f1efa315,/kaggle/input/datasets/sovitrath/diabetic-retinopathy-224x224-2019-data/colored_images/Moderate/8a67f1efa315.png,2,train
8a7765e785fb,/kaggle/input/datasets/sovitrath/diabetic-retinopathy-224x224-2019-data/colored_images/No_DR/8a7765e785fb.png,0,train
8a81f62320d6,/kaggle/input/datasets/sovitrath/diabetic-retinopathy-224x224-2019-data/colored_images/No_DR/8a81f62320d6.png,0,val
8a87dd2a784e,/kaggle/input/datasets/sovitrath/diabetic-retinopathy-224x224-2019-data/colored_images/No_DR/8a87dd2a784e.png,0,val
8a8a251770cd,/kaggle/input/datasets/sovitrath/diabetic-retinopathy-224x224-2019-data/colored_images/No_DR/8a8a251770cd.png,0,train
8a9bef2fbd4e,/kaggle/input/datasets/sovitrath/diabetic-retinopathy-224x224-2019-data/colored_images/Severe/8a9bef2fbd4e.png,3,train
8aa3c4681542,/kaggle/input/datasets/sovitrath/diabetic-retinopathy-224x224-2019-data/colored_images/No_DR/8aa3c4681542.png,0,train
8aab201c0691,/kaggle/input/datasets/sovitrath/diabetic-retinopathy-224x224-2019-data/colored_images/Moderate/8aab201c0691.png,2,test
8ab3faa3701f,/kaggle/input/datasets/sovitrath/diabetic-retinopathy-224x224-2019-data/colored_images/No_DR/8ab3faa3701f.png,0,val
8ab8d9b3ce3f,/kaggle/input/datasets/sovitrath/diabetic-retinopathy-224x224-2019-data/colored_images/Moderate/8ab8d9b3ce3f.png,2,val
8ac0c44bbf24,/kaggle/input/datasets/sovitrath/diabetic-retinopathy-224x224-2019-data/colored_images/Proliferate_DR/8ac0c44bbf24.png,4,val
8acdf12f412a,/kaggle/input/datasets/sovitrath/diabetic-retinopathy-224x224-2019-data/colored_images/No_DR/8acdf12f412a.png,0,train
8ae049175db6,/kaggle/input/datasets/sovitrath/diabetic-retinopathy-224x224-2019-data/colored_images/Proliferate_DR/8ae049175db6.png,4,train
8af50c9d0a86,/kaggle/input/datasets/sovitrath/diabetic-retinopathy-224x224-2019-data/colored_images/No_DR/8af50c9d0a86.png,0,train
8af6a4e5396f,/kaggle/input/datasets/sovitrath/diabetic-retinopathy-224x224-2019-data/colored_images/Proliferate_DR/8af6a4e5396f.png,4,train
8b079e79035f,/kaggle/input/datasets/sovitrath/diabetic-retinopathy-224x224-2019-data/colored_images/No_DR/8b079e79035f.png,0,val
8b26d3cd61e8,/kaggle/input/datasets/sovitrath/diabetic-retinopathy-224x224-2019-data/colored_images/Moderate/8b26d3cd61e8.png,2,train
8b568d47a1fd,/kaggle/input/datasets/sovitrath/diabetic-retinopathy-224x224-2019-data/colored_images/No_DR/8b568d47a1fd.png,0,train
8b58f9a338e8,/kaggle/input/datasets/sovitrath/diabetic-retinopathy-224x224-2019-data/colored_images/No_DR/8b58f9a338e8.png,0,train
8b76c3c5cb3e,/kaggle/input/datasets/sovitrath/diabetic-retinopathy-224x224-2019-data/colored_images/Severe/8b76c3c5cb3e.png,3,train
8b8fe3fc8950,/kaggle/input/datasets/sovitrath/diabetic-retinopathy-224x224-2019-data/colored_images/No_DR/8b8fe3fc8950.png,0,train
8bad12d70368,/kaggle/input/datasets/sovitrath/diabetic-retinopathy-224x224-2019-data/colored_images/Proliferate_DR/8bad12d70368.png,4,val
8bbd7835e9aa,/kaggle/input/datasets/sovitrath/diabetic-retinopathy-224x224-2019-data/colored_images/Mild/8bbd7835e9aa.png,1,train
8bc6716c2238,/kaggle/input/datasets/sovitrath/diabetic-retinopathy-224x224-2019-data/colored_images/Mild/8bc6716c2238.png,1,train
8bdb891661a8,/kaggle/input/datasets/sovitrath/diabetic-retinopathy-224x224-2019-data/colored_images/Moderate/8bdb891661a8.png,2,train
8be6629a6039,/kaggle/input/datasets/sovitrath/diabetic-retinopathy-224x224-2019-data/colored_images/No_DR/8be6629a6039.png,0,val
8bed09514c3b,/kaggle/input/datasets/sovitrath/diabetic-retinopathy-224x224-2019-data/colored_images/Proliferate_DR/8bed09514c3b.png,4,train
8bf05909e1e1,/kaggle/input/datasets/sovitrath/diabetic-retinopathy-224x224-2019-data/colored_images/No_DR/8bf05909e1e1.png,0,val
8bf2d925dc0c,/kaggle/input/datasets/sovitrath/diabetic-retinopathy-224x224-2019-data/colored_images/No_DR/8bf2d925dc0c.png,0,train
8c0d05233238,/kaggle/input/datasets/sovitrath/diabetic-retinopathy-224x224-2019-data/colored_images/Severe/8c0d05233238.png,3,train
8c29a76fa08c,/kaggle/input/datasets/sovitrath/diabetic-retinopathy-224x224-2019-data/colored_images/No_DR/8c29a76fa08c.png,0,train
8c2f0f04e1ed,/kaggle/input/datasets/sovitrath/diabetic-retinopathy-224x224-2019-data/colored_images/Mild/8c2f0f04e1ed.png,1,train
8c4ceddeb1c6,/kaggle/input/datasets/sovitrath/diabetic-retinopathy-224x224-2019-data/colored_images/No_DR/8c4ceddeb1c6.png,0,val
8c7c26c52a6c,/kaggle/input/datasets/sovitrath/diabetic-retinopathy-224x224-2019-data/colored_images/Proliferate_DR/8c7c26c52a6c.png,4,train
8c84e96d9b01,/kaggle/input/datasets/sovitrath/diabetic-retinopathy-224x224-2019-data/colored_images/No_DR/8c84e96d9b01.png,0,train
8c87bd748996,/kaggle/input/datasets/sovitrath/diabetic-retinopathy-224x224-2019-data/colored_images/Moderate/8c87bd748996.png,2,train
8cb6b5b2f19c,/kaggle/input/datasets/sovitrath/diabetic-retinopathy-224x224-2019-data/colored_images/Moderate/8cb6b5b2f19c.png,2,val
8ceff4c4c860,/kaggle/input/datasets/sovitrath/diabetic-retinopathy-224x224-2019-data/colored_images/No_DR/8ceff4c4c860.png,0,val
8d13c46e7d75,/kaggle/input/datasets/sovitrath/diabetic-retinopathy-224x224-2019-data/colored_images/No_DR/8d13c46e7d75.png,0,test
8d3d67661620,/kaggle/input/datasets/sovitrath/diabetic-retinopathy-224x224-2019-data/colored_images/Moderate/8d3d67661620.png,2,train
8d4d14a4ab07,/kaggle/input/datasets/sovitrath/diabetic-retinopathy-224x224-2019-data/colored_images/No_DR/8d4d14a4ab07.png,0,train
8d4ff745a409,/kaggle/input/datasets/sovitrath/diabetic-retinopathy-224x224-2019-data/colored_images/No_DR/8d4ff745a409.png,0,train
8d62ba9cb22a,/kaggle/input/datasets/sovitrath/diabetic-retinopathy-224x224-2019-data/colored_images/Moderate/8d62ba9cb22a.png,2,train
8d8aca52c07b,/kaggle/input/datasets/sovitrath/diabetic-retinopathy-224x224-2019-data/colored_images/Proliferate_DR/8d8aca52c07b.png,4,train
8d9516ea3587,/kaggle/input/datasets/sovitrath/diabetic-retinopathy-224x224-2019-data/colored_images/No_DR/8d9516ea3587.png,0,train
8dafa62f9322,/kaggle/input/datasets/sovitrath/diabetic-retinopathy-224x224-2019-data/colored_images/No_DR/8dafa62f9322.png,0,test
8db2ce991101,/kaggle/input/datasets/sovitrath/diabetic-retinopathy-224x224-2019-data/colored_images/Proliferate_DR/8db2ce991101.png,4,train
8dba09a4e5ed,/kaggle/input/datasets/sovitrath/diabetic-retinopathy-224x224-2019-data/colored_images/Moderate/8dba09a4e5ed.png,2,test
8dc22e65c06f,/kaggle/input/datasets/sovitrath/diabetic-retinopathy-224x224-2019-data/colored_images/Mild/8dc22e65c06f.png,1,val
8dfa629ca74e,/kaggle/input/datasets/sovitrath/diabetic-retinopathy-224x224-2019-data/colored_images/Moderate/8dfa629ca74e.png,2,train
8dfff47b06b7,/kaggle/input/datasets/sovitrath/diabetic-retinopathy-224x224-2019-data/colored_images/Moderate/8dfff47b06b7.png,2,train
8e20b8fac7c3,/kaggle/input/datasets/sovitrath/diabetic-retinopathy-224x224-2019-data/colored_images/Moderate/8e20b8fac7c3.png,2,train
8e2a3978c244,/kaggle/input/datasets/sovitrath/diabetic-retinopathy-224x224-2019-data/colored_images/No_DR/8e2a3978c244.png,0,train
8e3b79e1f1f7,/kaggle/input/datasets/sovitrath/diabetic-retinopathy-224x224-2019-data/colored_images/Moderate/8e3b79e1f1f7.png,2,train
8e4a354e3da2,/kaggle/input/datasets/sovitrath/diabetic-retinopathy-224x224-2019-data/colored_images/No_DR/8e4a354e3da2.png,0,test
8e63fc4ab532,/kaggle/input/datasets/sovitrath/diabetic-retinopathy-224x224-2019-data/colored_images/Moderate/8e63fc4ab532.png,2,val
8e67f2d7e0ee,/kaggle/input/datasets/sovitrath/diabetic-retinopathy-224x224-2019-data/colored_images/No_DR/8e67f2d7e0ee.png,0,train
8e6df9eedcd8,/kaggle/input/datasets/sovitrath/diabetic-retinopathy-224x224-2019-data/colored_images/No_DR/8e6df9eedcd8.png,0,train
8e76054f0831,/kaggle/input/datasets/sovitrath/diabetic-retinopathy-224x224-2019-data/colored_images/No_DR/8e76054f0831.png,0,test
8e7981855125,/kaggle/input/datasets/sovitrath/diabetic-retinopathy-224x224-2019-data/colored_images/No_DR/8e7981855125.png,0,val
8ead17dfb6a6,/kaggle/input/datasets/sovitrath/diabetic-retinopathy-224x224-2019-data/colored_images/No_DR/8ead17dfb6a6.png,0,train
8ead8f37423c,/kaggle/input/datasets/sovitrath/diabetic-retinopathy-224x224-2019-data/colored_images/No_DR/8ead8f37423c.png,0,train
8eb3337a54e9,/kaggle/input/datasets/sovitrath/diabetic-retinopathy-224x224-2019-data/colored_images/Moderate/8eb3337a54e9.png,2,val
8ed586c43023,/kaggle/input/datasets/sovitrath/diabetic-retinopathy-224x224-2019-data/colored_images/No_DR/8ed586c43023.png,0,val
8ee50c26fc13,/kaggle/input/datasets/sovitrath/diabetic-retinopathy-224x224-2019-data/colored_images/No_DR/8ee50c26fc13.png,0,train
8eeac97f02f0,/kaggle/input/datasets/sovitrath/diabetic-retinopathy-224x224-2019-data/colored_images/Proliferate_DR/8eeac97f02f0.png,4,val
8f06ca4642bd,/kaggle/input/datasets/sovitrath/diabetic-retinopathy-224x224-2019-data/colored_images/No_DR/8f06ca4642bd.png,0,train
8f10e41a2f02,/kaggle/input/datasets/sovitrath/diabetic-retinopathy-224x224-2019-data/colored_images/No_DR/8f10e41a2f02.png,0,train
8f14bca04b47,/kaggle/input/datasets/sovitrath/diabetic-retinopathy-224x224-2019-data/colored_images/No_DR/8f14bca04b47.png,0,val
8f1e7433a95d,/kaggle/input/datasets/sovitrath/diabetic-retinopathy-224x224-2019-data/colored_images/Moderate/8f1e7433a95d.png,2,train
8f2996b8d855,/kaggle/input/datasets/sovitrath/diabetic-retinopathy-224x224-2019-data/colored_images/Mild/8f2996b8d855.png,1,train
8f318a978844,/kaggle/input/datasets/sovitrath/diabetic-retinopathy-224x224-2019-data/colored_images/Proliferate_DR/8f318a978844.png,4,test
8f9819752ca0,/kaggle/input/datasets/sovitrath/diabetic-retinopathy-224x224-2019-data/colored_images/No_DR/8f9819752ca0.png,0,train
8fbb2ca39911,/kaggle/input/datasets/sovitrath/diabetic-retinopathy-224x224-2019-data/colored_images/No_DR/8fbb2ca39911.png,0,train
8fc09fecd22f,/kaggle/input/datasets/sovitrath/diabetic-retinopathy-224x224-2019-data/colored_images/Mild/8fc09fecd22f.png,1,test
8fd7ad26e691,/kaggle/input/datasets/sovitrath/diabetic-retinopathy-224x224-2019-data/colored_images/Proliferate_DR/8fd7ad26e691.png,4,val
8ff2733f6aef,/kaggle/input/datasets/sovitrath/diabetic-retinopathy-224x224-2019-data/colored_images/Moderate/8ff2733f6aef.png,2,test
8ff863f8874f,/kaggle/input/datasets/sovitrath/diabetic-retinopathy-224x224-2019-data/colored_images/Mild/8ff863f8874f.png,1,train
8ffa608170d3,/kaggle/input/datasets/sovitrath/diabetic-retinopathy-224x224-2019-data/colored_images/No_DR/8ffa608170d3.png,0,train
901a3552fe26,/kaggle/input/datasets/sovitrath/diabetic-retinopathy-224x224-2019-data/colored_images/No_DR/901a3552fe26.png,0,test
902dc5a91a3f,/kaggle/input/datasets/sovitrath/diabetic-retinopathy-224x224-2019-data/colored_images/No_DR/902dc5a91a3f.png,0,val
9033f1493da1,/kaggle/input/datasets/sovitrath/diabetic-retinopathy-224x224-2019-data/colored_images/Moderate/9033f1493da1.png,2,train
9039cbfcbb2f,/kaggle/input/datasets/sovitrath/diabetic-retinopathy-224x224-2019-data/colored_images/No_DR/9039cbfcbb2f.png,0,train
9041eb43456e,/kaggle/input/datasets/sovitrath/diabetic-retinopathy-224x224-2019-data/colored_images/Moderate/9041eb43456e.png,2,val
904b03ad5594,/kaggle/input/datasets/sovitrath/diabetic-retinopathy-224x224-2019-data/colored_images/No_DR/904b03ad5594.png,0,test
905cc86bf100,/kaggle/input/datasets/sovitrath/diabetic-retinopathy-224x224-2019-data/colored_images/Proliferate_DR/905cc86bf100.png,4,train
906d02fb822d,/kaggle/input/datasets/sovitrath/diabetic-retinopathy-224x224-2019-data/colored_images/No_DR/906d02fb822d.png,0,val
907aaff827e5,/kaggle/input/datasets/sovitrath/diabetic-retinopathy-224x224-2019-data/colored_images/Moderate/907aaff827e5.png,2,train
9095d43fb132,/kaggle/input/datasets/sovitrath/diabetic-retinopathy-224x224-2019-data/colored_images/No_DR/9095d43fb132.png,0,train
90960ddf4d14,/kaggle/input/datasets/sovitrath/diabetic-retinopathy-224x224-2019-data/colored_images/No_DR/90960ddf4d14.png,0,train
90a786abe58e,/kaggle/input/datasets/sovitrath/diabetic-retinopathy-224x224-2019-data/colored_images/No_DR/90a786abe58e.png,0,train
90a9a41eec6d,/kaggle/input/datasets/sovitrath/diabetic-retinopathy-224x224-2019-data/colored_images/No_DR/90a9a41eec6d.png,0,val
90b8bf342032,/kaggle/input/datasets/sovitrath/diabetic-retinopathy-224x224-2019-data/colored_images/Severe/90b8bf342032.png,3,train
90bde2ff8953,/kaggle/input/datasets/sovitrath/diabetic-retinopathy-224x224-2019-data/colored_images/No_DR/90bde2ff8953.png,0,test
90c982cc2d96,/kaggle/input/datasets/sovitrath/diabetic-retinopathy-224x224-2019-data/colored_images/Mild/90c982cc2d96.png,1,train
910bfd38e2f5,/kaggle/input/datasets/sovitrath/diabetic-retinopathy-224x224-2019-data/colored_images/Severe/910bfd38e2f5.png,3,test
9122b31414d3,/kaggle/input/datasets/sovitrath/diabetic-retinopathy-224x224-2019-data/colored_images/No_DR/9122b31414d3.png,0,train
912fbe06407e,/kaggle/input/datasets/sovitrath/diabetic-retinopathy-224x224-2019-data/colored_images/No_DR/912fbe06407e.png,0,train
913490237ad4,/kaggle/input/datasets/sovitrath/diabetic-retinopathy-224x224-2019-data/colored_images/Severe/913490237ad4.png,3,test
913b1890ed1e,/kaggle/input/datasets/sovitrath/diabetic-retinopathy-224x224-2019-data/colored_images/Moderate/913b1890ed1e.png,2,train
916915f01e17,/kaggle/input/datasets/sovitrath/diabetic-retinopathy-224x224-2019-data/colored_images/No_DR/916915f01e17.png,0,train
916ec976ff30,/kaggle/input/datasets/sovitrath/diabetic-retinopathy-224x224-2019-data/colored_images/Severe/916ec976ff30.png,3,test
917f76f360b6,/kaggle/input/datasets/sovitrath/diabetic-retinopathy-224x224-2019-data/colored_images/Moderate/917f76f360b6.png,2,train
91a88d3b0358,/kaggle/input/datasets/sovitrath/diabetic-retinopathy-224x224-2019-data/colored_images/Moderate/91a88d3b0358.png,2,train
91b7a4179ecf,/kaggle/input/datasets/sovitrath/diabetic-retinopathy-224x224-2019-data/colored_images/No_DR/91b7a4179ecf.png,0,val
91cf56d3d1af,/kaggle/input/datasets/sovitrath/diabetic-retinopathy-224x224-2019-data/colored_images/Severe/91cf56d3d1af.png,3,train
91e2c2890c9f,/kaggle/input/datasets/sovitrath/diabetic-retinopathy-224x224-2019-data/colored_images/Moderate/91e2c2890c9f.png,2,val
91e82fe4e434,/kaggle/input/datasets/sovitrath/diabetic-retinopathy-224x224-2019-data/colored_images/No_DR/91e82fe4e434.png,0,train
91e8af9ceee9,/kaggle/input/datasets/sovitrath/diabetic-retinopathy-224x224-2019-data/colored_images/Moderate/91e8af9ceee9.png,2,train
91f3c4c1e72b,/kaggle/input/datasets/sovitrath/diabetic-retinopathy-224x224-2019-data/colored_images/No_DR/91f3c4c1e72b.png,0,train
921433215353,/kaggle/input/datasets/sovitrath/diabetic-retinopathy-224x224-2019-data/colored_images/Moderate/921433215353.png,2,test
922586d86cd8,/kaggle/input/datasets/sovitrath/diabetic-retinopathy-224x224-2019-data/colored_images/No_DR/922586d86cd8.png,0,train
9232dc06cfdc,/kaggle/input/datasets/sovitrath/diabetic-retinopathy-224x224-2019-data/colored_images/No_DR/9232dc06cfdc.png,0,train
92587e494d51,/kaggle/input/datasets/sovitrath/diabetic-retinopathy-224x224-2019-data/colored_images/No_DR/92587e494d51.png,0,train
9274e75dc4d5,/kaggle/input/datasets/sovitrath/diabetic-retinopathy-224x224-2019-data/colored_images/No_DR/9274e75dc4d5.png,0,train
9287e57326d0,/kaggle/input/datasets/sovitrath/diabetic-retinopathy-224x224-2019-data/colored_images/No_DR/9287e57326d0.png,0,train
92889b863ae6,/kaggle/input/datasets/sovitrath/diabetic-retinopathy-224x224-2019-data/colored_images/No_DR/92889b863ae6.png,0,train
929cd3867815,/kaggle/input/datasets/sovitrath/diabetic-retinopathy-224x224-2019-data/colored_images/Moderate/929cd3867815.png,2,train
92d8a7c8e718,/kaggle/input/datasets/sovitrath/diabetic-retinopathy-224x224-2019-data/colored_images/Moderate/92d8a7c8e718.png,2,train
92d9e9f08709,/kaggle/input/datasets/sovitrath/diabetic-retinopathy-224x224-2019-data/colored_images/Mild/92d9e9f08709.png,1,train
92e3d608fd3c,/kaggle/input/datasets/sovitrath/diabetic-retinopathy-224x224-2019-data/colored_images/No_DR/92e3d608fd3c.png,0,train
92f313287a29,/kaggle/input/datasets/sovitrath/diabetic-retinopathy-224x224-2019-data/colored_images/Moderate/92f313287a29.png,2,train
92fcf50b3562,/kaggle/input/datasets/sovitrath/diabetic-retinopathy-224x224-2019-data/colored_images/No_DR/92fcf50b3562.png,0,test
930fee99213a,/kaggle/input/datasets/sovitrath/diabetic-retinopathy-224x224-2019-data/colored_images/No_DR/930fee99213a.png,0,train
932181b93b2f,/kaggle/input/datasets/sovitrath/diabetic-retinopathy-224x224-2019-data/colored_images/Moderate/932181b93b2f.png,2,train
934104859e68,/kaggle/input/datasets/sovitrath/diabetic-retinopathy-224x224-2019-data/colored_images/No_DR/934104859e68.png,0,train
93421787f520,/kaggle/input/datasets/sovitrath/diabetic-retinopathy-224x224-2019-data/colored_images/No_DR/93421787f520.png,0,train
936299166bea,/kaggle/input/datasets/sovitrath/diabetic-retinopathy-224x224-2019-data/colored_images/No_DR/936299166bea.png,0,train
937bc1b924b1,/kaggle/input/datasets/sovitrath/diabetic-retinopathy-224x224-2019-data/colored_images/No_DR/937bc1b924b1.png,0,train
93802d1e3c41,/kaggle/input/datasets/sovitrath/diabetic-retinopathy-224x224-2019-data/colored_images/No_DR/93802d1e3c41.png,0,val
93a1b984de84,/kaggle/input/datasets/sovitrath/diabetic-retinopathy-224x224-2019-data/colored_images/No_DR/93a1b984de84.png,0,train
93be637084a2,/kaggle/input/datasets/sovitrath/diabetic-retinopathy-224x224-2019-data/colored_images/Mild/93be637084a2.png,1,test
93d6d20a5ee3,/kaggle/input/datasets/sovitrath/diabetic-retinopathy-224x224-2019-data/colored_images/No_DR/93d6d20a5ee3.png,0,train
94076a9fb9b5,/kaggle/input/datasets/sovitrath/diabetic-retinopathy-224x224-2019-data/colored_images/No_DR/94076a9fb9b5.png,0,train
94111ed3d276,/kaggle/input/datasets/sovitrath/diabetic-retinopathy-224x224-2019-data/colored_images/Mild/94111ed3d276.png,1,val
94145d1f42cf,/kaggle/input/datasets/sovitrath/diabetic-retinopathy-224x224-2019-data/colored_images/No_DR/94145d1f42cf.png,0,val
941d874c8afb,/kaggle/input/datasets/sovitrath/diabetic-retinopathy-224x224-2019-data/colored_images/No_DR/941d874c8afb.png,0,train
942f544c4e15,/kaggle/input/datasets/sovitrath/diabetic-retinopathy-224x224-2019-data/colored_images/No_DR/942f544c4e15.png,0,train
944a233fbf8e,/kaggle/input/datasets/sovitrath/diabetic-retinopathy-224x224-2019-data/colored_images/Mild/944a233fbf8e.png,1,train
946545473380,/kaggle/input/datasets/sovitrath/diabetic-retinopathy-224x224-2019-data/colored_images/No_DR/946545473380.png,0,val
949710bead24,/kaggle/input/datasets/sovitrath/diabetic-retinopathy-224x224-2019-data/colored_images/No_DR/949710bead24.png,0,train
94a67ec0714f,/kaggle/input/datasets/sovitrath/diabetic-retinopathy-224x224-2019-data/colored_images/Moderate/94a67ec0714f.png,2,train
94b9ccc73bb9,/kaggle/input/datasets/sovitrath/diabetic-retinopathy-224x224-2019-data/colored_images/No_DR/94b9ccc73bb9.png,0,train
94dcb491143f,/kaggle/input/datasets/sovitrath/diabetic-retinopathy-224x224-2019-data/colored_images/Moderate/94dcb491143f.png,2,test
94ef1d14597f,/kaggle/input/datasets/sovitrath/diabetic-retinopathy-224x224-2019-data/colored_images/Proliferate_DR/94ef1d14597f.png,4,train
94f9ecf4b8d2,/kaggle/input/datasets/sovitrath/diabetic-retinopathy-224x224-2019-data/colored_images/No_DR/94f9ecf4b8d2.png,0,train
9519a590985d,/kaggle/input/datasets/sovitrath/diabetic-retinopathy-224x224-2019-data/colored_images/No_DR/9519a590985d.png,0,test
956765d5f46d,/kaggle/input/datasets/sovitrath/diabetic-retinopathy-224x224-2019-data/colored_images/No_DR/956765d5f46d.png,0,val
9568eb7e9c08,/kaggle/input/datasets/sovitrath/diabetic-retinopathy-224x224-2019-data/colored_images/Moderate/9568eb7e9c08.png,2,train
958c1fa044ba,/kaggle/input/datasets/sovitrath/diabetic-retinopathy-224x224-2019-data/colored_images/No_DR/958c1fa044ba.png,0,train
959bb2d01091,/kaggle/input/datasets/sovitrath/diabetic-retinopathy-224x224-2019-data/colored_images/No_DR/959bb2d01091.png,0,train
959dc602febc,/kaggle/input/datasets/sovitrath/diabetic-retinopathy-224x224-2019-data/colored_images/Moderate/959dc602febc.png,2,train
95a4cc805c7b,/kaggle/input/datasets/sovitrath/diabetic-retinopathy-224x224-2019-data/colored_images/Mild/95a4cc805c7b.png,1,test
95e732e043a1,/kaggle/input/datasets/sovitrath/diabetic-retinopathy-224x224-2019-data/colored_images/Proliferate_DR/95e732e043a1.png,4,train
962c0fc85e13,/kaggle/input/datasets/sovitrath/diabetic-retinopathy-224x224-2019-data/colored_images/No_DR/962c0fc85e13.png,0,test
962cf85e4f6d,/kaggle/input/datasets/sovitrath/diabetic-retinopathy-224x224-2019-data/colored_images/Moderate/962cf85e4f6d.png,2,train
966c07831334,/kaggle/input/datasets/sovitrath/diabetic-retinopathy-224x224-2019-data/colored_images/No_DR/966c07831334.png,0,test
96793edb1003,/kaggle/input/datasets/sovitrath/diabetic-retinopathy-224x224-2019-data/colored_images/No_DR/96793edb1003.png,0,train
9688c6ef5dc5,/kaggle/input/datasets/sovitrath/diabetic-retinopathy-224x224-2019-data/colored_images/No_DR/9688c6ef5dc5.png,0,train
969f92a390db,/kaggle/input/datasets/sovitrath/diabetic-retinopathy-224x224-2019-data/colored_images/No_DR/969f92a390db.png,0,test
96a9706b8534,/kaggle/input/datasets/sovitrath/diabetic-retinopathy-224x224-2019-data/colored_images/Mild/96a9706b8534.png,1,train
96b5474ae604,/kaggle/input/datasets/sovitrath/diabetic-retinopathy-224x224-2019-data/colored_images/No_DR/96b5474ae604.png,0,test
96c3e3db68bc,/kaggle/input/datasets/sovitrath/diabetic-retinopathy-224x224-2019-data/colored_images/Moderate/96c3e3db68bc.png,2,val
96c699221180,/kaggle/input/datasets/sovitrath/diabetic-retinopathy-224x224-2019-data/colored_images/No_DR/96c699221180.png,0,train
96ce10a1dbd7,/kaggle/input/datasets/sovitrath/diabetic-retinopathy-224x224-2019-data/colored_images/No_DR/96ce10a1dbd7.png,0,train
96d48b073f18,/kaggle/input/datasets/sovitrath/diabetic-retinopathy-224x224-2019-data/colored_images/Moderate/96d48b073f18.png,2,test
96ea316ed0ab,/kaggle/input/datasets/sovitrath/diabetic-retinopathy-224x224-2019-data/colored_images/No_DR/96ea316ed0ab.png,0,train
971bb98ab935,/kaggle/input/datasets/sovitrath/diabetic-retinopathy-224x224-2019-data/colored_images/No_DR/971bb98ab935.png,0,test
973b0facfa9b,/kaggle/input/datasets/sovitrath/diabetic-retinopathy-224x224-2019-data/colored_images/No_DR/973b0facfa9b.png,0,train
974c7d7b9c64,/kaggle/input/datasets/sovitrath/diabetic-retinopathy-224x224-2019-data/colored_images/No_DR/974c7d7b9c64.png,0,train
975252e325e3,/kaggle/input/datasets/sovitrath/diabetic-retinopathy-224x224-2019-data/colored_images/Moderate/975252e325e3.png,2,val
976082127e2a,/kaggle/input/datasets/sovitrath/diabetic-retinopathy-224x224-2019-data/colored_images/No_DR/976082127e2a.png,0,test
977e1ca77653,/kaggle/input/datasets/sovitrath/diabetic-retinopathy-224x224-2019-data/colored_images/Mild/977e1ca77653.png,1,val
9782c0489eca,/kaggle/input/datasets/sovitrath/diabetic-retinopathy-224x224-2019-data/colored_images/Mild/9782c0489eca.png,1,train
9785805af1b8,/kaggle/input/datasets/sovitrath/diabetic-retinopathy-224x224-2019-data/colored_images/Moderate/9785805af1b8.png,2,test
97a235367f9d,/kaggle/input/datasets/sovitrath/diabetic-retinopathy-224x224-2019-data/colored_images/No_DR/97a235367f9d.png,0,train
97a5ad7548b7,/kaggle/input/datasets/sovitrath/diabetic-retinopathy-224x224-2019-data/colored_images/Moderate/97a5ad7548b7.png,2,test
97bf61736b86,/kaggle/input/datasets/sovitrath/diabetic-retinopathy-224x224-2019-data/colored_images/Moderate/97bf61736b86.png,2,train
97c6cb55866d,/kaggle/input/datasets/sovitrath/diabetic-retinopathy-224x224-2019-data/colored_images/No_DR/97c6cb55866d.png,0,train
97d02a9b94f7,/kaggle/input/datasets/sovitrath/diabetic-retinopathy-224x224-2019-data/colored_images/No_DR/97d02a9b94f7.png,0,train
97da093947e8,/kaggle/input/datasets/sovitrath/diabetic-retinopathy-224x224-2019-data/colored_images/Proliferate_DR/97da093947e8.png,4,train
97f290d31813,/kaggle/input/datasets/sovitrath/diabetic-retinopathy-224x224-2019-data/colored_images/No_DR/97f290d31813.png,0,train
97fdee242fea,/kaggle/input/datasets/sovitrath/diabetic-retinopathy-224x224-2019-data/colored_images/No_DR/97fdee242fea.png,0,train
98277aeb96a7,/kaggle/input/datasets/sovitrath/diabetic-retinopathy-224x224-2019-data/colored_images/No_DR/98277aeb96a7.png,0,train
9837048b85dc,/kaggle/input/datasets/sovitrath/diabetic-retinopathy-224x224-2019-data/colored_images/Moderate/9837048b85dc.png,2,val
983c98354e9c,/kaggle/input/datasets/sovitrath/diabetic-retinopathy-224x224-2019-data/colored_images/No_DR/983c98354e9c.png,0,train
98441214557f,/kaggle/input/datasets/sovitrath/diabetic-retinopathy-224x224-2019-data/colored_images/No_DR/98441214557f.png,0,train
9858cc2ae073,/kaggle/input/datasets/sovitrath/diabetic-retinopathy-224x224-2019-data/colored_images/No_DR/9858cc2ae073.png,0,train
9859e2a6cc24,/kaggle/input/datasets/sovitrath/diabetic-retinopathy-224x224-2019-data/colored_images/Proliferate_DR/9859e2a6cc24.png,4,test
9870ce41cac4,/kaggle/input/datasets/sovitrath/diabetic-retinopathy-224x224-2019-data/colored_images/No_DR/9870ce41cac4.png,0,test
9878db94d9f3,/kaggle/input/datasets/sovitrath/diabetic-retinopathy-224x224-2019-data/colored_images/Severe/9878db94d9f3.png,3,train
98d41bce73a8,/kaggle/input/datasets/sovitrath/diabetic-retinopathy-224x224-2019-data/colored_images/No_DR/98d41bce73a8.png,0,train
98e44127872f,/kaggle/input/datasets/sovitrath/diabetic-retinopathy-224x224-2019-data/colored_images/No_DR/98e44127872f.png,0,train
98f48850ebce,/kaggle/input/datasets/sovitrath/diabetic-retinopathy-224x224-2019-data/colored_images/Moderate/98f48850ebce.png,2,train
98fbe56dcc2c,/kaggle/input/datasets/sovitrath/diabetic-retinopathy-224x224-2019-data/colored_images/Mild/98fbe56dcc2c.png,1,val
9904939ab83d,/kaggle/input/datasets/sovitrath/diabetic-retinopathy-224x224-2019-data/colored_images/Moderate/9904939ab83d.png,2,train
9910c827e2fe,/kaggle/input/datasets/sovitrath/diabetic-retinopathy-224x224-2019-data/colored_images/No_DR/9910c827e2fe.png,0,train
99132193eaa0,/kaggle/input/datasets/sovitrath/diabetic-retinopathy-224x224-2019-data/colored_images/Mild/99132193eaa0.png,1,val
991a0b7a8c87,/kaggle/input/datasets/sovitrath/diabetic-retinopathy-224x224-2019-data/colored_images/No_DR/991a0b7a8c87.png,0,train
99240ee00485,/kaggle/input/datasets/sovitrath/diabetic-retinopathy-224x224-2019-data/colored_images/No_DR/99240ee00485.png,0,train
992599744a23,/kaggle/input/datasets/sovitrath/diabetic-retinopathy-224x224-2019-data/colored_images/No_DR/992599744a23.png,0,test
992b9a07b25f,/kaggle/input/datasets/sovitrath/diabetic-retinopathy-224x224-2019-data/colored_images/No_DR/992b9a07b25f.png,0,train
996f57c86ba5,/kaggle/input/datasets/sovitrath/diabetic-retinopathy-224x224-2019-data/colored_images/Severe/996f57c86ba5.png,3,train
996f9bba4ef0,/kaggle/input/datasets/sovitrath/diabetic-retinopathy-224x224-2019-data/colored_images/No_DR/996f9bba4ef0.png,0,train
9985375d709f,/kaggle/input/datasets/sovitrath/diabetic-retinopathy-224x224-2019-data/colored_images/No_DR/9985375d709f.png,0,train
999115d9386b,/kaggle/input/datasets/sovitrath/diabetic-retinopathy-224x224-2019-data/colored_images/Moderate/999115d9386b.png,2,val
999ad827ed35,/kaggle/input/datasets/sovitrath/diabetic-retinopathy-224x224-2019-data/colored_images/No_DR/999ad827ed35.png,0,train
99c626e58464,/kaggle/input/datasets/sovitrath/diabetic-retinopathy-224x224-2019-data/colored_images/No_DR/99c626e58464.png,0,train
99c6a123ed6a,/kaggle/input/datasets/sovitrath/diabetic-retinopathy-224x224-2019-data/colored_images/No_DR/99c6a123ed6a.png,0,train
99e8bf998285,/kaggle/input/datasets/sovitrath/diabetic-retinopathy-224x224-2019-data/colored_images/Moderate/99e8bf998285.png,2,train
99ecdb41d5e7,/kaggle/input/datasets/sovitrath/diabetic-retinopathy-224x224-2019-data/colored_images/Mild/99ecdb41d5e7.png,1,train
9a1029536d78,/kaggle/input/datasets/sovitrath/diabetic-retinopathy-224x224-2019-data/colored_images/No_DR/9a1029536d78.png,0,test
9a159d4674cd,/kaggle/input/datasets/sovitrath/diabetic-retinopathy-224x224-2019-data/colored_images/No_DR/9a159d4674cd.png,0,train
9a28d4e8aef0,/kaggle/input/datasets/sovitrath/diabetic-retinopathy-224x224-2019-data/colored_images/Moderate/9a28d4e8aef0.png,2,train
9a3109657ac1,/kaggle/input/datasets/sovitrath/diabetic-retinopathy-224x224-2019-data/colored_images/Mild/9a3109657ac1.png,1,train
9a326446c431,/kaggle/input/datasets/sovitrath/diabetic-retinopathy-224x224-2019-data/colored_images/No_DR/9a326446c431.png,0,train
9a496b1e20f9,/kaggle/input/datasets/sovitrath/diabetic-retinopathy-224x224-2019-data/colored_images/Proliferate_DR/9a496b1e20f9.png,4,test
9a4f370d341b,/kaggle/input/datasets/sovitrath/diabetic-retinopathy-224x224-2019-data/colored_images/Moderate/9a4f370d341b.png,2,train
9a56cfb980ec,/kaggle/input/datasets/sovitrath/diabetic-retinopathy-224x224-2019-data/colored_images/No_DR/9a56cfb980ec.png,0,train
9a78c6a7b1c2,/kaggle/input/datasets/sovitrath/diabetic-retinopathy-224x224-2019-data/colored_images/Moderate/9a78c6a7b1c2.png,2,train
9a7bd084395e,/kaggle/input/datasets/sovitrath/diabetic-retinopathy-224x224-2019-data/colored_images/Moderate/9a7bd084395e.png,2,train
9a9b21215c55,/kaggle/input/datasets/sovitrath/diabetic-retinopathy-224x224-2019-data/colored_images/Moderate/9a9b21215c55.png,2,train
9ab18a4a957f,/kaggle/input/datasets/sovitrath/diabetic-retinopathy-224x224-2019-data/colored_images/No_DR/9ab18a4a957f.png,0,train
9ac2e3e9fca5,/kaggle/input/datasets/sovitrath/diabetic-retinopathy-224x224-2019-data/colored_images/No_DR/9ac2e3e9fca5.png,0,test
9ac41b9a809e,/kaggle/input/datasets/sovitrath/diabetic-retinopathy-224x224-2019-data/colored_images/No_DR/9ac41b9a809e.png,0,train
9ad92f1c1542,/kaggle/input/datasets/sovitrath/diabetic-retinopathy-224x224-2019-data/colored_images/Moderate/9ad92f1c1542.png,2,train
9ae54843c69a,/kaggle/input/datasets/sovitrath/diabetic-retinopathy-224x224-2019-data/colored_images/No_DR/9ae54843c69a.png,0,val
9b093fe95d6b,/kaggle/input/datasets/sovitrath/diabetic-retinopathy-224x224-2019-data/colored_images/Severe/9b093fe95d6b.png,3,val
9b0eb9f41da4,/kaggle/input/datasets/sovitrath/diabetic-retinopathy-224x224-2019-data/colored_images/Moderate/9b0eb9f41da4.png,2,val
9b32e8ef0ca0,/kaggle/input/datasets/sovitrath/diabetic-retinopathy-224x224-2019-data/colored_images/Moderate/9b32e8ef0ca0.png,2,train
9b418ce42c13,/kaggle/input/datasets/sovitrath/diabetic-retinopathy-224x224-2019-data/colored_images/Moderate/9b418ce42c13.png,2,train
9b4fc15df3c8,/kaggle/input/datasets/sovitrath/diabetic-retinopathy-224x224-2019-data/colored_images/No_DR/9b4fc15df3c8.png,0,test
9b57e43b44e7,/kaggle/input/datasets/sovitrath/diabetic-retinopathy-224x224-2019-data/colored_images/No_DR/9b57e43b44e7.png,0,train
9b70f84400af,/kaggle/input/datasets/sovitrath/diabetic-retinopathy-224x224-2019-data/colored_images/No_DR/9b70f84400af.png,0,train
9b7b6e4db1d5,/kaggle/input/datasets/sovitrath/diabetic-retinopathy-224x224-2019-data/colored_images/Moderate/9b7b6e4db1d5.png,2,train
9b95d6203406,/kaggle/input/datasets/sovitrath/diabetic-retinopathy-224x224-2019-data/colored_images/Moderate/9b95d6203406.png,2,train
9ba469af2980,/kaggle/input/datasets/sovitrath/diabetic-retinopathy-224x224-2019-data/colored_images/No_DR/9ba469af2980.png,0,train
9bafbbd152d2,/kaggle/input/datasets/sovitrath/diabetic-retinopathy-224x224-2019-data/colored_images/Severe/9bafbbd152d2.png,3,val
9bbb6c455913,/kaggle/input/datasets/sovitrath/diabetic-retinopathy-224x224-2019-data/colored_images/No_DR/9bbb6c455913.png,0,train
9bd008aab548,/kaggle/input/datasets/sovitrath/diabetic-retinopathy-224x224-2019-data/colored_images/No_DR/9bd008aab548.png,0,test
9be0683649ff,/kaggle/input/datasets/sovitrath/diabetic-retinopathy-224x224-2019-data/colored_images/No_DR/9be0683649ff.png,0,val
9be71d6d7e59,/kaggle/input/datasets/sovitrath/diabetic-retinopathy-224x224-2019-data/colored_images/No_DR/9be71d6d7e59.png,0,train
9c088d2d1559,/kaggle/input/datasets/sovitrath/diabetic-retinopathy-224x224-2019-data/colored_images/Moderate/9c088d2d1559.png,2,test
9c14ce27cbfc,/kaggle/input/datasets/sovitrath/diabetic-retinopathy-224x224-2019-data/colored_images/No_DR/9c14ce27cbfc.png,0,train
9c514d2d5b3f,/kaggle/input/datasets/sovitrath/diabetic-retinopathy-224x224-2019-data/colored_images/No_DR/9c514d2d5b3f.png,0,train
9c5dd3612f0c,/kaggle/input/datasets/sovitrath/diabetic-retinopathy-224x224-2019-data/colored_images/Moderate/9c5dd3612f0c.png,2,test
9c6512166557,/kaggle/input/datasets/sovitrath/diabetic-retinopathy-224x224-2019-data/colored_images/No_DR/9c6512166557.png,0,train
9c72ed6befa0,/kaggle/input/datasets/sovitrath/diabetic-retinopathy-224x224-2019-data/colored_images/Proliferate_DR/9c72ed6befa0.png,4,train
9c893e16c055,/kaggle/input/datasets/sovitrath/diabetic-retinopathy-224x224-2019-data/colored_images/No_DR/9c893e16c055.png,0,train
9cc6b1f9bcbd,/kaggle/input/datasets/sovitrath/diabetic-retinopathy-224x224-2019-data/colored_images/Proliferate_DR/9cc6b1f9bcbd.png,4,train
9ce46d400cd6,/kaggle/input/datasets/sovitrath/diabetic-retinopathy-224x224-2019-data/colored_images/No_DR/9ce46d400cd6.png,0,test
9cedf5c7016b,/kaggle/input/datasets/sovitrath/diabetic-retinopathy-224x224-2019-data/colored_images/Moderate/9cedf5c7016b.png,2,val
9cf7c1349673,/kaggle/input/datasets/sovitrath/diabetic-retinopathy-224x224-2019-data/colored_images/No_DR/9cf7c1349673.png,0,train
9d1feed37610,/kaggle/input/datasets/sovitrath/diabetic-retinopathy-224x224-2019-data/colored_images/No_DR/9d1feed37610.png,0,val
9d62478042b6,/kaggle/input/datasets/sovitrath/diabetic-retinopathy-224x224-2019-data/colored_images/No_DR/9d62478042b6.png,0,train
9d74428188bb,/kaggle/input/datasets/sovitrath/diabetic-retinopathy-224x224-2019-data/colored_images/Moderate/9d74428188bb.png,2,train
9d75de31f1b8,/kaggle/input/datasets/sovitrath/diabetic-retinopathy-224x224-2019-data/colored_images/No_DR/9d75de31f1b8.png,0,val
9d98a0b585f2,/kaggle/input/datasets/sovitrath/diabetic-retinopathy-224x224-2019-data/colored_images/Moderate/9d98a0b585f2.png,2,test
9d9bfefa809c,/kaggle/input/datasets/sovitrath/diabetic-retinopathy-224x224-2019-data/colored_images/Moderate/9d9bfefa809c.png,2,train
9da74370835a,/kaggle/input/datasets/sovitrath/diabetic-retinopathy-224x224-2019-data/colored_images/Moderate/9da74370835a.png,2,train
9dab2e6ba44b,/kaggle/input/datasets/sovitrath/diabetic-retinopathy-224x224-2019-data/colored_images/Moderate/9dab2e6ba44b.png,2,train
9de9421f17e3,/kaggle/input/datasets/sovitrath/diabetic-retinopathy-224x224-2019-data/colored_images/No_DR/9de9421f17e3.png,0,test
9df31421cdd2,/kaggle/input/datasets/sovitrath/diabetic-retinopathy-224x224-2019-data/colored_images/Moderate/9df31421cdd2.png,2,train
9e2058917304,/kaggle/input/datasets/sovitrath/diabetic-retinopathy-224x224-2019-data/colored_images/No_DR/9e2058917304.png,0,val
9e2a8135f471,/kaggle/input/datasets/sovitrath/diabetic-retinopathy-224x224-2019-data/colored_images/No_DR/9e2a8135f471.png,0,train
9e2ba2b979f1,/kaggle/input/datasets/sovitrath/diabetic-retinopathy-224x224-2019-data/colored_images/No_DR/9e2ba2b979f1.png,0,train
9e5737f771c3,/kaggle/input/datasets/sovitrath/diabetic-retinopathy-224x224-2019-data/colored_images/No_DR/9e5737f771c3.png,0,train
9e5ec293267c,/kaggle/input/datasets/sovitrath/diabetic-retinopathy-224x224-2019-data/colored_images/Moderate/9e5ec293267c.png,2,train
9e7a63b2fc6a,/kaggle/input/datasets/sovitrath/diabetic-retinopathy-224x224-2019-data/colored_images/No_DR/9e7a63b2fc6a.png,0,train
9e99ae6ee7af,/kaggle/input/datasets/sovitrath/diabetic-retinopathy-224x224-2019-data/colored_images/No_DR/9e99ae6ee7af.png,0,test
9eaac43744f5,/kaggle/input/datasets/sovitrath/diabetic-retinopathy-224x224-2019-data/colored_images/Moderate/9eaac43744f5.png,2,test
9eaf735cf01f,/kaggle/input/datasets/sovitrath/diabetic-retinopathy-224x224-2019-data/colored_images/Mild/9eaf735cf01f.png,1,val
9ed666e982cd,/kaggle/input/datasets/sovitrath/diabetic-retinopathy-224x224-2019-data/colored_images/Mild/9ed666e982cd.png,1,val
9ed6c2b25767,/kaggle/input/datasets/sovitrath/diabetic-retinopathy-224x224-2019-data/colored_images/No_DR/9ed6c2b25767.png,0,train
9f1b14dfa14c,/kaggle/input/datasets/sovitrath/diabetic-retinopathy-224x224-2019-data/colored_images/No_DR/9f1b14dfa14c.png,0,val
9f1efb799b7b,/kaggle/input/datasets/sovitrath/diabetic-retinopathy-224x224-2019-data/colored_images/Moderate/9f1efb799b7b.png,2,val
9f285b3e57ed,/kaggle/input/datasets/sovitrath/diabetic-retinopathy-224x224-2019-data/colored_images/No_DR/9f285b3e57ed.png,0,train
9f37c98b8187,/kaggle/input/datasets/sovitrath/diabetic-retinopathy-224x224-2019-data/colored_images/Severe/9f37c98b8187.png,3,train
9f436886e056,/kaggle/input/datasets/sovitrath/diabetic-retinopathy-224x224-2019-data/colored_images/Moderate/9f436886e056.png,2,val
9f5a8665cf2e,/kaggle/input/datasets/sovitrath/diabetic-retinopathy-224x224-2019-data/colored_images/Moderate/9f5a8665cf2e.png,2,train
9f8112c710be,/kaggle/input/datasets/sovitrath/diabetic-retinopathy-224x224-2019-data/colored_images/No_DR/9f8112c710be.png,0,test
9f935fb38440,/kaggle/input/datasets/sovitrath/diabetic-retinopathy-224x224-2019-data/colored_images/No_DR/9f935fb38440.png,0,train
9fa02dfb5553,/kaggle/input/datasets/sovitrath/diabetic-retinopathy-224x224-2019-data/colored_images/No_DR/9fa02dfb5553.png,0,train
9faad91b6578,/kaggle/input/datasets/sovitrath/diabetic-retinopathy-224x224-2019-data/colored_images/Moderate/9faad91b6578.png,2,train
9fab29e69a6b,/kaggle/input/datasets/sovitrath/diabetic-retinopathy-224x224-2019-data/colored_images/Proliferate_DR/9fab29e69a6b.png,4,val
9fefe2b44795,/kaggle/input/datasets/sovitrath/diabetic-retinopathy-224x224-2019-data/colored_images/Severe/9fefe2b44795.png,3,val
a00b4cb250a7,/kaggle/input/datasets/sovitrath/diabetic-retinopathy-224x224-2019-data/colored_images/Mild/a00b4cb250a7.png,1,test
a01024054596,/kaggle/input/datasets/sovitrath/diabetic-retinopathy-224x224-2019-data/colored_images/Mild/a01024054596.png,1,train
a015ce4f51ad,/kaggle/input/datasets/sovitrath/diabetic-retinopathy-224x224-2019-data/colored_images/Moderate/a015ce4f51ad.png,2,val
a01c590c444f,/kaggle/input/datasets/sovitrath/diabetic-retinopathy-224x224-2019-data/colored_images/Moderate/a01c590c444f.png,2,train
a0267206d51e,/kaggle/input/datasets/sovitrath/diabetic-retinopathy-224x224-2019-data/colored_images/Moderate/a0267206d51e.png,2,test
a02dfd67a925,/kaggle/input/datasets/sovitrath/diabetic-retinopathy-224x224-2019-data/colored_images/No_DR/a02dfd67a925.png,0,train
a0445785e2f7,/kaggle/input/datasets/sovitrath/diabetic-retinopathy-224x224-2019-data/colored_images/No_DR/a0445785e2f7.png,0,train
a04fb36db784,/kaggle/input/datasets/sovitrath/diabetic-retinopathy-224x224-2019-data/colored_images/Moderate/a04fb36db784.png,2,train
a06a63d866b2,/kaggle/input/datasets/sovitrath/diabetic-retinopathy-224x224-2019-data/colored_images/No_DR/a06a63d866b2.png,0,val
a06b353e7bed,/kaggle/input/datasets/sovitrath/diabetic-retinopathy-224x224-2019-data/colored_images/No_DR/a06b353e7bed.png,0,train
a06e41bd2634,/kaggle/input/datasets/sovitrath/diabetic-retinopathy-224x224-2019-data/colored_images/Moderate/a06e41bd2634.png,2,train
a06e5ac695ce,/kaggle/input/datasets/sovitrath/diabetic-retinopathy-224x224-2019-data/colored_images/No_DR/a06e5ac695ce.png,0,val
a07d571bf7ba,/kaggle/input/datasets/sovitrath/diabetic-retinopathy-224x224-2019-data/colored_images/No_DR/a07d571bf7ba.png,0,val
a07d9a5045cb,/kaggle/input/datasets/sovitrath/diabetic-retinopathy-224x224-2019-data/colored_images/No_DR/a07d9a5045cb.png,0,test
a07efb1ecfc0,/kaggle/input/datasets/sovitrath/diabetic-retinopathy-224x224-2019-data/colored_images/No_DR/a07efb1ecfc0.png,0,val
a08a0133754a,/kaggle/input/datasets/sovitrath/diabetic-retinopathy-224x224-2019-data/colored_images/No_DR/a08a0133754a.png,0,train
a0a0cd8af5a6,/kaggle/input/datasets/sovitrath/diabetic-retinopathy-224x224-2019-data/colored_images/Moderate/a0a0cd8af5a6.png,2,train
a0adbe677508,/kaggle/input/datasets/sovitrath/diabetic-retinopathy-224x224-2019-data/colored_images/No_DR/a0adbe677508.png,0,train
a0b7ad98df57,/kaggle/input/datasets/sovitrath/diabetic-retinopathy-224x224-2019-data/colored_images/No_DR/a0b7ad98df57.png,0,train
a0cd7bffdaa0,/kaggle/input/datasets/sovitrath/diabetic-retinopathy-224x224-2019-data/colored_images/Proliferate_DR/a0cd7bffdaa0.png,4,train
a0d04a19cf40,/kaggle/input/datasets/sovitrath/diabetic-retinopathy-224x224-2019-data/colored_images/Moderate/a0d04a19cf40.png,2,val
a0e635689259,/kaggle/input/datasets/sovitrath/diabetic-retinopathy-224x224-2019-data/colored_images/No_DR/a0e635689259.png,0,train
a0fd94e2ad76,/kaggle/input/datasets/sovitrath/diabetic-retinopathy-224x224-2019-data/colored_images/No_DR/a0fd94e2ad76.png,0,train
a11bf2edd470,/kaggle/input/datasets/sovitrath/diabetic-retinopathy-224x224-2019-data/colored_images/Proliferate_DR/a11bf2edd470.png,4,train
a11c62cb3f86,/kaggle/input/datasets/sovitrath/diabetic-retinopathy-224x224-2019-data/colored_images/No_DR/a11c62cb3f86.png,0,train
a125377fb985,/kaggle/input/datasets/sovitrath/diabetic-retinopathy-224x224-2019-data/colored_images/Moderate/a125377fb985.png,2,val
a12ca80bb8c7,/kaggle/input/datasets/sovitrath/diabetic-retinopathy-224x224-2019-data/colored_images/No_DR/a12ca80bb8c7.png,0,train
a14bbd9a583e,/kaggle/input/datasets/sovitrath/diabetic-retinopathy-224x224-2019-data/colored_images/Severe/a14bbd9a583e.png,3,train
a14fcf84bfe1,/kaggle/input/datasets/sovitrath/diabetic-retinopathy-224x224-2019-data/colored_images/Severe/a14fcf84bfe1.png,3,train
a150ff5dfe07,/kaggle/input/datasets/sovitrath/diabetic-retinopathy-224x224-2019-data/colored_images/Moderate/a150ff5dfe07.png,2,train
a15470303941,/kaggle/input/datasets/sovitrath/diabetic-retinopathy-224x224-2019-data/colored_images/Moderate/a15470303941.png,2,train
a15590a7d774,/kaggle/input/datasets/sovitrath/diabetic-retinopathy-224x224-2019-data/colored_images/Moderate/a15590a7d774.png,2,val
a1822dd8d05d,/kaggle/input/datasets/sovitrath/diabetic-retinopathy-224x224-2019-data/colored_images/No_DR/a1822dd8d05d.png,0,test
a182b5b191de,/kaggle/input/datasets/sovitrath/diabetic-retinopathy-224x224-2019-data/colored_images/Proliferate_DR/a182b5b191de.png,4,train
a1872f9c0cba,/kaggle/input/datasets/sovitrath/diabetic-retinopathy-224x224-2019-data/colored_images/No_DR/a1872f9c0cba.png,0,val
a188c60b93fb,/kaggle/input/datasets/sovitrath/diabetic-retinopathy-224x224-2019-data/colored_images/No_DR/a188c60b93fb.png,0,train
a19ecd0a706e,/kaggle/input/datasets/sovitrath/diabetic-retinopathy-224x224-2019-data/colored_images/Mild/a19ecd0a706e.png,1,test
a1b28bcbce00,/kaggle/input/datasets/sovitrath/diabetic-retinopathy-224x224-2019-data/colored_images/No_DR/a1b28bcbce00.png,0,train
a1e236fbc863,/kaggle/input/datasets/sovitrath/diabetic-retinopathy-224x224-2019-data/colored_images/No_DR/a1e236fbc863.png,0,train
a1eb88562239,/kaggle/input/datasets/sovitrath/diabetic-retinopathy-224x224-2019-data/colored_images/No_DR/a1eb88562239.png,0,test
a1edf0e66592,/kaggle/input/datasets/sovitrath/diabetic-retinopathy-224x224-2019-data/colored_images/No_DR/a1edf0e66592.png,0,train
a1faeb4d5f10,/kaggle/input/datasets/sovitrath/diabetic-retinopathy-224x224-2019-data/colored_images/No_DR/a1faeb4d5f10.png,0,train
a2163f0c2af5,/kaggle/input/datasets/sovitrath/diabetic-retinopathy-224x224-2019-data/colored_images/No_DR/a2163f0c2af5.png,0,val
a21b37719f9b,/kaggle/input/datasets/sovitrath/diabetic-retinopathy-224x224-2019-data/colored_images/Moderate/a21b37719f9b.png,2,train
a247961a5cd9,/kaggle/input/datasets/sovitrath/diabetic-retinopathy-224x224-2019-data/colored_images/No_DR/a247961a5cd9.png,0,train
a2696f444ecb,/kaggle/input/datasets/sovitrath/diabetic-retinopathy-224x224-2019-data/colored_images/Mild/a2696f444ecb.png,1,train
a26f50218b84,/kaggle/input/datasets/sovitrath/diabetic-retinopathy-224x224-2019-data/colored_images/No_DR/a26f50218b84.png,0,train
a2811f512c1c,/kaggle/input/datasets/sovitrath/diabetic-retinopathy-224x224-2019-data/colored_images/No_DR/a2811f512c1c.png,0,train
a28bfb772f50,/kaggle/input/datasets/sovitrath/diabetic-retinopathy-224x224-2019-data/colored_images/Mild/a28bfb772f50.png,1,val
a2ad3da4c7d6,/kaggle/input/datasets/sovitrath/diabetic-retinopathy-224x224-2019-data/colored_images/Moderate/a2ad3da4c7d6.png,2,train
a2b97d98f130,/kaggle/input/datasets/sovitrath/diabetic-retinopathy-224x224-2019-data/colored_images/No_DR/a2b97d98f130.png,0,train
a2b995b81692,/kaggle/input/datasets/sovitrath/diabetic-retinopathy-224x224-2019-data/colored_images/No_DR/a2b995b81692.png,0,train
a2d349f567a6,/kaggle/input/datasets/sovitrath/diabetic-retinopathy-224x224-2019-data/colored_images/Moderate/a2d349f567a6.png,2,val
a2ddabee14e9,/kaggle/input/datasets/sovitrath/diabetic-retinopathy-224x224-2019-data/colored_images/Proliferate_DR/a2ddabee14e9.png,4,train
a2dff8dbc9f8,/kaggle/input/datasets/sovitrath/diabetic-retinopathy-224x224-2019-data/colored_images/No_DR/a2dff8dbc9f8.png,0,train
a30a143a53a3,/kaggle/input/datasets/sovitrath/diabetic-retinopathy-224x224-2019-data/colored_images/No_DR/a30a143a53a3.png,0,train
a3132c8828e4,/kaggle/input/datasets/sovitrath/diabetic-retinopathy-224x224-2019-data/colored_images/No_DR/a3132c8828e4.png,0,train
a32886cb31ab,/kaggle/input/datasets/sovitrath/diabetic-retinopathy-224x224-2019-data/colored_images/Mild/a32886cb31ab.png,1,train
a32b5ce3d48a,/kaggle/input/datasets/sovitrath/diabetic-retinopathy-224x224-2019-data/colored_images/Proliferate_DR/a32b5ce3d48a.png,4,val
a3475dc3ac80,/kaggle/input/datasets/sovitrath/diabetic-retinopathy-224x224-2019-data/colored_images/Moderate/a3475dc3ac80.png,2,train
a34fc5376669,/kaggle/input/datasets/sovitrath/diabetic-retinopathy-224x224-2019-data/colored_images/No_DR/a34fc5376669.png,0,train
a3706ce27869,/kaggle/input/datasets/sovitrath/diabetic-retinopathy-224x224-2019-data/colored_images/Moderate/a3706ce27869.png,2,train
a3802934bad7,/kaggle/input/datasets/sovitrath/diabetic-retinopathy-224x224-2019-data/colored_images/Moderate/a3802934bad7.png,2,train
a384e688e228,/kaggle/input/datasets/sovitrath/diabetic-retinopathy-224x224-2019-data/colored_images/No_DR/a384e688e228.png,0,train
a386ec9aabde,/kaggle/input/datasets/sovitrath/diabetic-retinopathy-224x224-2019-data/colored_images/Moderate/a386ec9aabde.png,2,test
a3957df90a78,/kaggle/input/datasets/sovitrath/diabetic-retinopathy-224x224-2019-data/colored_images/Moderate/a3957df90a78.png,2,train
a3ad6c2db6f1,/kaggle/input/datasets/sovitrath/diabetic-retinopathy-224x224-2019-data/colored_images/Mild/a3ad6c2db6f1.png,1,train
a3bd2e034614,/kaggle/input/datasets/sovitrath/diabetic-retinopathy-224x224-2019-data/colored_images/No_DR/a3bd2e034614.png,0,test
a3d2a0c4cd17,/kaggle/input/datasets/sovitrath/diabetic-retinopathy-224x224-2019-data/colored_images/Mild/a3d2a0c4cd17.png,1,train
a3fcf42ff56d,/kaggle/input/datasets/sovitrath/diabetic-retinopathy-224x224-2019-data/colored_images/Proliferate_DR/a3fcf42ff56d.png,4,val
a419fcb2dfb5,/kaggle/input/datasets/sovitrath/diabetic-retinopathy-224x224-2019-data/colored_images/No_DR/a419fcb2dfb5.png,0,train
a4359815f152,/kaggle/input/datasets/sovitrath/diabetic-retinopathy-224x224-2019-data/colored_images/Moderate/a4359815f152.png,2,test
a44345b27804,/kaggle/input/datasets/sovitrath/diabetic-retinopathy-224x224-2019-data/colored_images/No_DR/a44345b27804.png,0,train
a443c4fd489c,/kaggle/input/datasets/sovitrath/diabetic-retinopathy-224x224-2019-data/colored_images/Mild/a443c4fd489c.png,1,train
a45c30da0c72,/kaggle/input/datasets/sovitrath/diabetic-retinopathy-224x224-2019-data/colored_images/No_DR/a45c30da0c72.png,0,test
a45d77edf8d9,/kaggle/input/datasets/sovitrath/diabetic-retinopathy-224x224-2019-data/colored_images/Moderate/a45d77edf8d9.png,2,train
a476fd984005,/kaggle/input/datasets/sovitrath/diabetic-retinopathy-224x224-2019-data/colored_images/Moderate/a476fd984005.png,2,val
a47878630dc2,/kaggle/input/datasets/sovitrath/diabetic-retinopathy-224x224-2019-data/colored_images/Moderate/a47878630dc2.png,2,val
a484bdf85b4c,/kaggle/input/datasets/sovitrath/diabetic-retinopathy-224x224-2019-data/colored_images/No_DR/a484bdf85b4c.png,0,train
a49b0b4484ea,/kaggle/input/datasets/sovitrath/diabetic-retinopathy-224x224-2019-data/colored_images/Moderate/a49b0b4484ea.png,2,train
a4b8de38eac1,/kaggle/input/datasets/sovitrath/diabetic-retinopathy-224x224-2019-data/colored_images/Severe/a4b8de38eac1.png,3,train
a4d41c495666,/kaggle/input/datasets/sovitrath/diabetic-retinopathy-224x224-2019-data/colored_images/Moderate/a4d41c495666.png,2,train
a4d4b69f7404,/kaggle/input/datasets/sovitrath/diabetic-retinopathy-224x224-2019-data/colored_images/Severe/a4d4b69f7404.png,3,train
a4ee03ecff60,/kaggle/input/datasets/sovitrath/diabetic-retinopathy-224x224-2019-data/colored_images/No_DR/a4ee03ecff60.png,0,train
a505981d1cab,/kaggle/input/datasets/sovitrath/diabetic-retinopathy-224x224-2019-data/colored_images/Moderate/a505981d1cab.png,2,train
a528be013a04,/kaggle/input/datasets/sovitrath/diabetic-retinopathy-224x224-2019-data/colored_images/No_DR/a528be013a04.png,0,test
a53d6d2472a6,/kaggle/input/datasets/sovitrath/diabetic-retinopathy-224x224-2019-data/colored_images/No_DR/a53d6d2472a6.png,0,test
a56729de89e9,/kaggle/input/datasets/sovitrath/diabetic-retinopathy-224x224-2019-data/colored_images/Moderate/a56729de89e9.png,2,test
a5a2a7003d60,/kaggle/input/datasets/sovitrath/diabetic-retinopathy-224x224-2019-data/colored_images/Mild/a5a2a7003d60.png,1,val
a5bb85afc6e8,/kaggle/input/datasets/sovitrath/diabetic-retinopathy-224x224-2019-data/colored_images/No_DR/a5bb85afc6e8.png,0,train
a5c9a8c726b2,/kaggle/input/datasets/sovitrath/diabetic-retinopathy-224x224-2019-data/colored_images/Proliferate_DR/a5c9a8c726b2.png,4,train
a61723fc38c2,/kaggle/input/datasets/sovitrath/diabetic-retinopathy-224x224-2019-data/colored_images/No_DR/a61723fc38c2.png,0,train
a627eb8c08c5,/kaggle/input/datasets/sovitrath/diabetic-retinopathy-224x224-2019-data/colored_images/No_DR/a627eb8c08c5.png,0,train
a62e995f167c,/kaggle/input/datasets/sovitrath/diabetic-retinopathy-224x224-2019-data/colored_images/No_DR/a62e995f167c.png,0,train
a62ea0043aa7,/kaggle/input/datasets/sovitrath/diabetic-retinopathy-224x224-2019-data/colored_images/Moderate/a62ea0043aa7.png,2,train
a6356a3c5d11,/kaggle/input/datasets/sovitrath/diabetic-retinopathy-224x224-2019-data/colored_images/No_DR/a6356a3c5d11.png,0,train
a64273801bde,/kaggle/input/datasets/sovitrath/diabetic-retinopathy-224x224-2019-data/colored_images/Moderate/a64273801bde.png,2,train
a646c084928c,/kaggle/input/datasets/sovitrath/diabetic-retinopathy-224x224-2019-data/colored_images/No_DR/a646c084928c.png,0,test
a654b25124c3,/kaggle/input/datasets/sovitrath/diabetic-retinopathy-224x224-2019-data/colored_images/No_DR/a654b25124c3.png,0,train
a664d2055886,/kaggle/input/datasets/sovitrath/diabetic-retinopathy-224x224-2019-data/colored_images/Moderate/a664d2055886.png,2,train
a66c3165876f,/kaggle/input/datasets/sovitrath/diabetic-retinopathy-224x224-2019-data/colored_images/Moderate/a66c3165876f.png,2,train
a673193cd5a9,/kaggle/input/datasets/sovitrath/diabetic-retinopathy-224x224-2019-data/colored_images/No_DR/a673193cd5a9.png,0,train
a6731dd737af,/kaggle/input/datasets/sovitrath/diabetic-retinopathy-224x224-2019-data/colored_images/No_DR/a6731dd737af.png,0,val
a688f20f8895,/kaggle/input/datasets/sovitrath/diabetic-retinopathy-224x224-2019-data/colored_images/Moderate/a688f20f8895.png,2,train
a6b6d27c1b32,/kaggle/input/datasets/sovitrath/diabetic-retinopathy-224x224-2019-data/colored_images/No_DR/a6b6d27c1b32.png,0,train
a6c9e96a10d7,/kaggle/input/datasets/sovitrath/diabetic-retinopathy-224x224-2019-data/colored_images/Moderate/a6c9e96a10d7.png,2,train
a6d45de20e4d,/kaggle/input/datasets/sovitrath/diabetic-retinopathy-224x224-2019-data/colored_images/Proliferate_DR/a6d45de20e4d.png,4,train
a70d0f12a641,/kaggle/input/datasets/sovitrath/diabetic-retinopathy-224x224-2019-data/colored_images/No_DR/a70d0f12a641.png,0,train
a721efb1e049,/kaggle/input/datasets/sovitrath/diabetic-retinopathy-224x224-2019-data/colored_images/Moderate/a721efb1e049.png,2,train
a73c3d516c59,/kaggle/input/datasets/sovitrath/diabetic-retinopathy-224x224-2019-data/colored_images/No_DR/a73c3d516c59.png,0,val
a73d012c4c38,/kaggle/input/datasets/sovitrath/diabetic-retinopathy-224x224-2019-data/colored_images/No_DR/a73d012c4c38.png,0,train
a76132e79688,/kaggle/input/datasets/sovitrath/diabetic-retinopathy-224x224-2019-data/colored_images/No_DR/a76132e79688.png,0,val
a763661f98a5,/kaggle/input/datasets/sovitrath/diabetic-retinopathy-224x224-2019-data/colored_images/Severe/a763661f98a5.png,3,train
a7673ac44509,/kaggle/input/datasets/sovitrath/diabetic-retinopathy-224x224-2019-data/colored_images/No_DR/a7673ac44509.png,0,train
a76b69e443ce,/kaggle/input/datasets/sovitrath/diabetic-retinopathy-224x224-2019-data/colored_images/Proliferate_DR/a76b69e443ce.png,4,val
a77dbec966d4,/kaggle/input/datasets/sovitrath/diabetic-retinopathy-224x224-2019-data/colored_images/Mild/a77dbec966d4.png,1,val
a77eb914b383,/kaggle/input/datasets/sovitrath/diabetic-retinopathy-224x224-2019-data/colored_images/No_DR/a77eb914b383.png,0,val
a790a3b36390,/kaggle/input/datasets/sovitrath/diabetic-retinopathy-224x224-2019-data/colored_images/Moderate/a790a3b36390.png,2,train
a7b03e58a6e1,/kaggle/input/datasets/sovitrath/diabetic-retinopathy-224x224-2019-data/colored_images/No_DR/a7b03e58a6e1.png,0,test
a7b7dc8788b9,/kaggle/input/datasets/sovitrath/diabetic-retinopathy-224x224-2019-data/colored_images/Moderate/a7b7dc8788b9.png,2,val
a7c10ca6c117,/kaggle/input/datasets/sovitrath/diabetic-retinopathy-224x224-2019-data/colored_images/No_DR/a7c10ca6c117.png,0,train
a7ec056502e7,/kaggle/input/datasets/sovitrath/diabetic-retinopathy-224x224-2019-data/colored_images/Mild/a7ec056502e7.png,1,train
a804cef3e51f,/kaggle/input/datasets/sovitrath/diabetic-retinopathy-224x224-2019-data/colored_images/Moderate/a804cef3e51f.png,2,test
a80dab8eddf4,/kaggle/input/datasets/sovitrath/diabetic-retinopathy-224x224-2019-data/colored_images/Severe/a80dab8eddf4.png,3,train
a81b06f50612,/kaggle/input/datasets/sovitrath/diabetic-retinopathy-224x224-2019-data/colored_images/Proliferate_DR/a81b06f50612.png,4,train
a821b6ecef33,/kaggle/input/datasets/sovitrath/diabetic-retinopathy-224x224-2019-data/colored_images/No_DR/a821b6ecef33.png,0,train
a8263d248523,/kaggle/input/datasets/sovitrath/diabetic-retinopathy-224x224-2019-data/colored_images/No_DR/a8263d248523.png,0,train
a82a12ad3fb1,/kaggle/input/datasets/sovitrath/diabetic-retinopathy-224x224-2019-data/colored_images/No_DR/a82a12ad3fb1.png,0,train
a85cda5f725d,/kaggle/input/datasets/sovitrath/diabetic-retinopathy-224x224-2019-data/colored_images/No_DR/a85cda5f725d.png,0,test
a86128b601a7,/kaggle/input/datasets/sovitrath/diabetic-retinopathy-224x224-2019-data/colored_images/No_DR/a86128b601a7.png,0,test
a8652b2de23f,/kaggle/input/datasets/sovitrath/diabetic-retinopathy-224x224-2019-data/colored_images/Moderate/a8652b2de23f.png,2,train
a86c6283fd78,/kaggle/input/datasets/sovitrath/diabetic-retinopathy-224x224-2019-data/colored_images/Moderate/a86c6283fd78.png,2,test
a879c3569552,/kaggle/input/datasets/sovitrath/diabetic-retinopathy-224x224-2019-data/colored_images/Moderate/a879c3569552.png,2,train
a87f53bc984a,/kaggle/input/datasets/sovitrath/diabetic-retinopathy-224x224-2019-data/colored_images/Moderate/a87f53bc984a.png,2,train
a88365134c3c,/kaggle/input/datasets/sovitrath/diabetic-retinopathy-224x224-2019-data/colored_images/No_DR/a88365134c3c.png,0,test
a8854768549f,/kaggle/input/datasets/sovitrath/diabetic-retinopathy-224x224-2019-data/colored_images/No_DR/a8854768549f.png,0,val
a88f68b0b114,/kaggle/input/datasets/sovitrath/diabetic-retinopathy-224x224-2019-data/colored_images/Moderate/a88f68b0b114.png,2,val
a8a6588c8eb7,/kaggle/input/datasets/sovitrath/diabetic-retinopathy-224x224-2019-data/colored_images/No_DR/a8a6588c8eb7.png,0,train
a8aed92940fb,/kaggle/input/datasets/sovitrath/diabetic-retinopathy-224x224-2019-data/colored_images/No_DR/a8aed92940fb.png,0,train
a8b3c0961d42,/kaggle/input/datasets/sovitrath/diabetic-retinopathy-224x224-2019-data/colored_images/No_DR/a8b3c0961d42.png,0,train
a8b637abd96b,/kaggle/input/datasets/sovitrath/diabetic-retinopathy-224x224-2019-data/colored_images/No_DR/a8b637abd96b.png,0,train
a8c54e2a4b79,/kaggle/input/datasets/sovitrath/diabetic-retinopathy-224x224-2019-data/colored_images/Mild/a8c54e2a4b79.png,1,train
a8c950a99107,/kaggle/input/datasets/sovitrath/diabetic-retinopathy-224x224-2019-data/colored_images/Mild/a8c950a99107.png,1,train
a8c9fcdbc0be,/kaggle/input/datasets/sovitrath/diabetic-retinopathy-224x224-2019-data/colored_images/No_DR/a8c9fcdbc0be.png,0,train
a8dea22ef903,/kaggle/input/datasets/sovitrath/diabetic-retinopathy-224x224-2019-data/colored_images/No_DR/a8dea22ef903.png,0,train
a8e08e7fe016,/kaggle/input/datasets/sovitrath/diabetic-retinopathy-224x224-2019-data/colored_images/Moderate/a8e08e7fe016.png,2,test
a8eb35b3bcd2,/kaggle/input/datasets/sovitrath/diabetic-retinopathy-224x224-2019-data/colored_images/Moderate/a8eb35b3bcd2.png,2,train
a93f1ea3ff4a,/kaggle/input/datasets/sovitrath/diabetic-retinopathy-224x224-2019-data/colored_images/Moderate/a93f1ea3ff4a.png,2,train
a94da3d3b5c0,/kaggle/input/datasets/sovitrath/diabetic-retinopathy-224x224-2019-data/colored_images/No_DR/a94da3d3b5c0.png,0,test
a95858e052d6,/kaggle/input/datasets/sovitrath/diabetic-retinopathy-224x224-2019-data/colored_images/Mild/a95858e052d6.png,1,train
a95d9d61ddd4,/kaggle/input/datasets/sovitrath/diabetic-retinopathy-224x224-2019-data/colored_images/No_DR/a95d9d61ddd4.png,0,train
a963ac561580,/kaggle/input/datasets/sovitrath/diabetic-retinopathy-224x224-2019-data/colored_images/No_DR/a963ac561580.png,0,train
a96ff96bbae5,/kaggle/input/datasets/sovitrath/diabetic-retinopathy-224x224-2019-data/colored_images/No_DR/a96ff96bbae5.png,0,train
a987aa7aac37,/kaggle/input/datasets/sovitrath/diabetic-retinopathy-224x224-2019-data/colored_images/No_DR/a987aa7aac37.png,0,train
a9a28c37c8c4,/kaggle/input/datasets/sovitrath/diabetic-retinopathy-224x224-2019-data/colored_images/Moderate/a9a28c37c8c4.png,2,train
a9a3225cf4b5,/kaggle/input/datasets/sovitrath/diabetic-retinopathy-224x224-2019-data/colored_images/No_DR/a9a3225cf4b5.png,0,train
a9b3177f01c0,/kaggle/input/datasets/sovitrath/diabetic-retinopathy-224x224-2019-data/colored_images/No_DR/a9b3177f01c0.png,0,train
a9bc2f892cb3,/kaggle/input/datasets/sovitrath/diabetic-retinopathy-224x224-2019-data/colored_images/No_DR/a9bc2f892cb3.png,0,train
a9c7b83caf81,/kaggle/input/datasets/sovitrath/diabetic-retinopathy-224x224-2019-data/colored_images/Moderate/a9c7b83caf81.png,2,train
a9d0c900b6a9,/kaggle/input/datasets/sovitrath/diabetic-retinopathy-224x224-2019-data/colored_images/Moderate/a9d0c900b6a9.png,2,test
a9dc80cba9a4,/kaggle/input/datasets/sovitrath/diabetic-retinopathy-224x224-2019-data/colored_images/No_DR/a9dc80cba9a4.png,0,train
a9e3d186cd1b,/kaggle/input/datasets/sovitrath/diabetic-retinopathy-224x224-2019-data/colored_images/No_DR/a9e3d186cd1b.png,0,train
aa0afc41ed19,/kaggle/input/datasets/sovitrath/diabetic-retinopathy-224x224-2019-data/colored_images/Moderate/aa0afc41ed19.png,2,train
aa10a4b2e709,/kaggle/input/datasets/sovitrath/diabetic-retinopathy-224x224-2019-data/colored_images/No_DR/aa10a4b2e709.png,0,train
aa31bc6b8f4d,/kaggle/input/datasets/sovitrath/diabetic-retinopathy-224x224-2019-data/colored_images/Moderate/aa31bc6b8f4d.png,2,train
aa4407aab872,/kaggle/input/datasets/sovitrath/diabetic-retinopathy-224x224-2019-data/colored_images/No_DR/aa4407aab872.png,0,val
aa5ce75edcf5,/kaggle/input/datasets/sovitrath/diabetic-retinopathy-224x224-2019-data/colored_images/Moderate/aa5ce75edcf5.png,2,train
aa60813e1a8d,/kaggle/input/datasets/sovitrath/diabetic-retinopathy-224x224-2019-data/colored_images/No_DR/aa60813e1a8d.png,0,train
aa6242f9e08c,/kaggle/input/datasets/sovitrath/diabetic-retinopathy-224x224-2019-data/colored_images/No_DR/aa6242f9e08c.png,0,train
aa6673241154,/kaggle/input/datasets/sovitrath/diabetic-retinopathy-224x224-2019-data/colored_images/Proliferate_DR/aa6673241154.png,4,train
aa841de1ee82,/kaggle/input/datasets/sovitrath/diabetic-retinopathy-224x224-2019-data/colored_images/Moderate/aa841de1ee82.png,2,train
aa8a1e814811,/kaggle/input/datasets/sovitrath/diabetic-retinopathy-224x224-2019-data/colored_images/No_DR/aa8a1e814811.png,0,train
aa94cc4bfd84,/kaggle/input/datasets/sovitrath/diabetic-retinopathy-224x224-2019-data/colored_images/No_DR/aa94cc4bfd84.png,0,train
aa9b8f05f4bf,/kaggle/input/datasets/sovitrath/diabetic-retinopathy-224x224-2019-data/colored_images/Moderate/aa9b8f05f4bf.png,2,train
aa9cfe639ef1,/kaggle/input/datasets/sovitrath/diabetic-retinopathy-224x224-2019-data/colored_images/Moderate/aa9cfe639ef1.png,2,test
aaaadb174012,/kaggle/input/datasets/sovitrath/diabetic-retinopathy-224x224-2019-data/colored_images/No_DR/aaaadb174012.png,0,val
aabd867043cf,/kaggle/input/datasets/sovitrath/diabetic-retinopathy-224x224-2019-data/colored_images/No_DR/aabd867043cf.png,0,train
aad0c0ee9268,/kaggle/input/datasets/sovitrath/diabetic-retinopathy-224x224-2019-data/colored_images/Moderate/aad0c0ee9268.png,2,train
aae8f9f3ef8c,/kaggle/input/datasets/sovitrath/diabetic-retinopathy-224x224-2019-data/colored_images/Severe/aae8f9f3ef8c.png,3,train
aafb0c944f14,/kaggle/input/datasets/sovitrath/diabetic-retinopathy-224x224-2019-data/colored_images/No_DR/aafb0c944f14.png,0,test
aafe980edd0c,/kaggle/input/datasets/sovitrath/diabetic-retinopathy-224x224-2019-data/colored_images/No_DR/aafe980edd0c.png,0,val
ab03d50bba2f,/kaggle/input/datasets/sovitrath/diabetic-retinopathy-224x224-2019-data/colored_images/No_DR/ab03d50bba2f.png,0,train
ab1c20a94f3f,/kaggle/input/datasets/sovitrath/diabetic-retinopathy-224x224-2019-data/colored_images/Proliferate_DR/ab1c20a94f3f.png,4,test
ab32db41c409,/kaggle/input/datasets/sovitrath/diabetic-retinopathy-224x224-2019-data/colored_images/No_DR/ab32db41c409.png,0,test
ab3c505b624f,/kaggle/input/datasets/sovitrath/diabetic-retinopathy-224x224-2019-data/colored_images/No_DR/ab3c505b624f.png,0,test
ab653b8554c0,/kaggle/input/datasets/sovitrath/diabetic-retinopathy-224x224-2019-data/colored_images/No_DR/ab653b8554c0.png,0,train
ab686895533e,/kaggle/input/datasets/sovitrath/diabetic-retinopathy-224x224-2019-data/colored_images/No_DR/ab686895533e.png,0,train
ab724603ee93,/kaggle/input/datasets/sovitrath/diabetic-retinopathy-224x224-2019-data/colored_images/No_DR/ab724603ee93.png,0,train
ab78a66dee6a,/kaggle/input/datasets/sovitrath/diabetic-retinopathy-224x224-2019-data/colored_images/No_DR/ab78a66dee6a.png,0,train
ab7991df166b,/kaggle/input/datasets/sovitrath/diabetic-retinopathy-224x224-2019-data/colored_images/No_DR/ab7991df166b.png,0,train
ab88081e5654,/kaggle/input/datasets/sovitrath/diabetic-retinopathy-224x224-2019-data/colored_images/No_DR/ab88081e5654.png,0,train
aba3063c5413,/kaggle/input/datasets/sovitrath/diabetic-retinopathy-224x224-2019-data/colored_images/Severe/aba3063c5413.png,3,test
ababe19ed448,/kaggle/input/datasets/sovitrath/diabetic-retinopathy-224x224-2019-data/colored_images/Mild/ababe19ed448.png,1,train
abbb8791785e,/kaggle/input/datasets/sovitrath/diabetic-retinopathy-224x224-2019-data/colored_images/No_DR/abbb8791785e.png,0,train
abdb365cacbc,/kaggle/input/datasets/sovitrath/diabetic-retinopathy-224x224-2019-data/colored_images/Mild/abdb365cacbc.png,1,train
abe940882578,/kaggle/input/datasets/sovitrath/diabetic-retinopathy-224x224-2019-data/colored_images/No_DR/abe940882578.png,0,train
abf09c44d5f4,/kaggle/input/datasets/sovitrath/diabetic-retinopathy-224x224-2019-data/colored_images/Moderate/abf09c44d5f4.png,2,test
abf0f56c6f12,/kaggle/input/datasets/sovitrath/diabetic-retinopathy-224x224-2019-data/colored_images/Moderate/abf0f56c6f12.png,2,train
ac0a48ccbf70,/kaggle/input/datasets/sovitrath/diabetic-retinopathy-224x224-2019-data/colored_images/No_DR/ac0a48ccbf70.png,0,train
ac1667fac512,/kaggle/input/datasets/sovitrath/diabetic-retinopathy-224x224-2019-data/colored_images/No_DR/ac1667fac512.png,0,test
ac17cc18a994,/kaggle/input/datasets/sovitrath/diabetic-retinopathy-224x224-2019-data/colored_images/No_DR/ac17cc18a994.png,0,train
ac2c814949f9,/kaggle/input/datasets/sovitrath/diabetic-retinopathy-224x224-2019-data/colored_images/Moderate/ac2c814949f9.png,2,train
ac5b5dddf91b,/kaggle/input/datasets/sovitrath/diabetic-retinopathy-224x224-2019-data/colored_images/Moderate/ac5b5dddf91b.png,2,train
ac720570dd0f,/kaggle/input/datasets/sovitrath/diabetic-retinopathy-224x224-2019-data/colored_images/Moderate/ac720570dd0f.png,2,train
ac81fc200162,/kaggle/input/datasets/sovitrath/diabetic-retinopathy-224x224-2019-data/colored_images/No_DR/ac81fc200162.png,0,train
aca88f566228,/kaggle/input/datasets/sovitrath/diabetic-retinopathy-224x224-2019-data/colored_images/Moderate/aca88f566228.png,2,test
acc9f29538c4,/kaggle/input/datasets/sovitrath/diabetic-retinopathy-224x224-2019-data/colored_images/Moderate/acc9f29538c4.png,2,train
ace2281f00c4,/kaggle/input/datasets/sovitrath/diabetic-retinopathy-224x224-2019-data/colored_images/No_DR/ace2281f00c4.png,0,train
ace287a5c991,/kaggle/input/datasets/sovitrath/diabetic-retinopathy-224x224-2019-data/colored_images/No_DR/ace287a5c991.png,0,val
acf976efd7ce,/kaggle/input/datasets/sovitrath/diabetic-retinopathy-224x224-2019-data/colored_images/No_DR/acf976efd7ce.png,0,train
ad029ba7fa8b,/kaggle/input/datasets/sovitrath/diabetic-retinopathy-224x224-2019-data/colored_images/No_DR/ad029ba7fa8b.png,0,train
ad12cde115ab,/kaggle/input/datasets/sovitrath/diabetic-retinopathy-224x224-2019-data/colored_images/No_DR/ad12cde115ab.png,0,val
ad1aa75d5630,/kaggle/input/datasets/sovitrath/diabetic-retinopathy-224x224-2019-data/colored_images/No_DR/ad1aa75d5630.png,0,train
ad1f7445b1a8,/kaggle/input/datasets/sovitrath/diabetic-retinopathy-224x224-2019-data/colored_images/Mild/ad1f7445b1a8.png,1,test
ad20080452de,/kaggle/input/datasets/sovitrath/diabetic-retinopathy-224x224-2019-data/colored_images/No_DR/ad20080452de.png,0,train
ad2f0b9d059c,/kaggle/input/datasets/sovitrath/diabetic-retinopathy-224x224-2019-data/colored_images/Severe/ad2f0b9d059c.png,3,train
ad312ca98202,/kaggle/input/datasets/sovitrath/diabetic-retinopathy-224x224-2019-data/colored_images/No_DR/ad312ca98202.png,0,val
ad3fc5076852,/kaggle/input/datasets/sovitrath/diabetic-retinopathy-224x224-2019-data/colored_images/Mild/ad3fc5076852.png,1,val
ad570b850a4f,/kaggle/input/datasets/sovitrath/diabetic-retinopathy-224x224-2019-data/colored_images/Moderate/ad570b850a4f.png,2,val
ad6b07d5c338,/kaggle/input/datasets/sovitrath/diabetic-retinopathy-224x224-2019-data/colored_images/No_DR/ad6b07d5c338.png,0,train
ad93d88c87ea,/kaggle/input/datasets/sovitrath/diabetic-retinopathy-224x224-2019-data/colored_images/No_DR/ad93d88c87ea.png,0,train
ad944bd56bb6,/kaggle/input/datasets/sovitrath/diabetic-retinopathy-224x224-2019-data/colored_images/No_DR/ad944bd56bb6.png,0,test
adb56cecafaf,/kaggle/input/datasets/sovitrath/diabetic-retinopathy-224x224-2019-data/colored_images/Severe/adb56cecafaf.png,3,test
add1d681d712,/kaggle/input/datasets/sovitrath/diabetic-retinopathy-224x224-2019-data/colored_images/Moderate/add1d681d712.png,2,test
addf66a50f42,/kaggle/input/datasets/sovitrath/diabetic-retinopathy-224x224-2019-data/colored_images/No_DR/addf66a50f42.png,0,train
ae1344610ebe,/kaggle/input/datasets/sovitrath/diabetic-retinopathy-224x224-2019-data/colored_images/Moderate/ae1344610ebe.png,2,train
ae20112e7a1e,/kaggle/input/datasets/sovitrath/diabetic-retinopathy-224x224-2019-data/colored_images/No_DR/ae20112e7a1e.png,0,train
ae2c3f6312ef,/kaggle/input/datasets/sovitrath/diabetic-retinopathy-224x224-2019-data/colored_images/No_DR/ae2c3f6312ef.png,0,train
ae2e888905ba,/kaggle/input/datasets/sovitrath/diabetic-retinopathy-224x224-2019-data/colored_images/No_DR/ae2e888905ba.png,0,val
ae49cc60f251,/kaggle/input/datasets/sovitrath/diabetic-retinopathy-224x224-2019-data/colored_images/No_DR/ae49cc60f251.png,0,train
ae57c8630249,/kaggle/input/datasets/sovitrath/diabetic-retinopathy-224x224-2019-data/colored_images/No_DR/ae57c8630249.png,0,train
ae58ccb5905e,/kaggle/input/datasets/sovitrath/diabetic-retinopathy-224x224-2019-data/colored_images/No_DR/ae58ccb5905e.png,0,train
ae5d31979f19,/kaggle/input/datasets/sovitrath/diabetic-retinopathy-224x224-2019-data/colored_images/No_DR/ae5d31979f19.png,0,test
ae61e19fb766,/kaggle/input/datasets/sovitrath/diabetic-retinopathy-224x224-2019-data/colored_images/No_DR/ae61e19fb766.png,0,train
ae8424cdb029,/kaggle/input/datasets/sovitrath/diabetic-retinopathy-224x224-2019-data/colored_images/Moderate/ae8424cdb029.png,2,train
ae8472f8d310,/kaggle/input/datasets/sovitrath/diabetic-retinopathy-224x224-2019-data/colored_images/Mild/ae8472f8d310.png,1,train
ae94ce412de9,/kaggle/input/datasets/sovitrath/diabetic-retinopathy-224x224-2019-data/colored_images/No_DR/ae94ce412de9.png,0,train
ae975c43bd8b,/kaggle/input/datasets/sovitrath/diabetic-retinopathy-224x224-2019-data/colored_images/No_DR/ae975c43bd8b.png,0,train
aea59ebec445,/kaggle/input/datasets/sovitrath/diabetic-retinopathy-224x224-2019-data/colored_images/Severe/aea59ebec445.png,3,val
aeab0a63bcaf,/kaggle/input/datasets/sovitrath/diabetic-retinopathy-224x224-2019-data/colored_images/No_DR/aeab0a63bcaf.png,0,train
aeb6f4fd2eed,/kaggle/input/datasets/sovitrath/diabetic-retinopathy-224x224-2019-data/colored_images/No_DR/aeb6f4fd2eed.png,0,val
aebe87a423c8,/kaggle/input/datasets/sovitrath/diabetic-retinopathy-224x224-2019-data/colored_images/No_DR/aebe87a423c8.png,0,val
aec51513cf45,/kaggle/input/datasets/sovitrath/diabetic-retinopathy-224x224-2019-data/colored_images/No_DR/aec51513cf45.png,0,train
aeccef0bdc26,/kaggle/input/datasets/sovitrath/diabetic-retinopathy-224x224-2019-data/colored_images/No_DR/aeccef0bdc26.png,0,train
aed4e743c230,/kaggle/input/datasets/sovitrath/diabetic-retinopathy-224x224-2019-data/colored_images/Moderate/aed4e743c230.png,2,test
aeed1f251ceb,/kaggle/input/datasets/sovitrath/diabetic-retinopathy-224x224-2019-data/colored_images/Proliferate_DR/aeed1f251ceb.png,4,train
aef9016557ca,/kaggle/input/datasets/sovitrath/diabetic-retinopathy-224x224-2019-data/colored_images/Moderate/aef9016557ca.png,2,test
af133a85ea0c,/kaggle/input/datasets/sovitrath/diabetic-retinopathy-224x224-2019-data/colored_images/Mild/af133a85ea0c.png,1,train
af345c68e836,/kaggle/input/datasets/sovitrath/diabetic-retinopathy-224x224-2019-data/colored_images/No_DR/af345c68e836.png,0,test
af3b0115aad1,/kaggle/input/datasets/sovitrath/diabetic-retinopathy-224x224-2019-data/colored_images/Severe/af3b0115aad1.png,3,train
af5a0bc4e1fa,/kaggle/input/datasets/sovitrath/diabetic-retinopathy-224x224-2019-data/colored_images/No_DR/af5a0bc4e1fa.png,0,val
af6166d57f13,/kaggle/input/datasets/sovitrath/diabetic-retinopathy-224x224-2019-data/colored_images/No_DR/af6166d57f13.png,0,train
af6a1508cd95,/kaggle/input/datasets/sovitrath/diabetic-retinopathy-224x224-2019-data/colored_images/No_DR/af6a1508cd95.png,0,train
af7a36454670,/kaggle/input/datasets/sovitrath/diabetic-retinopathy-224x224-2019-data/colored_images/No_DR/af7a36454670.png,0,val
af828dab3ffc,/kaggle/input/datasets/sovitrath/diabetic-retinopathy-224x224-2019-data/colored_images/Moderate/af828dab3ffc.png,2,train
af831c158744,/kaggle/input/datasets/sovitrath/diabetic-retinopathy-224x224-2019-data/colored_images/Moderate/af831c158744.png,2,test
af87d48ffe01,/kaggle/input/datasets/sovitrath/diabetic-retinopathy-224x224-2019-data/colored_images/No_DR/af87d48ffe01.png,0,train
af8aa32beee4,/kaggle/input/datasets/sovitrath/diabetic-retinopathy-224x224-2019-data/colored_images/Moderate/af8aa32beee4.png,2,train
afc345cc9145,/kaggle/input/datasets/sovitrath/diabetic-retinopathy-224x224-2019-data/colored_images/No_DR/afc345cc9145.png,0,train
afc744fad65e,/kaggle/input/datasets/sovitrath/diabetic-retinopathy-224x224-2019-data/colored_images/No_DR/afc744fad65e.png,0,train
b019a49787c1,/kaggle/input/datasets/sovitrath/diabetic-retinopathy-224x224-2019-data/colored_images/Severe/b019a49787c1.png,3,test
b033ab4fb723,/kaggle/input/datasets/sovitrath/diabetic-retinopathy-224x224-2019-data/colored_images/Moderate/b033ab4fb723.png,2,train
b05922e7abd3,/kaggle/input/datasets/sovitrath/diabetic-retinopathy-224x224-2019-data/colored_images/No_DR/b05922e7abd3.png,0,train
b0619ca93a5f,/kaggle/input/datasets/sovitrath/diabetic-retinopathy-224x224-2019-data/colored_images/No_DR/b0619ca93a5f.png,0,train
b06dabab4f09,/kaggle/input/datasets/sovitrath/diabetic-retinopathy-224x224-2019-data/colored_images/Moderate/b06dabab4f09.png,2,train
b07bc463b718,/kaggle/input/datasets/sovitrath/diabetic-retinopathy-224x224-2019-data/colored_images/Mild/b07bc463b718.png,1,train
b085caa513a8,/kaggle/input/datasets/sovitrath/diabetic-retinopathy-224x224-2019-data/colored_images/No_DR/b085caa513a8.png,0,train
b086c7cd3868,/kaggle/input/datasets/sovitrath/diabetic-retinopathy-224x224-2019-data/colored_images/No_DR/b086c7cd3868.png,0,train
b09101adb478,/kaggle/input/datasets/sovitrath/diabetic-retinopathy-224x224-2019-data/colored_images/No_DR/b09101adb478.png,0,train
b0acd3593310,/kaggle/input/datasets/sovitrath/diabetic-retinopathy-224x224-2019-data/colored_images/No_DR/b0acd3593310.png,0,train
b0b3b16fc305,/kaggle/input/datasets/sovitrath/diabetic-retinopathy-224x224-2019-data/colored_images/No_DR/b0b3b16fc305.png,0,test
b0c9a492e068,/kaggle/input/datasets/sovitrath/diabetic-retinopathy-224x224-2019-data/colored_images/No_DR/b0c9a492e068.png,0,train
b0cc9f8d06e4,/kaggle/input/datasets/sovitrath/diabetic-retinopathy-224x224-2019-data/colored_images/Moderate/b0cc9f8d06e4.png,2,train
b0d35981708b,/kaggle/input/datasets/sovitrath/diabetic-retinopathy-224x224-2019-data/colored_images/Moderate/b0d35981708b.png,2,train
b0d6417bad3e,/kaggle/input/datasets/sovitrath/diabetic-retinopathy-224x224-2019-data/colored_images/Moderate/b0d6417bad3e.png,2,train
b0eeae01b8ab,/kaggle/input/datasets/sovitrath/diabetic-retinopathy-224x224-2019-data/colored_images/Moderate/b0eeae01b8ab.png,2,train
b0f0fa677d5f,/kaggle/input/datasets/sovitrath/diabetic-retinopathy-224x224-2019-data/colored_images/No_DR/b0f0fa677d5f.png,0,train
b0f8613305a3,/kaggle/input/datasets/sovitrath/diabetic-retinopathy-224x224-2019-data/colored_images/No_DR/b0f8613305a3.png,0,test
b10fca20c885,/kaggle/input/datasets/sovitrath/diabetic-retinopathy-224x224-2019-data/colored_images/No_DR/b10fca20c885.png,0,train
b1197f2cc9b3,/kaggle/input/datasets/sovitrath/diabetic-retinopathy-224x224-2019-data/colored_images/Mild/b1197f2cc9b3.png,1,test
b11dcdcbc8c8,/kaggle/input/datasets/sovitrath/diabetic-retinopathy-224x224-2019-data/colored_images/No_DR/b11dcdcbc8c8.png,0,train
b13d72ceea26,/kaggle/input/datasets/sovitrath/diabetic-retinopathy-224x224-2019-data/colored_images/Moderate/b13d72ceea26.png,2,val
b16dd4483ca5,/kaggle/input/datasets/sovitrath/diabetic-retinopathy-224x224-2019-data/colored_images/No_DR/b16dd4483ca5.png,0,val
b17f0b81dab3,/kaggle/input/datasets/sovitrath/diabetic-retinopathy-224x224-2019-data/colored_images/Mild/b17f0b81dab3.png,1,train
b191ba0a2b12,/kaggle/input/datasets/sovitrath/diabetic-retinopathy-224x224-2019-data/colored_images/Severe/b191ba0a2b12.png,3,train
b1b3e7d0a5f3,/kaggle/input/datasets/sovitrath/diabetic-retinopathy-224x224-2019-data/colored_images/Proliferate_DR/b1b3e7d0a5f3.png,4,train
b1c6f0997e27,/kaggle/input/datasets/sovitrath/diabetic-retinopathy-224x224-2019-data/colored_images/No_DR/b1c6f0997e27.png,0,val
b1f4122fd36a,/kaggle/input/datasets/sovitrath/diabetic-retinopathy-224x224-2019-data/colored_images/Moderate/b1f4122fd36a.png,2,test
b200c23b299b,/kaggle/input/datasets/sovitrath/diabetic-retinopathy-224x224-2019-data/colored_images/No_DR/b200c23b299b.png,0,train
b21abe5d9722,/kaggle/input/datasets/sovitrath/diabetic-retinopathy-224x224-2019-data/colored_images/No_DR/b21abe5d9722.png,0,val
b22354b5f94b,/kaggle/input/datasets/sovitrath/diabetic-retinopathy-224x224-2019-data/colored_images/Mild/b22354b5f94b.png,1,train
b22cc1bf0b8a,/kaggle/input/datasets/sovitrath/diabetic-retinopathy-224x224-2019-data/colored_images/No_DR/b22cc1bf0b8a.png,0,test
b2748ac28fc1,/kaggle/input/datasets/sovitrath/diabetic-retinopathy-224x224-2019-data/colored_images/Moderate/b2748ac28fc1.png,2,train
b294927b14b0,/kaggle/input/datasets/sovitrath/diabetic-retinopathy-224x224-2019-data/colored_images/No_DR/b294927b14b0.png,0,val
b2aaa81cc8f0,/kaggle/input/datasets/sovitrath/diabetic-retinopathy-224x224-2019-data/colored_images/Moderate/b2aaa81cc8f0.png,2,val
b2b79b37d314,/kaggle/input/datasets/sovitrath/diabetic-retinopathy-224x224-2019-data/colored_images/No_DR/b2b79b37d314.png,0,train
b2b7ccd34cbd,/kaggle/input/datasets/sovitrath/diabetic-retinopathy-224x224-2019-data/colored_images/No_DR/b2b7ccd34cbd.png,0,train
b2ffa3e18559,/kaggle/input/datasets/sovitrath/diabetic-retinopathy-224x224-2019-data/colored_images/Severe/b2ffa3e18559.png,3,train
b310bd564329,/kaggle/input/datasets/sovitrath/diabetic-retinopathy-224x224-2019-data/colored_images/Severe/b310bd564329.png,3,train
b351ae99413a,/kaggle/input/datasets/sovitrath/diabetic-retinopathy-224x224-2019-data/colored_images/No_DR/b351ae99413a.png,0,train
b35cad8fe2d7,/kaggle/input/datasets/sovitrath/diabetic-retinopathy-224x224-2019-data/colored_images/No_DR/b35cad8fe2d7.png,0,train
b37aae3c8fe1,/kaggle/input/datasets/sovitrath/diabetic-retinopathy-224x224-2019-data/colored_images/Proliferate_DR/b37aae3c8fe1.png,4,train
b3819a805dca,/kaggle/input/datasets/sovitrath/diabetic-retinopathy-224x224-2019-data/colored_images/Proliferate_DR/b3819a805dca.png,4,train
b3a994760537,/kaggle/input/datasets/sovitrath/diabetic-retinopathy-224x224-2019-data/colored_images/No_DR/b3a994760537.png,0,test
b3c0c3330278,/kaggle/input/datasets/sovitrath/diabetic-retinopathy-224x224-2019-data/colored_images/Moderate/b3c0c3330278.png,2,test
b3d12069e1c5,/kaggle/input/datasets/sovitrath/diabetic-retinopathy-224x224-2019-data/colored_images/Moderate/b3d12069e1c5.png,2,train
b3d135bd3bb5,/kaggle/input/datasets/sovitrath/diabetic-retinopathy-224x224-2019-data/colored_images/Severe/b3d135bd3bb5.png,3,train
b3f31c371e59,/kaggle/input/datasets/sovitrath/diabetic-retinopathy-224x224-2019-data/colored_images/No_DR/b3f31c371e59.png,0,train
b402b18d99a5,/kaggle/input/datasets/sovitrath/diabetic-retinopathy-224x224-2019-data/colored_images/Moderate/b402b18d99a5.png,2,train
b402daa0864c,/kaggle/input/datasets/sovitrath/diabetic-retinopathy-224x224-2019-data/colored_images/Moderate/b402daa0864c.png,2,train
b43440c6ebe4,/kaggle/input/datasets/sovitrath/diabetic-retinopathy-224x224-2019-data/colored_images/No_DR/b43440c6ebe4.png,0,test
b460ca9fa26f,/kaggle/input/datasets/sovitrath/diabetic-retinopathy-224x224-2019-data/colored_images/No_DR/b460ca9fa26f.png,0,test
b468ebf5cb11,/kaggle/input/datasets/sovitrath/diabetic-retinopathy-224x224-2019-data/colored_images/Moderate/b468ebf5cb11.png,2,val
b46b09a45f39,/kaggle/input/datasets/sovitrath/diabetic-retinopathy-224x224-2019-data/colored_images/No_DR/b46b09a45f39.png,0,train
b498b84d383f,/kaggle/input/datasets/sovitrath/diabetic-retinopathy-224x224-2019-data/colored_images/Moderate/b498b84d383f.png,2,train
b49b2fac2514,/kaggle/input/datasets/sovitrath/diabetic-retinopathy-224x224-2019-data/colored_images/Proliferate_DR/b49b2fac2514.png,4,train
b4b04d81acbb,/kaggle/input/datasets/sovitrath/diabetic-retinopathy-224x224-2019-data/colored_images/No_DR/b4b04d81acbb.png,0,train
b4e15102cd7a,/kaggle/input/datasets/sovitrath/diabetic-retinopathy-224x224-2019-data/colored_images/No_DR/b4e15102cd7a.png,0,val
b4f41b5bf0ef,/kaggle/input/datasets/sovitrath/diabetic-retinopathy-224x224-2019-data/colored_images/Mild/b4f41b5bf0ef.png,1,val
b50b30aa6e6c,/kaggle/input/datasets/sovitrath/diabetic-retinopathy-224x224-2019-data/colored_images/Mild/b50b30aa6e6c.png,1,train
b5204c0decc7,/kaggle/input/datasets/sovitrath/diabetic-retinopathy-224x224-2019-data/colored_images/No_DR/b5204c0decc7.png,0,train
b532dedd928c,/kaggle/input/datasets/sovitrath/diabetic-retinopathy-224x224-2019-data/colored_images/No_DR/b532dedd928c.png,0,train
b549af91bd30,/kaggle/input/datasets/sovitrath/diabetic-retinopathy-224x224-2019-data/colored_images/No_DR/b549af91bd30.png,0,train
b553e7909535,/kaggle/input/datasets/sovitrath/diabetic-retinopathy-224x224-2019-data/colored_images/No_DR/b553e7909535.png,0,test
b55d2ddb3e75,/kaggle/input/datasets/sovitrath/diabetic-retinopathy-224x224-2019-data/colored_images/Proliferate_DR/b55d2ddb3e75.png,4,test
b56340f472d2,/kaggle/input/datasets/sovitrath/diabetic-retinopathy-224x224-2019-data/colored_images/Mild/b56340f472d2.png,1,train
b574d229ec4c,/kaggle/input/datasets/sovitrath/diabetic-retinopathy-224x224-2019-data/colored_images/Moderate/b574d229ec4c.png,2,test
b576c5269ad1,/kaggle/input/datasets/sovitrath/diabetic-retinopathy-224x224-2019-data/colored_images/Mild/b576c5269ad1.png,1,train
b5834ee64541,/kaggle/input/datasets/sovitrath/diabetic-retinopathy-224x224-2019-data/colored_images/Severe/b5834ee64541.png,3,train
b598bc9753c2,/kaggle/input/datasets/sovitrath/diabetic-retinopathy-224x224-2019-data/colored_images/No_DR/b598bc9753c2.png,0,train
b5a3ca5c0a80,/kaggle/input/datasets/sovitrath/diabetic-retinopathy-224x224-2019-data/colored_images/No_DR/b5a3ca5c0a80.png,0,test
b5b913358b32,/kaggle/input/datasets/sovitrath/diabetic-retinopathy-224x224-2019-data/colored_images/No_DR/b5b913358b32.png,0,test
b5bf7b84fc66,/kaggle/input/datasets/sovitrath/diabetic-retinopathy-224x224-2019-data/colored_images/No_DR/b5bf7b84fc66.png,0,train
b5c80d0ed0ff,/kaggle/input/datasets/sovitrath/diabetic-retinopathy-224x224-2019-data/colored_images/Moderate/b5c80d0ed0ff.png,2,val
b5e6ae31493c,/kaggle/input/datasets/sovitrath/diabetic-retinopathy-224x224-2019-data/colored_images/No_DR/b5e6ae31493c.png,0,train
b60dbf9f0744,/kaggle/input/datasets/sovitrath/diabetic-retinopathy-224x224-2019-data/colored_images/Moderate/b60dbf9f0744.png,2,train
b6304c545f95,/kaggle/input/datasets/sovitrath/diabetic-retinopathy-224x224-2019-data/colored_images/Moderate/b6304c545f95.png,2,test
b640e3bdff75,/kaggle/input/datasets/sovitrath/diabetic-retinopathy-224x224-2019-data/colored_images/Mild/b640e3bdff75.png,1,val
b64e1eef3d63,/kaggle/input/datasets/sovitrath/diabetic-retinopathy-224x224-2019-data/colored_images/No_DR/b64e1eef3d63.png,0,train
b65ff67743b2,/kaggle/input/datasets/sovitrath/diabetic-retinopathy-224x224-2019-data/colored_images/Moderate/b65ff67743b2.png,2,train
b665041e1633,/kaggle/input/datasets/sovitrath/diabetic-retinopathy-224x224-2019-data/colored_images/Moderate/b665041e1633.png,2,test
b66f23ffa730,/kaggle/input/datasets/sovitrath/diabetic-retinopathy-224x224-2019-data/colored_images/No_DR/b66f23ffa730.png,0,train
b67ae80f7eba,/kaggle/input/datasets/sovitrath/diabetic-retinopathy-224x224-2019-data/colored_images/No_DR/b67ae80f7eba.png,0,val
b69c224edd6e,/kaggle/input/datasets/sovitrath/diabetic-retinopathy-224x224-2019-data/colored_images/No_DR/b69c224edd6e.png,0,train
b6a0e348a01e,/kaggle/input/datasets/sovitrath/diabetic-retinopathy-224x224-2019-data/colored_images/Mild/b6a0e348a01e.png,1,test
b6bf847fbcb2,/kaggle/input/datasets/sovitrath/diabetic-retinopathy-224x224-2019-data/colored_images/No_DR/b6bf847fbcb2.png,0,train
b6bfe9db60e5,/kaggle/input/datasets/sovitrath/diabetic-retinopathy-224x224-2019-data/colored_images/Severe/b6bfe9db60e5.png,3,val
b6d9974443ce,/kaggle/input/datasets/sovitrath/diabetic-retinopathy-224x224-2019-data/colored_images/No_DR/b6d9974443ce.png,0,test
b6fd109b1bc9,/kaggle/input/datasets/sovitrath/diabetic-retinopathy-224x224-2019-data/colored_images/No_DR/b6fd109b1bc9.png,0,train
b70cb31b9abb,/kaggle/input/datasets/sovitrath/diabetic-retinopathy-224x224-2019-data/colored_images/Proliferate_DR/b70cb31b9abb.png,4,val
b70e7c26f51e,/kaggle/input/datasets/sovitrath/diabetic-retinopathy-224x224-2019-data/colored_images/No_DR/b70e7c26f51e.png,0,val
b71428739d4e,/kaggle/input/datasets/sovitrath/diabetic-retinopathy-224x224-2019-data/colored_images/Mild/b71428739d4e.png,1,train
b7278b4f2448,/kaggle/input/datasets/sovitrath/diabetic-retinopathy-224x224-2019-data/colored_images/Mild/b7278b4f2448.png,1,train
b72a86d61959,/kaggle/input/datasets/sovitrath/diabetic-retinopathy-224x224-2019-data/colored_images/No_DR/b72a86d61959.png,0,train
b72f59b85f7c,/kaggle/input/datasets/sovitrath/diabetic-retinopathy-224x224-2019-data/colored_images/No_DR/b72f59b85f7c.png,0,train
b73d0bcd3d33,/kaggle/input/datasets/sovitrath/diabetic-retinopathy-224x224-2019-data/colored_images/No_DR/b73d0bcd3d33.png,0,val
b746a6681ba9,/kaggle/input/datasets/sovitrath/diabetic-retinopathy-224x224-2019-data/colored_images/Moderate/b746a6681ba9.png,2,train
b74de20d73de,/kaggle/input/datasets/sovitrath/diabetic-retinopathy-224x224-2019-data/colored_images/No_DR/b74de20d73de.png,0,train
b759cbef90c5,/kaggle/input/datasets/sovitrath/diabetic-retinopathy-224x224-2019-data/colored_images/No_DR/b759cbef90c5.png,0,test
b762c29cf2f3,/kaggle/input/datasets/sovitrath/diabetic-retinopathy-224x224-2019-data/colored_images/Moderate/b762c29cf2f3.png,2,train
b77b88926843,/kaggle/input/datasets/sovitrath/diabetic-retinopathy-224x224-2019-data/colored_images/No_DR/b77b88926843.png,0,train
b77b8a1f09f1,/kaggle/input/datasets/sovitrath/diabetic-retinopathy-224x224-2019-data/colored_images/Proliferate_DR/b77b8a1f09f1.png,4,val
b7983cb3f270,/kaggle/input/datasets/sovitrath/diabetic-retinopathy-224x224-2019-data/colored_images/No_DR/b7983cb3f270.png,0,train
b7a1bb106051,/kaggle/input/datasets/sovitrath/diabetic-retinopathy-224x224-2019-data/colored_images/No_DR/b7a1bb106051.png,0,train
b7aca95b97b9,/kaggle/input/datasets/sovitrath/diabetic-retinopathy-224x224-2019-data/colored_images/No_DR/b7aca95b97b9.png,0,train
b7bd4a6627b6,/kaggle/input/datasets/sovitrath/diabetic-retinopathy-224x224-2019-data/colored_images/No_DR/b7bd4a6627b6.png,0,train
b7ce561a7328,/kaggle/input/datasets/sovitrath/diabetic-retinopathy-224x224-2019-data/colored_images/No_DR/b7ce561a7328.png,0,train
b7e0f95353f2,/kaggle/input/datasets/sovitrath/diabetic-retinopathy-224x224-2019-data/colored_images/Severe/b7e0f95353f2.png,3,train
b7f0bc7d399e,/kaggle/input/datasets/sovitrath/diabetic-retinopathy-224x224-2019-data/colored_images/No_DR/b7f0bc7d399e.png,0,train
b8297a2291f5,/kaggle/input/datasets/sovitrath/diabetic-retinopathy-224x224-2019-data/colored_images/No_DR/b8297a2291f5.png,0,train
b82d5f1f1145,/kaggle/input/datasets/sovitrath/diabetic-retinopathy-224x224-2019-data/colored_images/Moderate/b82d5f1f1145.png,2,train
b82dfa63a75f,/kaggle/input/datasets/sovitrath/diabetic-retinopathy-224x224-2019-data/colored_images/No_DR/b82dfa63a75f.png,0,test
b835b6e31a59,/kaggle/input/datasets/sovitrath/diabetic-retinopathy-224x224-2019-data/colored_images/No_DR/b835b6e31a59.png,0,train
b83a6eca125f,/kaggle/input/datasets/sovitrath/diabetic-retinopathy-224x224-2019-data/colored_images/Moderate/b83a6eca125f.png,2,train
b842b43cb7fb,/kaggle/input/datasets/sovitrath/diabetic-retinopathy-224x224-2019-data/colored_images/No_DR/b842b43cb7fb.png,0,train
b86fb2d5be1a,/kaggle/input/datasets/sovitrath/diabetic-retinopathy-224x224-2019-data/colored_images/No_DR/b86fb2d5be1a.png,0,test
b87f9c59748b,/kaggle/input/datasets/sovitrath/diabetic-retinopathy-224x224-2019-data/colored_images/Proliferate_DR/b87f9c59748b.png,4,test
b89938407ee6,/kaggle/input/datasets/sovitrath/diabetic-retinopathy-224x224-2019-data/colored_images/Moderate/b89938407ee6.png,2,val
b8ac328009e0,/kaggle/input/datasets/sovitrath/diabetic-retinopathy-224x224-2019-data/colored_images/Moderate/b8ac328009e0.png,2,train
b8dab47a260e,/kaggle/input/datasets/sovitrath/diabetic-retinopathy-224x224-2019-data/colored_images/No_DR/b8dab47a260e.png,0,val
b8e20c076b03,/kaggle/input/datasets/sovitrath/diabetic-retinopathy-224x224-2019-data/colored_images/No_DR/b8e20c076b03.png,0,train
b8e9a8f4617d,/kaggle/input/datasets/sovitrath/diabetic-retinopathy-224x224-2019-data/colored_images/No_DR/b8e9a8f4617d.png,0,test
b8f1b30877db,/kaggle/input/datasets/sovitrath/diabetic-retinopathy-224x224-2019-data/colored_images/Moderate/b8f1b30877db.png,2,train
b8fb9f55cd6d,/kaggle/input/datasets/sovitrath/diabetic-retinopathy-224x224-2019-data/colored_images/Moderate/b8fb9f55cd6d.png,2,train
b90bc89ce8d8,/kaggle/input/datasets/sovitrath/diabetic-retinopathy-224x224-2019-data/colored_images/Proliferate_DR/b90bc89ce8d8.png,4,train
b927a9238434,/kaggle/input/datasets/sovitrath/diabetic-retinopathy-224x224-2019-data/colored_images/Moderate/b927a9238434.png,2,train
b92eacd1392a,/kaggle/input/datasets/sovitrath/diabetic-retinopathy-224x224-2019-data/colored_images/No_DR/b92eacd1392a.png,0,train
b94c58d063bf,/kaggle/input/datasets/sovitrath/diabetic-retinopathy-224x224-2019-data/colored_images/Mild/b94c58d063bf.png,1,train
b9519abce0c1,/kaggle/input/datasets/sovitrath/diabetic-retinopathy-224x224-2019-data/colored_images/No_DR/b9519abce0c1.png,0,train
b95d4dd8e5e2,/kaggle/input/datasets/sovitrath/diabetic-retinopathy-224x224-2019-data/colored_images/Moderate/b95d4dd8e5e2.png,2,train
b960142a8de7,/kaggle/input/datasets/sovitrath/diabetic-retinopathy-224x224-2019-data/colored_images/Severe/b960142a8de7.png,3,val
b963a11638f2,/kaggle/input/datasets/sovitrath/diabetic-retinopathy-224x224-2019-data/colored_images/No_DR/b963a11638f2.png,0,train
b96b518596b3,/kaggle/input/datasets/sovitrath/diabetic-retinopathy-224x224-2019-data/colored_images/Proliferate_DR/b96b518596b3.png,4,train
b98f77098b9d,/kaggle/input/datasets/sovitrath/diabetic-retinopathy-224x224-2019-data/colored_images/Moderate/b98f77098b9d.png,2,val
b99794a0beed,/kaggle/input/datasets/sovitrath/diabetic-retinopathy-224x224-2019-data/colored_images/Moderate/b99794a0beed.png,2,val
b99afe7137fb,/kaggle/input/datasets/sovitrath/diabetic-retinopathy-224x224-2019-data/colored_images/Proliferate_DR/b99afe7137fb.png,4,train
b99c825b93c5,/kaggle/input/datasets/sovitrath/diabetic-retinopathy-224x224-2019-data/colored_images/Moderate/b99c825b93c5.png,2,test
b9b6ee2b9453,/kaggle/input/datasets/sovitrath/diabetic-retinopathy-224x224-2019-data/colored_images/Moderate/b9b6ee2b9453.png,2,train
b9b99dad668d,/kaggle/input/datasets/sovitrath/diabetic-retinopathy-224x224-2019-data/colored_images/Mild/b9b99dad668d.png,1,train
b9bc81fcb075,/kaggle/input/datasets/sovitrath/diabetic-retinopathy-224x224-2019-data/colored_images/No_DR/b9bc81fcb075.png,0,val
b9c7c5182075,/kaggle/input/datasets/sovitrath/diabetic-retinopathy-224x224-2019-data/colored_images/No_DR/b9c7c5182075.png,0,train
b9d0b83d70c3,/kaggle/input/datasets/sovitrath/diabetic-retinopathy-224x224-2019-data/colored_images/No_DR/b9d0b83d70c3.png,0,val
b9fe7da14a32,/kaggle/input/datasets/sovitrath/diabetic-retinopathy-224x224-2019-data/colored_images/No_DR/b9fe7da14a32.png,0,train
ba0107fb1bfd,/kaggle/input/datasets/sovitrath/diabetic-retinopathy-224x224-2019-data/colored_images/No_DR/ba0107fb1bfd.png,0,train
ba08cee68c71,/kaggle/input/datasets/sovitrath/diabetic-retinopathy-224x224-2019-data/colored_images/Proliferate_DR/ba08cee68c71.png,4,train
ba25f947f4ec,/kaggle/input/datasets/sovitrath/diabetic-retinopathy-224x224-2019-data/colored_images/Moderate/ba25f947f4ec.png,2,train
ba2ea9182090,/kaggle/input/datasets/sovitrath/diabetic-retinopathy-224x224-2019-data/colored_images/No_DR/ba2ea9182090.png,0,test
ba4d2c4b3039,/kaggle/input/datasets/sovitrath/diabetic-retinopathy-224x224-2019-data/colored_images/Proliferate_DR/ba4d2c4b3039.png,4,test
ba4e62c11cc0,/kaggle/input/datasets/sovitrath/diabetic-retinopathy-224x224-2019-data/colored_images/No_DR/ba4e62c11cc0.png,0,train
ba735b286d62,/kaggle/input/datasets/sovitrath/diabetic-retinopathy-224x224-2019-data/colored_images/Proliferate_DR/ba735b286d62.png,4,val
baaca2f7e1f0,/kaggle/input/datasets/sovitrath/diabetic-retinopathy-224x224-2019-data/colored_images/No_DR/baaca2f7e1f0.png,0,train
bab776139279,/kaggle/input/datasets/sovitrath/diabetic-retinopathy-224x224-2019-data/colored_images/No_DR/bab776139279.png,0,train
bac1744955c2,/kaggle/input/datasets/sovitrath/diabetic-retinopathy-224x224-2019-data/colored_images/No_DR/bac1744955c2.png,0,train
bacfa2b8e706,/kaggle/input/datasets/sovitrath/diabetic-retinopathy-224x224-2019-data/colored_images/No_DR/bacfa2b8e706.png,0,train
bb08949dd70a,/kaggle/input/datasets/sovitrath/diabetic-retinopathy-224x224-2019-data/colored_images/No_DR/bb08949dd70a.png,0,train
bb11db08584a,/kaggle/input/datasets/sovitrath/diabetic-retinopathy-224x224-2019-data/colored_images/Mild/bb11db08584a.png,1,train
bb2f89488ecd,/kaggle/input/datasets/sovitrath/diabetic-retinopathy-224x224-2019-data/colored_images/No_DR/bb2f89488ecd.png,0,train
bb45257258cc,/kaggle/input/datasets/sovitrath/diabetic-retinopathy-224x224-2019-data/colored_images/Mild/bb45257258cc.png,1,val
bb733062f494,/kaggle/input/datasets/sovitrath/diabetic-retinopathy-224x224-2019-data/colored_images/Moderate/bb733062f494.png,2,train
bb752b179751,/kaggle/input/datasets/sovitrath/diabetic-retinopathy-224x224-2019-data/colored_images/No_DR/bb752b179751.png,0,val
bb783d8e496f,/kaggle/input/datasets/sovitrath/diabetic-retinopathy-224x224-2019-data/colored_images/Mild/bb783d8e496f.png,1,train
bb7e0a2544cd,/kaggle/input/datasets/sovitrath/diabetic-retinopathy-224x224-2019-data/colored_images/Severe/bb7e0a2544cd.png,3,train
bb85097857fa,/kaggle/input/datasets/sovitrath/diabetic-retinopathy-224x224-2019-data/colored_images/No_DR/bb85097857fa.png,0,train
bb9a3d835a94,/kaggle/input/datasets/sovitrath/diabetic-retinopathy-224x224-2019-data/colored_images/Mild/bb9a3d835a94.png,1,train
bba38f2294a3,/kaggle/input/datasets/sovitrath/diabetic-retinopathy-224x224-2019-data/colored_images/Proliferate_DR/bba38f2294a3.png,4,train
bc23f74e14dd,/kaggle/input/datasets/sovitrath/diabetic-retinopathy-224x224-2019-data/colored_images/Moderate/bc23f74e14dd.png,2,train
bc34ed91c9bc,/kaggle/input/datasets/sovitrath/diabetic-retinopathy-224x224-2019-data/colored_images/Proliferate_DR/bc34ed91c9bc.png,4,test
bc34f52c37c7,/kaggle/input/datasets/sovitrath/diabetic-retinopathy-224x224-2019-data/colored_images/No_DR/bc34f52c37c7.png,0,train
bc73ce76ec43,/kaggle/input/datasets/sovitrath/diabetic-retinopathy-224x224-2019-data/colored_images/Mild/bc73ce76ec43.png,1,train
bc7bf19b84e3,/kaggle/input/datasets/sovitrath/diabetic-retinopathy-224x224-2019-data/colored_images/No_DR/bc7bf19b84e3.png,0,val
bc8c6a778cde,/kaggle/input/datasets/sovitrath/diabetic-retinopathy-224x224-2019-data/colored_images/No_DR/bc8c6a778cde.png,0,train
bc92a61a1f9c,/kaggle/input/datasets/sovitrath/diabetic-retinopathy-224x224-2019-data/colored_images/No_DR/bc92a61a1f9c.png,0,val
bca2bdc15fc5,/kaggle/input/datasets/sovitrath/diabetic-retinopathy-224x224-2019-data/colored_images/Moderate/bca2bdc15fc5.png,2,train
bcb0498ed2c1,/kaggle/input/datasets/sovitrath/diabetic-retinopathy-224x224-2019-data/colored_images/No_DR/bcb0498ed2c1.png,0,train
bcc762618e7d,/kaggle/input/datasets/sovitrath/diabetic-retinopathy-224x224-2019-data/colored_images/Moderate/bcc762618e7d.png,2,train
bcd503c726ba,/kaggle/input/datasets/sovitrath/diabetic-retinopathy-224x224-2019-data/colored_images/Proliferate_DR/bcd503c726ba.png,4,train
bcdc8db5423b,/kaggle/input/datasets/sovitrath/diabetic-retinopathy-224x224-2019-data/colored_images/Moderate/bcdc8db5423b.png,2,train
bd06028eb7dd,/kaggle/input/datasets/sovitrath/diabetic-retinopathy-224x224-2019-data/colored_images/No_DR/bd06028eb7dd.png,0,train
bd269a1f0e4d,/kaggle/input/datasets/sovitrath/diabetic-retinopathy-224x224-2019-data/colored_images/Mild/bd269a1f0e4d.png,1,val
bd34a0639575,/kaggle/input/datasets/sovitrath/diabetic-retinopathy-224x224-2019-data/colored_images/No_DR/bd34a0639575.png,0,train
bd375ba756b1,/kaggle/input/datasets/sovitrath/diabetic-retinopathy-224x224-2019-data/colored_images/No_DR/bd375ba756b1.png,0,train
bd500a73beae,/kaggle/input/datasets/sovitrath/diabetic-retinopathy-224x224-2019-data/colored_images/No_DR/bd500a73beae.png,0,train
bd9904495ccd,/kaggle/input/datasets/sovitrath/diabetic-retinopathy-224x224-2019-data/colored_images/Proliferate_DR/bd9904495ccd.png,4,train
bda7ff3b1562,/kaggle/input/datasets/sovitrath/diabetic-retinopathy-224x224-2019-data/colored_images/Moderate/bda7ff3b1562.png,2,test
bda8c973b09d,/kaggle/input/datasets/sovitrath/diabetic-retinopathy-224x224-2019-data/colored_images/Moderate/bda8c973b09d.png,2,train
bda91b76095b,/kaggle/input/datasets/sovitrath/diabetic-retinopathy-224x224-2019-data/colored_images/No_DR/bda91b76095b.png,0,train
bdb98063fe84,/kaggle/input/datasets/sovitrath/diabetic-retinopathy-224x224-2019-data/colored_images/Moderate/bdb98063fe84.png,2,train
bdc6c60e9133,/kaggle/input/datasets/sovitrath/diabetic-retinopathy-224x224-2019-data/colored_images/No_DR/bdc6c60e9133.png,0,train
bde1063a5dd7,/kaggle/input/datasets/sovitrath/diabetic-retinopathy-224x224-2019-data/colored_images/No_DR/bde1063a5dd7.png,0,val
bdf47b9f10c4,/kaggle/input/datasets/sovitrath/diabetic-retinopathy-224x224-2019-data/colored_images/No_DR/bdf47b9f10c4.png,0,train
bdff5d8bddf8,/kaggle/input/datasets/sovitrath/diabetic-retinopathy-224x224-2019-data/colored_images/Proliferate_DR/bdff5d8bddf8.png,4,val
be197b663520,/kaggle/input/datasets/sovitrath/diabetic-retinopathy-224x224-2019-data/colored_images/No_DR/be197b663520.png,0,train
be21d8b60e2a,/kaggle/input/datasets/sovitrath/diabetic-retinopathy-224x224-2019-data/colored_images/Moderate/be21d8b60e2a.png,2,train
be3a7d9e981e,/kaggle/input/datasets/sovitrath/diabetic-retinopathy-224x224-2019-data/colored_images/No_DR/be3a7d9e981e.png,0,train
be521870a0ea,/kaggle/input/datasets/sovitrath/diabetic-retinopathy-224x224-2019-data/colored_images/No_DR/be521870a0ea.png,0,train
be68322c7223,/kaggle/input/datasets/sovitrath/diabetic-retinopathy-224x224-2019-data/colored_images/Moderate/be68322c7223.png,2,test
be6cbf6e5b10,/kaggle/input/datasets/sovitrath/diabetic-retinopathy-224x224-2019-data/colored_images/No_DR/be6cbf6e5b10.png,0,test
be7bc89f5fec,/kaggle/input/datasets/sovitrath/diabetic-retinopathy-224x224-2019-data/colored_images/Moderate/be7bc89f5fec.png,2,val
be7f791a7877,/kaggle/input/datasets/sovitrath/diabetic-retinopathy-224x224-2019-data/colored_images/No_DR/be7f791a7877.png,0,train
be8697eb2078,/kaggle/input/datasets/sovitrath/diabetic-retinopathy-224x224-2019-data/colored_images/No_DR/be8697eb2078.png,0,val
beb00fa6e7c9,/kaggle/input/datasets/sovitrath/diabetic-retinopathy-224x224-2019-data/colored_images/No_DR/beb00fa6e7c9.png,0,val
beb2ad14fd2d,/kaggle/input/datasets/sovitrath/diabetic-retinopathy-224x224-2019-data/colored_images/No_DR/beb2ad14fd2d.png,0,train
bebb3f167654,/kaggle/input/datasets/sovitrath/diabetic-retinopathy-224x224-2019-data/colored_images/Mild/bebb3f167654.png,1,test
bebfbd907cac,/kaggle/input/datasets/sovitrath/diabetic-retinopathy-224x224-2019-data/colored_images/No_DR/bebfbd907cac.png,0,test
bec0acd539b2,/kaggle/input/datasets/sovitrath/diabetic-retinopathy-224x224-2019-data/colored_images/Severe/bec0acd539b2.png,3,train
bed8296c8dfe,/kaggle/input/datasets/sovitrath/diabetic-retinopathy-224x224-2019-data/colored_images/No_DR/bed8296c8dfe.png,0,train
beeca5f14618,/kaggle/input/datasets/sovitrath/diabetic-retinopathy-224x224-2019-data/colored_images/No_DR/beeca5f14618.png,0,train
bf18ff30a8f6,/kaggle/input/datasets/sovitrath/diabetic-retinopathy-224x224-2019-data/colored_images/Mild/bf18ff30a8f6.png,1,train
bf1b7e21e774,/kaggle/input/datasets/sovitrath/diabetic-retinopathy-224x224-2019-data/colored_images/Moderate/bf1b7e21e774.png,2,train
bf6cbccacf39,/kaggle/input/datasets/sovitrath/diabetic-retinopathy-224x224-2019-data/colored_images/No_DR/bf6cbccacf39.png,0,train
bf7047dc683c,/kaggle/input/datasets/sovitrath/diabetic-retinopathy-224x224-2019-data/colored_images/Moderate/bf7047dc683c.png,2,val
bf7221a016b5,/kaggle/input/datasets/sovitrath/diabetic-retinopathy-224x224-2019-data/colored_images/No_DR/bf7221a016b5.png,0,train
bf7b4eae7ad0,/kaggle/input/datasets/sovitrath/diabetic-retinopathy-224x224-2019-data/colored_images/No_DR/bf7b4eae7ad0.png,0,train
bf8092e4001d,/kaggle/input/datasets/sovitrath/diabetic-retinopathy-224x224-2019-data/colored_images/Severe/bf8092e4001d.png,3,train
bf811911acf9,/kaggle/input/datasets/sovitrath/diabetic-retinopathy-224x224-2019-data/colored_images/No_DR/bf811911acf9.png,0,train
bf87aedf2489,/kaggle/input/datasets/sovitrath/diabetic-retinopathy-224x224-2019-data/colored_images/No_DR/bf87aedf2489.png,0,val
bf9cba745efc,/kaggle/input/datasets/sovitrath/diabetic-retinopathy-224x224-2019-data/colored_images/Moderate/bf9cba745efc.png,2,train
bfa30ebf63a8,/kaggle/input/datasets/sovitrath/diabetic-retinopathy-224x224-2019-data/colored_images/No_DR/bfa30ebf63a8.png,0,train
bfaa0080ab61,/kaggle/input/datasets/sovitrath/diabetic-retinopathy-224x224-2019-data/colored_images/Moderate/bfaa0080ab61.png,2,train
bfb578c0e8d8,/kaggle/input/datasets/sovitrath/diabetic-retinopathy-224x224-2019-data/colored_images/No_DR/bfb578c0e8d8.png,0,train
bfd5c0e55420,/kaggle/input/datasets/sovitrath/diabetic-retinopathy-224x224-2019-data/colored_images/Moderate/bfd5c0e55420.png,2,val
bfda2fd0533a,/kaggle/input/datasets/sovitrath/diabetic-retinopathy-224x224-2019-data/colored_images/Moderate/bfda2fd0533a.png,2,train
bfdee9be1f1d,/kaggle/input/datasets/sovitrath/diabetic-retinopathy-224x224-2019-data/colored_images/Proliferate_DR/bfdee9be1f1d.png,4,train
bfe467b7e997,/kaggle/input/datasets/sovitrath/diabetic-retinopathy-224x224-2019-data/colored_images/Moderate/bfe467b7e997.png,2,test
bff51afc76d4,/kaggle/input/datasets/sovitrath/diabetic-retinopathy-224x224-2019-data/colored_images/No_DR/bff51afc76d4.png,0,train
bffca6eeb2bf,/kaggle/input/datasets/sovitrath/diabetic-retinopathy-224x224-2019-data/colored_images/No_DR/bffca6eeb2bf.png,0,val
c013e869acce,/kaggle/input/datasets/sovitrath/diabetic-retinopathy-224x224-2019-data/colored_images/No_DR/c013e869acce.png,0,test
c01eae4b4939,/kaggle/input/datasets/sovitrath/diabetic-retinopathy-224x224-2019-data/colored_images/Proliferate_DR/c01eae4b4939.png,4,train
c0202976c670,/kaggle/input/datasets/sovitrath/diabetic-retinopathy-224x224-2019-data/colored_images/Moderate/c0202976c670.png,2,train
c06024f05a16,/kaggle/input/datasets/sovitrath/diabetic-retinopathy-224x224-2019-data/colored_images/No_DR/c06024f05a16.png,0,train
c096131ad065,/kaggle/input/datasets/sovitrath/diabetic-retinopathy-224x224-2019-data/colored_images/No_DR/c096131ad065.png,0,val
c0968d41eb93,/kaggle/input/datasets/sovitrath/diabetic-retinopathy-224x224-2019-data/colored_images/Mild/c0968d41eb93.png,1,test
c0a0828e01b4,/kaggle/input/datasets/sovitrath/diabetic-retinopathy-224x224-2019-data/colored_images/Severe/c0a0828e01b4.png,3,train
c0a117de7d0a,/kaggle/input/datasets/sovitrath/diabetic-retinopathy-224x224-2019-data/colored_images/No_DR/c0a117de7d0a.png,0,train
c0e15e8e2b46,/kaggle/input/datasets/sovitrath/diabetic-retinopathy-224x224-2019-data/colored_images/Mild/c0e15e8e2b46.png,1,train
c0f15fe3b4b7,/kaggle/input/datasets/sovitrath/diabetic-retinopathy-224x224-2019-data/colored_images/Mild/c0f15fe3b4b7.png,1,train
c102db7634d8,/kaggle/input/datasets/sovitrath/diabetic-retinopathy-224x224-2019-data/colored_images/Mild/c102db7634d8.png,1,train
c12e9ca420a5,/kaggle/input/datasets/sovitrath/diabetic-retinopathy-224x224-2019-data/colored_images/No_DR/c12e9ca420a5.png,0,train
c1437a7a52c9,/kaggle/input/datasets/sovitrath/diabetic-retinopathy-224x224-2019-data/colored_images/No_DR/c1437a7a52c9.png,0,test
c1799a6f5c65,/kaggle/input/datasets/sovitrath/diabetic-retinopathy-224x224-2019-data/colored_images/Proliferate_DR/c1799a6f5c65.png,4,train
c1819db0aece,/kaggle/input/datasets/sovitrath/diabetic-retinopathy-224x224-2019-data/colored_images/No_DR/c1819db0aece.png,0,train
c1896142a20a,/kaggle/input/datasets/sovitrath/diabetic-retinopathy-224x224-2019-data/colored_images/Proliferate_DR/c1896142a20a.png,4,train
c18a006f7f1d,/kaggle/input/datasets/sovitrath/diabetic-retinopathy-224x224-2019-data/colored_images/No_DR/c18a006f7f1d.png,0,train
c1e6fa1ad314,/kaggle/input/datasets/sovitrath/diabetic-retinopathy-224x224-2019-data/colored_images/Mild/c1e6fa1ad314.png,1,train
c1ebe785503a,/kaggle/input/datasets/sovitrath/diabetic-retinopathy-224x224-2019-data/colored_images/Mild/c1ebe785503a.png,1,train
c21eb81de9fc,/kaggle/input/datasets/sovitrath/diabetic-retinopathy-224x224-2019-data/colored_images/No_DR/c21eb81de9fc.png,0,train
c23ff6dcf15e,/kaggle/input/datasets/sovitrath/diabetic-retinopathy-224x224-2019-data/colored_images/No_DR/c23ff6dcf15e.png,0,train
c24bcf7a1bc4,/kaggle/input/datasets/sovitrath/diabetic-retinopathy-224x224-2019-data/colored_images/No_DR/c24bcf7a1bc4.png,0,train
c252da9b41d8,/kaggle/input/datasets/sovitrath/diabetic-retinopathy-224x224-2019-data/colored_images/Moderate/c252da9b41d8.png,2,train
c25e02b39c01,/kaggle/input/datasets/sovitrath/diabetic-retinopathy-224x224-2019-data/colored_images/No_DR/c25e02b39c01.png,0,train
c261b1aaa828,/kaggle/input/datasets/sovitrath/diabetic-retinopathy-224x224-2019-data/colored_images/Moderate/c261b1aaa828.png,2,train
c26f98f58350,/kaggle/input/datasets/sovitrath/diabetic-retinopathy-224x224-2019-data/colored_images/No_DR/c26f98f58350.png,0,train
c280730cc211,/kaggle/input/datasets/sovitrath/diabetic-retinopathy-224x224-2019-data/colored_images/Moderate/c280730cc211.png,2,train
c2a58b2cfd0b,/kaggle/input/datasets/sovitrath/diabetic-retinopathy-224x224-2019-data/colored_images/No_DR/c2a58b2cfd0b.png,0,train
c2f3281cf528,/kaggle/input/datasets/sovitrath/diabetic-retinopathy-224x224-2019-data/colored_images/No_DR/c2f3281cf528.png,0,test
c31651ea04c6,/kaggle/input/datasets/sovitrath/diabetic-retinopathy-224x224-2019-data/colored_images/Severe/c31651ea04c6.png,3,train
c334f8688b77,/kaggle/input/datasets/sovitrath/diabetic-retinopathy-224x224-2019-data/colored_images/No_DR/c334f8688b77.png,0,train
c365c598ad4e,/kaggle/input/datasets/sovitrath/diabetic-retinopathy-224x224-2019-data/colored_images/No_DR/c365c598ad4e.png,0,train
c373b73a80c8,/kaggle/input/datasets/sovitrath/diabetic-retinopathy-224x224-2019-data/colored_images/No_DR/c373b73a80c8.png,0,train
c3789c1dab96,/kaggle/input/datasets/sovitrath/diabetic-retinopathy-224x224-2019-data/colored_images/No_DR/c3789c1dab96.png,0,test
c38dec54a9f7,/kaggle/input/datasets/sovitrath/diabetic-retinopathy-224x224-2019-data/colored_images/No_DR/c38dec54a9f7.png,0,train
c3a82acb7d7a,/kaggle/input/datasets/sovitrath/diabetic-retinopathy-224x224-2019-data/colored_images/Severe/c3a82acb7d7a.png,3,test
c3aa424eff9a,/kaggle/input/datasets/sovitrath/diabetic-retinopathy-224x224-2019-data/colored_images/No_DR/c3aa424eff9a.png,0,test
c3acf47700ea,/kaggle/input/datasets/sovitrath/diabetic-retinopathy-224x224-2019-data/colored_images/Moderate/c3acf47700ea.png,2,train
c3b15bf9b4bc,/kaggle/input/datasets/sovitrath/diabetic-retinopathy-224x224-2019-data/colored_images/No_DR/c3b15bf9b4bc.png,0,val
c3c8fdda50c0,/kaggle/input/datasets/sovitrath/diabetic-retinopathy-224x224-2019-data/colored_images/No_DR/c3c8fdda50c0.png,0,test
c3cd0200df79,/kaggle/input/datasets/sovitrath/diabetic-retinopathy-224x224-2019-data/colored_images/Severe/c3cd0200df79.png,3,train
c3d12a23f451,/kaggle/input/datasets/sovitrath/diabetic-retinopathy-224x224-2019-data/colored_images/Proliferate_DR/c3d12a23f451.png,4,val
c3e02d4a1798,/kaggle/input/datasets/sovitrath/diabetic-retinopathy-224x224-2019-data/colored_images/Moderate/c3e02d4a1798.png,2,test
c406325360b1,/kaggle/input/datasets/sovitrath/diabetic-retinopathy-224x224-2019-data/colored_images/Moderate/c406325360b1.png,2,test
c40976189f22,/kaggle/input/datasets/sovitrath/diabetic-retinopathy-224x224-2019-data/colored_images/Mild/c40976189f22.png,1,train
c446985355f1,/kaggle/input/datasets/sovitrath/diabetic-retinopathy-224x224-2019-data/colored_images/No_DR/c446985355f1.png,0,train
c48ae5da188e,/kaggle/input/datasets/sovitrath/diabetic-retinopathy-224x224-2019-data/colored_images/Moderate/c48ae5da188e.png,2,train
c4a8f2fcf6e8,/kaggle/input/datasets/sovitrath/diabetic-retinopathy-224x224-2019-data/colored_images/Mild/c4a8f2fcf6e8.png,1,val
c4aef0d88d1b,/kaggle/input/datasets/sovitrath/diabetic-retinopathy-224x224-2019-data/colored_images/No_DR/c4aef0d88d1b.png,0,train
c4e8b1ec8893,/kaggle/input/datasets/sovitrath/diabetic-retinopathy-224x224-2019-data/colored_images/Moderate/c4e8b1ec8893.png,2,train
c52bb7343387,/kaggle/input/datasets/sovitrath/diabetic-retinopathy-224x224-2019-data/colored_images/Moderate/c52bb7343387.png,2,train
c5431b81cbc9,/kaggle/input/datasets/sovitrath/diabetic-retinopathy-224x224-2019-data/colored_images/Moderate/c5431b81cbc9.png,2,train
c561bcd519e9,/kaggle/input/datasets/sovitrath/diabetic-retinopathy-224x224-2019-data/colored_images/Moderate/c561bcd519e9.png,2,train
c56293f53191,/kaggle/input/datasets/sovitrath/diabetic-retinopathy-224x224-2019-data/colored_images/No_DR/c56293f53191.png,0,train
c568e5245ea5,/kaggle/input/datasets/sovitrath/diabetic-retinopathy-224x224-2019-data/colored_images/Moderate/c568e5245ea5.png,2,train
c56e65f74187,/kaggle/input/datasets/sovitrath/diabetic-retinopathy-224x224-2019-data/colored_images/Mild/c56e65f74187.png,1,val
c57c164bca05,/kaggle/input/datasets/sovitrath/diabetic-retinopathy-224x224-2019-data/colored_images/No_DR/c57c164bca05.png,0,train
c58971bcebb2,/kaggle/input/datasets/sovitrath/diabetic-retinopathy-224x224-2019-data/colored_images/No_DR/c58971bcebb2.png,0,train
c58e5c0c5b33,/kaggle/input/datasets/sovitrath/diabetic-retinopathy-224x224-2019-data/colored_images/No_DR/c58e5c0c5b33.png,0,val
c597ef460944,/kaggle/input/datasets/sovitrath/diabetic-retinopathy-224x224-2019-data/colored_images/No_DR/c597ef460944.png,0,train
c5a0e84e955d,/kaggle/input/datasets/sovitrath/diabetic-retinopathy-224x224-2019-data/colored_images/No_DR/c5a0e84e955d.png,0,train
c5a6f432a1ec,/kaggle/input/datasets/sovitrath/diabetic-retinopathy-224x224-2019-data/colored_images/No_DR/c5a6f432a1ec.png,0,train
c5a9ebef1517,/kaggle/input/datasets/sovitrath/diabetic-retinopathy-224x224-2019-data/colored_images/Severe/c5a9ebef1517.png,3,val
c5ad60521f8c,/kaggle/input/datasets/sovitrath/diabetic-retinopathy-224x224-2019-data/colored_images/Moderate/c5ad60521f8c.png,2,train
c5b58cc992af,/kaggle/input/datasets/sovitrath/diabetic-retinopathy-224x224-2019-data/colored_images/No_DR/c5b58cc992af.png,0,train
c5ba9e455d5e,/kaggle/input/datasets/sovitrath/diabetic-retinopathy-224x224-2019-data/colored_images/Severe/c5ba9e455d5e.png,3,test
c5bec7f1e5f3,/kaggle/input/datasets/sovitrath/diabetic-retinopathy-224x224-2019-data/colored_images/No_DR/c5bec7f1e5f3.png,0,test
c5e238aa18be,/kaggle/input/datasets/sovitrath/diabetic-retinopathy-224x224-2019-data/colored_images/Proliferate_DR/c5e238aa18be.png,4,train
c613db1cab27,/kaggle/input/datasets/sovitrath/diabetic-retinopathy-224x224-2019-data/colored_images/Moderate/c613db1cab27.png,2,train
c6229222bf22,/kaggle/input/datasets/sovitrath/diabetic-retinopathy-224x224-2019-data/colored_images/No_DR/c6229222bf22.png,0,train
c62cef02efa2,/kaggle/input/datasets/sovitrath/diabetic-retinopathy-224x224-2019-data/colored_images/No_DR/c62cef02efa2.png,0,train
c639d837f5e4,/kaggle/input/datasets/sovitrath/diabetic-retinopathy-224x224-2019-data/colored_images/No_DR/c639d837f5e4.png,0,train
c64c0966b4cf,/kaggle/input/datasets/sovitrath/diabetic-retinopathy-224x224-2019-data/colored_images/No_DR/c64c0966b4cf.png,0,val
c67117c6ab3b,/kaggle/input/datasets/sovitrath/diabetic-retinopathy-224x224-2019-data/colored_images/Severe/c67117c6ab3b.png,3,val
c6916bc42016,/kaggle/input/datasets/sovitrath/diabetic-retinopathy-224x224-2019-data/colored_images/No_DR/c6916bc42016.png,0,train
c6a145742708,/kaggle/input/datasets/sovitrath/diabetic-retinopathy-224x224-2019-data/colored_images/Proliferate_DR/c6a145742708.png,4,train
c6a2975228af,/kaggle/input/datasets/sovitrath/diabetic-retinopathy-224x224-2019-data/colored_images/Moderate/c6a2975228af.png,2,train
c6a8f8f998a2,/kaggle/input/datasets/sovitrath/diabetic-retinopathy-224x224-2019-data/colored_images/No_DR/c6a8f8f998a2.png,0,train
c6c2bad91f23,/kaggle/input/datasets/sovitrath/diabetic-retinopathy-224x224-2019-data/colored_images/Moderate/c6c2bad91f23.png,2,train
c6d4e4a3bd4c,/kaggle/input/datasets/sovitrath/diabetic-retinopathy-224x224-2019-data/colored_images/No_DR/c6d4e4a3bd4c.png,0,val
c6e1e9fbf39b,/kaggle/input/datasets/sovitrath/diabetic-retinopathy-224x224-2019-data/colored_images/Moderate/c6e1e9fbf39b.png,2,train
c6f5b5b5be41,/kaggle/input/datasets/sovitrath/diabetic-retinopathy-224x224-2019-data/colored_images/No_DR/c6f5b5b5be41.png,0,test
c704bd669f36,/kaggle/input/datasets/sovitrath/diabetic-retinopathy-224x224-2019-data/colored_images/No_DR/c704bd669f36.png,0,train
c70d09370109,/kaggle/input/datasets/sovitrath/diabetic-retinopathy-224x224-2019-data/colored_images/Moderate/c70d09370109.png,2,train
c739ff9580d3,/kaggle/input/datasets/sovitrath/diabetic-retinopathy-224x224-2019-data/colored_images/Mild/c739ff9580d3.png,1,train
c73c5f6ef664,/kaggle/input/datasets/sovitrath/diabetic-retinopathy-224x224-2019-data/colored_images/Moderate/c73c5f6ef664.png,2,train
c755a0c4edcc,/kaggle/input/datasets/sovitrath/diabetic-retinopathy-224x224-2019-data/colored_images/No_DR/c755a0c4edcc.png,0,train
c76664770c07,/kaggle/input/datasets/sovitrath/diabetic-retinopathy-224x224-2019-data/colored_images/Severe/c76664770c07.png,3,train
c7b622ec8104,/kaggle/input/datasets/sovitrath/diabetic-retinopathy-224x224-2019-data/colored_images/Mild/c7b622ec8104.png,1,train
c7c0470bcf87,/kaggle/input/datasets/sovitrath/diabetic-retinopathy-224x224-2019-data/colored_images/Moderate/c7c0470bcf87.png,2,test
c7c3d363bc86,/kaggle/input/datasets/sovitrath/diabetic-retinopathy-224x224-2019-data/colored_images/No_DR/c7c3d363bc86.png,0,train
c7d0deb71576,/kaggle/input/datasets/sovitrath/diabetic-retinopathy-224x224-2019-data/colored_images/No_DR/c7d0deb71576.png,0,train
c7e827fc7f41,/kaggle/input/datasets/sovitrath/diabetic-retinopathy-224x224-2019-data/colored_images/Moderate/c7e827fc7f41.png,2,train
c80b0f27541a,/kaggle/input/datasets/sovitrath/diabetic-retinopathy-224x224-2019-data/colored_images/No_DR/c80b0f27541a.png,0,train
c80f79579fed,/kaggle/input/datasets/sovitrath/diabetic-retinopathy-224x224-2019-data/colored_images/Moderate/c80f79579fed.png,2,train
c81c6911f5e0,/kaggle/input/datasets/sovitrath/diabetic-retinopathy-224x224-2019-data/colored_images/No_DR/c81c6911f5e0.png,0,test
c85b79d70079,/kaggle/input/datasets/sovitrath/diabetic-retinopathy-224x224-2019-data/colored_images/No_DR/c85b79d70079.png,0,test
c87493ed320c,/kaggle/input/datasets/sovitrath/diabetic-retinopathy-224x224-2019-data/colored_images/Moderate/c87493ed320c.png,2,test
c8823cdaf7fa,/kaggle/input/datasets/sovitrath/diabetic-retinopathy-224x224-2019-data/colored_images/Moderate/c8823cdaf7fa.png,2,train
c8905b8d5cf1,/kaggle/input/datasets/sovitrath/diabetic-retinopathy-224x224-2019-data/colored_images/Moderate/c8905b8d5cf1.png,2,train
c8a3eb9a5b52,/kaggle/input/datasets/sovitrath/diabetic-retinopathy-224x224-2019-data/colored_images/Moderate/c8a3eb9a5b52.png,2,val
c8fc0df22999,/kaggle/input/datasets/sovitrath/diabetic-retinopathy-224x224-2019-data/colored_images/Mild/c8fc0df22999.png,1,train
c90c6b94cf40,/kaggle/input/datasets/sovitrath/diabetic-retinopathy-224x224-2019-data/colored_images/No_DR/c90c6b94cf40.png,0,val
c947bb6cf9f6,/kaggle/input/datasets/sovitrath/diabetic-retinopathy-224x224-2019-data/colored_images/No_DR/c947bb6cf9f6.png,0,train
c9485c38fdd5,/kaggle/input/datasets/sovitrath/diabetic-retinopathy-224x224-2019-data/colored_images/Mild/c9485c38fdd5.png,1,train
c94f37085d0f,/kaggle/input/datasets/sovitrath/diabetic-retinopathy-224x224-2019-data/colored_images/No_DR/c94f37085d0f.png,0,test
c96f743915b5,/kaggle/input/datasets/sovitrath/diabetic-retinopathy-224x224-2019-data/colored_images/Mild/c96f743915b5.png,1,val
c97472ef2c66,/kaggle/input/datasets/sovitrath/diabetic-retinopathy-224x224-2019-data/colored_images/No_DR/c97472ef2c66.png,0,train
c98f623d08d1,/kaggle/input/datasets/sovitrath/diabetic-retinopathy-224x224-2019-data/colored_images/No_DR/c98f623d08d1.png,0,train
c9c563864ab1,/kaggle/input/datasets/sovitrath/diabetic-retinopathy-224x224-2019-data/colored_images/No_DR/c9c563864ab1.png,0,train
c9d42d7534e0,/kaggle/input/datasets/sovitrath/diabetic-retinopathy-224x224-2019-data/colored_images/Moderate/c9d42d7534e0.png,2,train
c9e697117f3f,/kaggle/input/datasets/sovitrath/diabetic-retinopathy-224x224-2019-data/colored_images/No_DR/c9e697117f3f.png,0,train
c9ea9d5eab65,/kaggle/input/datasets/sovitrath/diabetic-retinopathy-224x224-2019-data/colored_images/Severe/c9ea9d5eab65.png,3,val
ca05f7e7801b,/kaggle/input/datasets/sovitrath/diabetic-retinopathy-224x224-2019-data/colored_images/No_DR/ca05f7e7801b.png,0,train
ca0f1a17c8e5,/kaggle/input/datasets/sovitrath/diabetic-retinopathy-224x224-2019-data/colored_images/Moderate/ca0f1a17c8e5.png,2,train
ca1036496659,/kaggle/input/datasets/sovitrath/diabetic-retinopathy-224x224-2019-data/colored_images/Mild/ca1036496659.png,1,train
ca2b54b95ade,/kaggle/input/datasets/sovitrath/diabetic-retinopathy-224x224-2019-data/colored_images/No_DR/ca2b54b95ade.png,0,val
ca30a97e9d13,/kaggle/input/datasets/sovitrath/diabetic-retinopathy-224x224-2019-data/colored_images/Mild/ca30a97e9d13.png,1,train
ca360bec5851,/kaggle/input/datasets/sovitrath/diabetic-retinopathy-224x224-2019-data/colored_images/Moderate/ca360bec5851.png,2,train
ca63fe4f4b52,/kaggle/input/datasets/sovitrath/diabetic-retinopathy-224x224-2019-data/colored_images/Mild/ca63fe4f4b52.png,1,train
ca7140ecf389,/kaggle/input/datasets/sovitrath/diabetic-retinopathy-224x224-2019-data/colored_images/Mild/ca7140ecf389.png,1,train
ca7570c5925c,/kaggle/input/datasets/sovitrath/diabetic-retinopathy-224x224-2019-data/colored_images/Moderate/ca7570c5925c.png,2,train
ca7f5caddf96,/kaggle/input/datasets/sovitrath/diabetic-retinopathy-224x224-2019-data/colored_images/Moderate/ca7f5caddf96.png,2,train
ca891d37a43c,/kaggle/input/datasets/sovitrath/diabetic-retinopathy-224x224-2019-data/colored_images/Moderate/ca891d37a43c.png,2,test
ca9c912ebad7,/kaggle/input/datasets/sovitrath/diabetic-retinopathy-224x224-2019-data/colored_images/Moderate/ca9c912ebad7.png,2,train
cab3dfa7962d,/kaggle/input/datasets/sovitrath/diabetic-retinopathy-224x224-2019-data/colored_images/Mild/cab3dfa7962d.png,1,train
cac80797770f,/kaggle/input/datasets/sovitrath/diabetic-retinopathy-224x224-2019-data/colored_images/Moderate/cac80797770f.png,2,val
cad5b1a82e60,/kaggle/input/datasets/sovitrath/diabetic-retinopathy-224x224-2019-data/colored_images/No_DR/cad5b1a82e60.png,0,train
cadde4030858,/kaggle/input/datasets/sovitrath/diabetic-retinopathy-224x224-2019-data/colored_images/No_DR/cadde4030858.png,0,test
cae33655ca00,/kaggle/input/datasets/sovitrath/diabetic-retinopathy-224x224-2019-data/colored_images/No_DR/cae33655ca00.png,0,test
cae51154e1ce,/kaggle/input/datasets/sovitrath/diabetic-retinopathy-224x224-2019-data/colored_images/Mild/cae51154e1ce.png,1,val
caec68f11c86,/kaggle/input/datasets/sovitrath/diabetic-retinopathy-224x224-2019-data/colored_images/Moderate/caec68f11c86.png,2,train
cb02bb47fdc5,/kaggle/input/datasets/sovitrath/diabetic-retinopathy-224x224-2019-data/colored_images/No_DR/cb02bb47fdc5.png,0,test
cb0cc98d7e35,/kaggle/input/datasets/sovitrath/diabetic-retinopathy-224x224-2019-data/colored_images/No_DR/cb0cc98d7e35.png,0,test
cb2201c226d6,/kaggle/input/datasets/sovitrath/diabetic-retinopathy-224x224-2019-data/colored_images/No_DR/cb2201c226d6.png,0,train
cb28adab4e8a,/kaggle/input/datasets/sovitrath/diabetic-retinopathy-224x224-2019-data/colored_images/No_DR/cb28adab4e8a.png,0,test
cb2f3c5d71a7,/kaggle/input/datasets/sovitrath/diabetic-retinopathy-224x224-2019-data/colored_images/Mild/cb2f3c5d71a7.png,1,train
cb39761f0712,/kaggle/input/datasets/sovitrath/diabetic-retinopathy-224x224-2019-data/colored_images/No_DR/cb39761f0712.png,0,train
cb547e723a16,/kaggle/input/datasets/sovitrath/diabetic-retinopathy-224x224-2019-data/colored_images/Proliferate_DR/cb547e723a16.png,4,train
cb602182cde3,/kaggle/input/datasets/sovitrath/diabetic-retinopathy-224x224-2019-data/colored_images/Moderate/cb602182cde3.png,2,train
cb68fce07789,/kaggle/input/datasets/sovitrath/diabetic-retinopathy-224x224-2019-data/colored_images/No_DR/cb68fce07789.png,0,train
cb75210abebe,/kaggle/input/datasets/sovitrath/diabetic-retinopathy-224x224-2019-data/colored_images/Moderate/cb75210abebe.png,2,train
cbc23af521f3,/kaggle/input/datasets/sovitrath/diabetic-retinopathy-224x224-2019-data/colored_images/No_DR/cbc23af521f3.png,0,train
cbc2e57447c2,/kaggle/input/datasets/sovitrath/diabetic-retinopathy-224x224-2019-data/colored_images/Moderate/cbc2e57447c2.png,2,train
cbd0870aa933,/kaggle/input/datasets/sovitrath/diabetic-retinopathy-224x224-2019-data/colored_images/Proliferate_DR/cbd0870aa933.png,4,val
cbe633765ea7,/kaggle/input/datasets/sovitrath/diabetic-retinopathy-224x224-2019-data/colored_images/No_DR/cbe633765ea7.png,0,val
cbf0394039f8,/kaggle/input/datasets/sovitrath/diabetic-retinopathy-224x224-2019-data/colored_images/Moderate/cbf0394039f8.png,2,train
cc1eebed9276,/kaggle/input/datasets/sovitrath/diabetic-retinopathy-224x224-2019-data/colored_images/Moderate/cc1eebed9276.png,2,train
cc3d2e961768,/kaggle/input/datasets/sovitrath/diabetic-retinopathy-224x224-2019-data/colored_images/Proliferate_DR/cc3d2e961768.png,4,val
cc671a73e1cb,/kaggle/input/datasets/sovitrath/diabetic-retinopathy-224x224-2019-data/colored_images/No_DR/cc671a73e1cb.png,0,train
cc839823755b,/kaggle/input/datasets/sovitrath/diabetic-retinopathy-224x224-2019-data/colored_images/Moderate/cc839823755b.png,2,train
cc9270f06b65,/kaggle/input/datasets/sovitrath/diabetic-retinopathy-224x224-2019-data/colored_images/Mild/cc9270f06b65.png,1,train
cc964bf04dbc,/kaggle/input/datasets/sovitrath/diabetic-retinopathy-224x224-2019-data/colored_images/No_DR/cc964bf04dbc.png,0,val
cca626a0e19a,/kaggle/input/datasets/sovitrath/diabetic-retinopathy-224x224-2019-data/colored_images/Moderate/cca626a0e19a.png,2,train
ccd34029493d,/kaggle/input/datasets/sovitrath/diabetic-retinopathy-224x224-2019-data/colored_images/Moderate/ccd34029493d.png,2,train
ccd6dcb2f568,/kaggle/input/datasets/sovitrath/diabetic-retinopathy-224x224-2019-data/colored_images/No_DR/ccd6dcb2f568.png,0,val
ccea49708830,/kaggle/input/datasets/sovitrath/diabetic-retinopathy-224x224-2019-data/colored_images/No_DR/ccea49708830.png,0,train
cd01672507c9,/kaggle/input/datasets/sovitrath/diabetic-retinopathy-224x224-2019-data/colored_images/No_DR/cd01672507c9.png,0,val
cd01f4f83336,/kaggle/input/datasets/sovitrath/diabetic-retinopathy-224x224-2019-data/colored_images/No_DR/cd01f4f83336.png,0,train
cd1c98ec48b1,/kaggle/input/datasets/sovitrath/diabetic-retinopathy-224x224-2019-data/colored_images/No_DR/cd1c98ec48b1.png,0,train
cd29c88c9e36,/kaggle/input/datasets/sovitrath/diabetic-retinopathy-224x224-2019-data/colored_images/Moderate/cd29c88c9e36.png,2,train
cd314653a4d8,/kaggle/input/datasets/sovitrath/diabetic-retinopathy-224x224-2019-data/colored_images/No_DR/cd314653a4d8.png,0,train
cd3fd04d72f5,/kaggle/input/datasets/sovitrath/diabetic-retinopathy-224x224-2019-data/colored_images/Moderate/cd3fd04d72f5.png,2,train
cd45bfa07d41,/kaggle/input/datasets/sovitrath/diabetic-retinopathy-224x224-2019-data/colored_images/Mild/cd45bfa07d41.png,1,train
cd48cfab4e44,/kaggle/input/datasets/sovitrath/diabetic-retinopathy-224x224-2019-data/colored_images/No_DR/cd48cfab4e44.png,0,test
cd54d022e37d,/kaggle/input/datasets/sovitrath/diabetic-retinopathy-224x224-2019-data/colored_images/Proliferate_DR/cd54d022e37d.png,4,train
cd563556cb57,/kaggle/input/datasets/sovitrath/diabetic-retinopathy-224x224-2019-data/colored_images/No_DR/cd563556cb57.png,0,val
cd5714db652d,/kaggle/input/datasets/sovitrath/diabetic-retinopathy-224x224-2019-data/colored_images/Mild/cd5714db652d.png,1,train
cd66754e1b3b,/kaggle/input/datasets/sovitrath/diabetic-retinopathy-224x224-2019-data/colored_images/No_DR/cd66754e1b3b.png,0,train
cd8da43e3069,/kaggle/input/datasets/sovitrath/diabetic-retinopathy-224x224-2019-data/colored_images/No_DR/cd8da43e3069.png,0,train
cd941e5bc659,/kaggle/input/datasets/sovitrath/diabetic-retinopathy-224x224-2019-data/colored_images/No_DR/cd941e5bc659.png,0,test
cd972e5639e0,/kaggle/input/datasets/sovitrath/diabetic-retinopathy-224x224-2019-data/colored_images/Proliferate_DR/cd972e5639e0.png,4,train
cd9e2190c73f,/kaggle/input/datasets/sovitrath/diabetic-retinopathy-224x224-2019-data/colored_images/Moderate/cd9e2190c73f.png,2,train
ce207b69ff37,/kaggle/input/datasets/sovitrath/diabetic-retinopathy-224x224-2019-data/colored_images/Severe/ce207b69ff37.png,3,train
ce6f33a81ad5,/kaggle/input/datasets/sovitrath/diabetic-retinopathy-224x224-2019-data/colored_images/No_DR/ce6f33a81ad5.png,0,train
ce754234d760,/kaggle/input/datasets/sovitrath/diabetic-retinopathy-224x224-2019-data/colored_images/No_DR/ce754234d760.png,0,train
ce887b196c23,/kaggle/input/datasets/sovitrath/diabetic-retinopathy-224x224-2019-data/colored_images/Moderate/ce887b196c23.png,2,train
ce8d2efd9d4f,/kaggle/input/datasets/sovitrath/diabetic-retinopathy-224x224-2019-data/colored_images/No_DR/ce8d2efd9d4f.png,0,train
ceaa5803d780,/kaggle/input/datasets/sovitrath/diabetic-retinopathy-224x224-2019-data/colored_images/Moderate/ceaa5803d780.png,2,train
ceb32a193eff,/kaggle/input/datasets/sovitrath/diabetic-retinopathy-224x224-2019-data/colored_images/No_DR/ceb32a193eff.png,0,test
ceb601fe8dba,/kaggle/input/datasets/sovitrath/diabetic-retinopathy-224x224-2019-data/colored_images/Moderate/ceb601fe8dba.png,2,test
cec299c2a2d5,/kaggle/input/datasets/sovitrath/diabetic-retinopathy-224x224-2019-data/colored_images/No_DR/cec299c2a2d5.png,0,val
cf0575534cec,/kaggle/input/datasets/sovitrath/diabetic-retinopathy-224x224-2019-data/colored_images/Mild/cf0575534cec.png,1,test
cf0824f53dd9,/kaggle/input/datasets/sovitrath/diabetic-retinopathy-224x224-2019-data/colored_images/Moderate/cf0824f53dd9.png,2,val
cf1b9d26d38d,/kaggle/input/datasets/sovitrath/diabetic-retinopathy-224x224-2019-data/colored_images/Proliferate_DR/cf1b9d26d38d.png,4,train
cf603a9ef2d5,/kaggle/input/datasets/sovitrath/diabetic-retinopathy-224x224-2019-data/colored_images/Mild/cf603a9ef2d5.png,1,train
cf6551521a35,/kaggle/input/datasets/sovitrath/diabetic-retinopathy-224x224-2019-data/colored_images/No_DR/cf6551521a35.png,0,train
cf8ae5501bd6,/kaggle/input/datasets/sovitrath/diabetic-retinopathy-224x224-2019-data/colored_images/No_DR/cf8ae5501bd6.png,0,test
cf8f1bc7a215,/kaggle/input/datasets/sovitrath/diabetic-retinopathy-224x224-2019-data/colored_images/No_DR/cf8f1bc7a215.png,0,train
cfb17a7cc8d4,/kaggle/input/datasets/sovitrath/diabetic-retinopathy-224x224-2019-data/colored_images/No_DR/cfb17a7cc8d4.png,0,test
cfd1bd0fcbb4,/kaggle/input/datasets/sovitrath/diabetic-retinopathy-224x224-2019-data/colored_images/Mild/cfd1bd0fcbb4.png,1,train
cfdbaef73a8b,/kaggle/input/datasets/sovitrath/diabetic-retinopathy-224x224-2019-data/colored_images/No_DR/cfdbaef73a8b.png,0,train
cfed7c1172ec,/kaggle/input/datasets/sovitrath/diabetic-retinopathy-224x224-2019-data/colored_images/No_DR/cfed7c1172ec.png,0,val
cff262ed8f4c,/kaggle/input/datasets/sovitrath/diabetic-retinopathy-224x224-2019-data/colored_images/No_DR/cff262ed8f4c.png,0,train
cffc50047828,/kaggle/input/datasets/sovitrath/diabetic-retinopathy-224x224-2019-data/colored_images/No_DR/cffc50047828.png,0,train
d02b79fc3200,/kaggle/input/datasets/sovitrath/diabetic-retinopathy-224x224-2019-data/colored_images/No_DR/d02b79fc3200.png,0,train
d06ccd0cf4b8,/kaggle/input/datasets/sovitrath/diabetic-retinopathy-224x224-2019-data/colored_images/Mild/d06ccd0cf4b8.png,1,train
d0926ed2c8e5,/kaggle/input/datasets/sovitrath/diabetic-retinopathy-224x224-2019-data/colored_images/No_DR/d0926ed2c8e5.png,0,train
d0b132d2c7ec,/kaggle/input/datasets/sovitrath/diabetic-retinopathy-224x224-2019-data/colored_images/Proliferate_DR/d0b132d2c7ec.png,4,train
d0d59ed675b5,/kaggle/input/datasets/sovitrath/diabetic-retinopathy-224x224-2019-data/colored_images/Mild/d0d59ed675b5.png,1,train
d0ffa0425ef1,/kaggle/input/datasets/sovitrath/diabetic-retinopathy-224x224-2019-data/colored_images/Severe/d0ffa0425ef1.png,3,test
d10d315f123f,/kaggle/input/datasets/sovitrath/diabetic-retinopathy-224x224-2019-data/colored_images/Moderate/d10d315f123f.png,2,train
d10ef306996b,/kaggle/input/datasets/sovitrath/diabetic-retinopathy-224x224-2019-data/colored_images/Proliferate_DR/d10ef306996b.png,4,val
d141728fa392,/kaggle/input/datasets/sovitrath/diabetic-retinopathy-224x224-2019-data/colored_images/Moderate/d141728fa392.png,2,train
d15ca3469b87,/kaggle/input/datasets/sovitrath/diabetic-retinopathy-224x224-2019-data/colored_images/Moderate/d15ca3469b87.png,2,train
d160ebef4117,/kaggle/input/datasets/sovitrath/diabetic-retinopathy-224x224-2019-data/colored_images/No_DR/d160ebef4117.png,0,train
d16398c971e9,/kaggle/input/datasets/sovitrath/diabetic-retinopathy-224x224-2019-data/colored_images/Severe/d16398c971e9.png,3,test
d16e39b9d6f0,/kaggle/input/datasets/sovitrath/diabetic-retinopathy-224x224-2019-data/colored_images/No_DR/d16e39b9d6f0.png,0,train
d16e59a2b33a,/kaggle/input/datasets/sovitrath/diabetic-retinopathy-224x224-2019-data/colored_images/No_DR/d16e59a2b33a.png,0,train
d18aea8238a0,/kaggle/input/datasets/sovitrath/diabetic-retinopathy-224x224-2019-data/colored_images/Moderate/d18aea8238a0.png,2,test
d18b1d8ac4de,/kaggle/input/datasets/sovitrath/diabetic-retinopathy-224x224-2019-data/colored_images/Moderate/d18b1d8ac4de.png,2,test
d18e5b68f6d2,/kaggle/input/datasets/sovitrath/diabetic-retinopathy-224x224-2019-data/colored_images/Moderate/d18e5b68f6d2.png,2,train
d18f6431ebce,/kaggle/input/datasets/sovitrath/diabetic-retinopathy-224x224-2019-data/colored_images/No_DR/d18f6431ebce.png,0,train
d1a24527a15d,/kaggle/input/datasets/sovitrath/diabetic-retinopathy-224x224-2019-data/colored_images/Proliferate_DR/d1a24527a15d.png,4,train
d1a60c3b9fe5,/kaggle/input/datasets/sovitrath/diabetic-retinopathy-224x224-2019-data/colored_images/No_DR/d1a60c3b9fe5.png,0,train
d1afdb8cf70d,/kaggle/input/datasets/sovitrath/diabetic-retinopathy-224x224-2019-data/colored_images/No_DR/d1afdb8cf70d.png,0,test
d1b279cc02ae,/kaggle/input/datasets/sovitrath/diabetic-retinopathy-224x224-2019-data/colored_images/No_DR/d1b279cc02ae.png,0,train
d1ca85af57c9,/kaggle/input/datasets/sovitrath/diabetic-retinopathy-224x224-2019-data/colored_images/No_DR/d1ca85af57c9.png,0,val
d1cf31577a59,/kaggle/input/datasets/sovitrath/diabetic-retinopathy-224x224-2019-data/colored_images/No_DR/d1cf31577a59.png,0,train
d1f1ea894da1,/kaggle/input/datasets/sovitrath/diabetic-retinopathy-224x224-2019-data/colored_images/Moderate/d1f1ea894da1.png,2,train
d1f7ea924a01,/kaggle/input/datasets/sovitrath/diabetic-retinopathy-224x224-2019-data/colored_images/No_DR/d1f7ea924a01.png,0,train
d1fa0f744620,/kaggle/input/datasets/sovitrath/diabetic-retinopathy-224x224-2019-data/colored_images/No_DR/d1fa0f744620.png,0,val
d1fb4efb117c,/kaggle/input/datasets/sovitrath/diabetic-retinopathy-224x224-2019-data/colored_images/Moderate/d1fb4efb117c.png,2,val
d25b8a8ad3c4,/kaggle/input/datasets/sovitrath/diabetic-retinopathy-224x224-2019-data/colored_images/Moderate/d25b8a8ad3c4.png,2,train
d264396d8d1a,/kaggle/input/datasets/sovitrath/diabetic-retinopathy-224x224-2019-data/colored_images/Moderate/d264396d8d1a.png,2,test
d26bb2ed6e71,/kaggle/input/datasets/sovitrath/diabetic-retinopathy-224x224-2019-data/colored_images/No_DR/d26bb2ed6e71.png,0,val
d26bc6e1230d,/kaggle/input/datasets/sovitrath/diabetic-retinopathy-224x224-2019-data/colored_images/No_DR/d26bc6e1230d.png,0,train
d271d3a2b552,/kaggle/input/datasets/sovitrath/diabetic-retinopathy-224x224-2019-data/colored_images/Proliferate_DR/d271d3a2b552.png,4,test
d27ac9e54901,/kaggle/input/datasets/sovitrath/diabetic-retinopathy-224x224-2019-data/colored_images/No_DR/d27ac9e54901.png,0,test
d28bd830c171,/kaggle/input/datasets/sovitrath/diabetic-retinopathy-224x224-2019-data/colored_images/Moderate/d28bd830c171.png,2,train
d2901144070c,/kaggle/input/datasets/sovitrath/diabetic-retinopathy-224x224-2019-data/colored_images/Proliferate_DR/d2901144070c.png,4,train
d29096bd94aa,/kaggle/input/datasets/sovitrath/diabetic-retinopathy-224x224-2019-data/colored_images/Moderate/d29096bd94aa.png,2,test
d29b37d110f3,/kaggle/input/datasets/sovitrath/diabetic-retinopathy-224x224-2019-data/colored_images/No_DR/d29b37d110f3.png,0,train
d2afca74cbc3,/kaggle/input/datasets/sovitrath/diabetic-retinopathy-224x224-2019-data/colored_images/No_DR/d2afca74cbc3.png,0,train
d2c2f02bb313,/kaggle/input/datasets/sovitrath/diabetic-retinopathy-224x224-2019-data/colored_images/Proliferate_DR/d2c2f02bb313.png,4,train
d2c5fb82fe5f,/kaggle/input/datasets/sovitrath/diabetic-retinopathy-224x224-2019-data/colored_images/No_DR/d2c5fb82fe5f.png,0,test
d2c6b99ef62c,/kaggle/input/datasets/sovitrath/diabetic-retinopathy-224x224-2019-data/colored_images/Moderate/d2c6b99ef62c.png,2,train
d2cd47ed2c1d,/kaggle/input/datasets/sovitrath/diabetic-retinopathy-224x224-2019-data/colored_images/No_DR/d2cd47ed2c1d.png,0,train
d2d523e9f669,/kaggle/input/datasets/sovitrath/diabetic-retinopathy-224x224-2019-data/colored_images/No_DR/d2d523e9f669.png,0,val
d2dc86021c67,/kaggle/input/datasets/sovitrath/diabetic-retinopathy-224x224-2019-data/colored_images/No_DR/d2dc86021c67.png,0,train
d2fb715b0c41,/kaggle/input/datasets/sovitrath/diabetic-retinopathy-224x224-2019-data/colored_images/No_DR/d2fb715b0c41.png,0,train
d2ffe9287dc7,/kaggle/input/datasets/sovitrath/diabetic-retinopathy-224x224-2019-data/colored_images/Severe/d2ffe9287dc7.png,3,val
d30d079e6f9a,/kaggle/input/datasets/sovitrath/diabetic-retinopathy-224x224-2019-data/colored_images/No_DR/d30d079e6f9a.png,0,train
d332d7b8a26e,/kaggle/input/datasets/sovitrath/diabetic-retinopathy-224x224-2019-data/colored_images/No_DR/d332d7b8a26e.png,0,train
d364423ec6f9,/kaggle/input/datasets/sovitrath/diabetic-retinopathy-224x224-2019-data/colored_images/Moderate/d364423ec6f9.png,2,train
d38cf0f4a9af,/kaggle/input/datasets/sovitrath/diabetic-retinopathy-224x224-2019-data/colored_images/No_DR/d38cf0f4a9af.png,0,val
d39752cb6e57,/kaggle/input/datasets/sovitrath/diabetic-retinopathy-224x224-2019-data/colored_images/No_DR/d39752cb6e57.png,0,train
d3be5346684b,/kaggle/input/datasets/sovitrath/diabetic-retinopathy-224x224-2019-data/colored_images/Moderate/d3be5346684b.png,2,train
d3d578fe433f,/kaggle/input/datasets/sovitrath/diabetic-retinopathy-224x224-2019-data/colored_images/Moderate/d3d578fe433f.png,2,train
d3de0d313d61,/kaggle/input/datasets/sovitrath/diabetic-retinopathy-224x224-2019-data/colored_images/Mild/d3de0d313d61.png,1,train
d3dfd0a2dee6,/kaggle/input/datasets/sovitrath/diabetic-retinopathy-224x224-2019-data/colored_images/No_DR/d3dfd0a2dee6.png,0,train
d3e56584a481,/kaggle/input/datasets/sovitrath/diabetic-retinopathy-224x224-2019-data/colored_images/No_DR/d3e56584a481.png,0,train
d3e884109b45,/kaggle/input/datasets/sovitrath/diabetic-retinopathy-224x224-2019-data/colored_images/Severe/d3e884109b45.png,3,test
d41b33fcb94f,/kaggle/input/datasets/sovitrath/diabetic-retinopathy-224x224-2019-data/colored_images/Moderate/d41b33fcb94f.png,2,val
d436c06f0490,/kaggle/input/datasets/sovitrath/diabetic-retinopathy-224x224-2019-data/colored_images/No_DR/d436c06f0490.png,0,train
d4583e9525dc,/kaggle/input/datasets/sovitrath/diabetic-retinopathy-224x224-2019-data/colored_images/No_DR/d4583e9525dc.png,0,train
d473f6fafba0,/kaggle/input/datasets/sovitrath/diabetic-retinopathy-224x224-2019-data/colored_images/Moderate/d473f6fafba0.png,2,train
d48178e4a49b,/kaggle/input/datasets/sovitrath/diabetic-retinopathy-224x224-2019-data/colored_images/Proliferate_DR/d48178e4a49b.png,4,train
d4bc001f7224,/kaggle/input/datasets/sovitrath/diabetic-retinopathy-224x224-2019-data/colored_images/No_DR/d4bc001f7224.png,0,train
d4be0403e6ab,/kaggle/input/datasets/sovitrath/diabetic-retinopathy-224x224-2019-data/colored_images/Moderate/d4be0403e6ab.png,2,train
d4f32b9c07df,/kaggle/input/datasets/sovitrath/diabetic-retinopathy-224x224-2019-data/colored_images/Mild/d4f32b9c07df.png,1,train
d516f77d4516,/kaggle/input/datasets/sovitrath/diabetic-retinopathy-224x224-2019-data/colored_images/No_DR/d516f77d4516.png,0,train
d51b3fe0fa1b,/kaggle/input/datasets/sovitrath/diabetic-retinopathy-224x224-2019-data/colored_images/Proliferate_DR/d51b3fe0fa1b.png,4,train
d51e5d7484ea,/kaggle/input/datasets/sovitrath/diabetic-retinopathy-224x224-2019-data/colored_images/No_DR/d51e5d7484ea.png,0,train
d56d32a1d62d,/kaggle/input/datasets/sovitrath/diabetic-retinopathy-224x224-2019-data/colored_images/No_DR/d56d32a1d62d.png,0,test
d57d1be1bbd1,/kaggle/input/datasets/sovitrath/diabetic-retinopathy-224x224-2019-data/colored_images/No_DR/d57d1be1bbd1.png,0,test
d5a39339ff3d,/kaggle/input/datasets/sovitrath/diabetic-retinopathy-224x224-2019-data/colored_images/Moderate/d5a39339ff3d.png,2,train
d5ad3362424c,/kaggle/input/datasets/sovitrath/diabetic-retinopathy-224x224-2019-data/colored_images/No_DR/d5ad3362424c.png,0,train
d5b4705ac2ee,/kaggle/input/datasets/sovitrath/diabetic-retinopathy-224x224-2019-data/colored_images/Mild/d5b4705ac2ee.png,1,train
d5c63a8d9e94,/kaggle/input/datasets/sovitrath/diabetic-retinopathy-224x224-2019-data/colored_images/No_DR/d5c63a8d9e94.png,0,train
d6130f2ec903,/kaggle/input/datasets/sovitrath/diabetic-retinopathy-224x224-2019-data/colored_images/No_DR/d6130f2ec903.png,0,test
d6228d951958,/kaggle/input/datasets/sovitrath/diabetic-retinopathy-224x224-2019-data/colored_images/Moderate/d6228d951958.png,2,train
d6283ded6aea,/kaggle/input/datasets/sovitrath/diabetic-retinopathy-224x224-2019-data/colored_images/Moderate/d6283ded6aea.png,2,train
d659d7fd5ccf,/kaggle/input/datasets/sovitrath/diabetic-retinopathy-224x224-2019-data/colored_images/Proliferate_DR/d659d7fd5ccf.png,4,train
d667af5742f6,/kaggle/input/datasets/sovitrath/diabetic-retinopathy-224x224-2019-data/colored_images/No_DR/d667af5742f6.png,0,val
d66b6f333dc7,/kaggle/input/datasets/sovitrath/diabetic-retinopathy-224x224-2019-data/colored_images/Mild/d66b6f333dc7.png,1,train
d66ccb75ada1,/kaggle/input/datasets/sovitrath/diabetic-retinopathy-224x224-2019-data/colored_images/Mild/d66ccb75ada1.png,1,test
d67374d3fa2a,/kaggle/input/datasets/sovitrath/diabetic-retinopathy-224x224-2019-data/colored_images/Moderate/d67374d3fa2a.png,2,train
d6803e467592,/kaggle/input/datasets/sovitrath/diabetic-retinopathy-224x224-2019-data/colored_images/No_DR/d6803e467592.png,0,test
d69698f838db,/kaggle/input/datasets/sovitrath/diabetic-retinopathy-224x224-2019-data/colored_images/No_DR/d69698f838db.png,0,test
d6b109c82067,/kaggle/input/datasets/sovitrath/diabetic-retinopathy-224x224-2019-data/colored_images/No_DR/d6b109c82067.png,0,val
d6dbb0820ea5,/kaggle/input/datasets/sovitrath/diabetic-retinopathy-224x224-2019-data/colored_images/No_DR/d6dbb0820ea5.png,0,train
d6df4fe492ec,/kaggle/input/datasets/sovitrath/diabetic-retinopathy-224x224-2019-data/colored_images/No_DR/d6df4fe492ec.png,0,train
d6e26fe51dce,/kaggle/input/datasets/sovitrath/diabetic-retinopathy-224x224-2019-data/colored_images/Mild/d6e26fe51dce.png,1,train
d6f36ec5564a,/kaggle/input/datasets/sovitrath/diabetic-retinopathy-224x224-2019-data/colored_images/No_DR/d6f36ec5564a.png,0,train
d6f6bdfd8011,/kaggle/input/datasets/sovitrath/diabetic-retinopathy-224x224-2019-data/colored_images/No_DR/d6f6bdfd8011.png,0,train
d7078e8b0349,/kaggle/input/datasets/sovitrath/diabetic-retinopathy-224x224-2019-data/colored_images/No_DR/d7078e8b0349.png,0,train
d74ccc796517,/kaggle/input/datasets/sovitrath/diabetic-retinopathy-224x224-2019-data/colored_images/No_DR/d74ccc796517.png,0,train
d774692d9919,/kaggle/input/datasets/sovitrath/diabetic-retinopathy-224x224-2019-data/colored_images/No_DR/d774692d9919.png,0,train
d78b7401096f,/kaggle/input/datasets/sovitrath/diabetic-retinopathy-224x224-2019-data/colored_images/No_DR/d78b7401096f.png,0,train
d7a01fca9838,/kaggle/input/datasets/sovitrath/diabetic-retinopathy-224x224-2019-data/colored_images/No_DR/d7a01fca9838.png,0,test
d7ab5c040294,/kaggle/input/datasets/sovitrath/diabetic-retinopathy-224x224-2019-data/colored_images/No_DR/d7ab5c040294.png,0,test
d7ac4a0c9760,/kaggle/input/datasets/sovitrath/diabetic-retinopathy-224x224-2019-data/colored_images/No_DR/d7ac4a0c9760.png,0,train
d7bc00091cfc,/kaggle/input/datasets/sovitrath/diabetic-retinopathy-224x224-2019-data/colored_images/No_DR/d7bc00091cfc.png,0,val
d7bc62d60e8c,/kaggle/input/datasets/sovitrath/diabetic-retinopathy-224x224-2019-data/colored_images/No_DR/d7bc62d60e8c.png,0,test
d7e5fe5245e0,/kaggle/input/datasets/sovitrath/diabetic-retinopathy-224x224-2019-data/colored_images/No_DR/d7e5fe5245e0.png,0,test
d803598dabda,/kaggle/input/datasets/sovitrath/diabetic-retinopathy-224x224-2019-data/colored_images/Proliferate_DR/d803598dabda.png,4,train
d807c53c1399,/kaggle/input/datasets/sovitrath/diabetic-retinopathy-224x224-2019-data/colored_images/No_DR/d807c53c1399.png,0,val
d81338217fc5,/kaggle/input/datasets/sovitrath/diabetic-retinopathy-224x224-2019-data/colored_images/Moderate/d81338217fc5.png,2,train
d838d5b9f571,/kaggle/input/datasets/sovitrath/diabetic-retinopathy-224x224-2019-data/colored_images/No_DR/d838d5b9f571.png,0,train
d83c3efade75,/kaggle/input/datasets/sovitrath/diabetic-retinopathy-224x224-2019-data/colored_images/Moderate/d83c3efade75.png,2,train
d83d0695e215,/kaggle/input/datasets/sovitrath/diabetic-retinopathy-224x224-2019-data/colored_images/Moderate/d83d0695e215.png,2,train
d8404680bba6,/kaggle/input/datasets/sovitrath/diabetic-retinopathy-224x224-2019-data/colored_images/Moderate/d8404680bba6.png,2,train
d844a7252f4e,/kaggle/input/datasets/sovitrath/diabetic-retinopathy-224x224-2019-data/colored_images/No_DR/d844a7252f4e.png,0,val
d85588ff2ebd,/kaggle/input/datasets/sovitrath/diabetic-retinopathy-224x224-2019-data/colored_images/Mild/d85588ff2ebd.png,1,train
d85a842d20bd,/kaggle/input/datasets/sovitrath/diabetic-retinopathy-224x224-2019-data/colored_images/Moderate/d85a842d20bd.png,2,val
d85d052900b4,/kaggle/input/datasets/sovitrath/diabetic-retinopathy-224x224-2019-data/colored_images/Mild/d85d052900b4.png,1,train
d865997a6280,/kaggle/input/datasets/sovitrath/diabetic-retinopathy-224x224-2019-data/colored_images/No_DR/d865997a6280.png,0,val
d866c26d76f0,/kaggle/input/datasets/sovitrath/diabetic-retinopathy-224x224-2019-data/colored_images/No_DR/d866c26d76f0.png,0,val
d868acdccb5b,/kaggle/input/datasets/sovitrath/diabetic-retinopathy-224x224-2019-data/colored_images/Severe/d868acdccb5b.png,3,train
d871895742b1,/kaggle/input/datasets/sovitrath/diabetic-retinopathy-224x224-2019-data/colored_images/No_DR/d871895742b1.png,0,val
d881c04f01fe,/kaggle/input/datasets/sovitrath/diabetic-retinopathy-224x224-2019-data/colored_images/No_DR/d881c04f01fe.png,0,train
d88806d9ece9,/kaggle/input/datasets/sovitrath/diabetic-retinopathy-224x224-2019-data/colored_images/Moderate/d88806d9ece9.png,2,train
d88c4843aec3,/kaggle/input/datasets/sovitrath/diabetic-retinopathy-224x224-2019-data/colored_images/No_DR/d88c4843aec3.png,0,test
d8cdb7d7283a,/kaggle/input/datasets/sovitrath/diabetic-retinopathy-224x224-2019-data/colored_images/Moderate/d8cdb7d7283a.png,2,train
d8da9de62743,/kaggle/input/datasets/sovitrath/diabetic-retinopathy-224x224-2019-data/colored_images/No_DR/d8da9de62743.png,0,train
d911dd40c63b,/kaggle/input/datasets/sovitrath/diabetic-retinopathy-224x224-2019-data/colored_images/No_DR/d911dd40c63b.png,0,train
d91273efb92a,/kaggle/input/datasets/sovitrath/diabetic-retinopathy-224x224-2019-data/colored_images/Moderate/d91273efb92a.png,2,train
d91635f380b4,/kaggle/input/datasets/sovitrath/diabetic-retinopathy-224x224-2019-data/colored_images/No_DR/d91635f380b4.png,0,train
d9311f7497cb,/kaggle/input/datasets/sovitrath/diabetic-retinopathy-224x224-2019-data/colored_images/Moderate/d9311f7497cb.png,2,test
d93b61dc8f64,/kaggle/input/datasets/sovitrath/diabetic-retinopathy-224x224-2019-data/colored_images/No_DR/d93b61dc8f64.png,0,train
d94e10f42861,/kaggle/input/datasets/sovitrath/diabetic-retinopathy-224x224-2019-data/colored_images/Moderate/d94e10f42861.png,2,train
d952dbfb0fe4,/kaggle/input/datasets/sovitrath/diabetic-retinopathy-224x224-2019-data/colored_images/Moderate/d952dbfb0fe4.png,2,test
d95959798b57,/kaggle/input/datasets/sovitrath/diabetic-retinopathy-224x224-2019-data/colored_images/Moderate/d95959798b57.png,2,val
d968a983d4d2,/kaggle/input/datasets/sovitrath/diabetic-retinopathy-224x224-2019-data/colored_images/Moderate/d968a983d4d2.png,2,train
d97911a32918,/kaggle/input/datasets/sovitrath/diabetic-retinopathy-224x224-2019-data/colored_images/No_DR/d97911a32918.png,0,test
d990a3f0cbdb,/kaggle/input/datasets/sovitrath/diabetic-retinopathy-224x224-2019-data/colored_images/Moderate/d990a3f0cbdb.png,2,train
d99b0f7dd9b9,/kaggle/input/datasets/sovitrath/diabetic-retinopathy-224x224-2019-data/colored_images/No_DR/d99b0f7dd9b9.png,0,train
d99dd99be001,/kaggle/input/datasets/sovitrath/diabetic-retinopathy-224x224-2019-data/colored_images/No_DR/d99dd99be001.png,0,test
d9a475dfe59a,/kaggle/input/datasets/sovitrath/diabetic-retinopathy-224x224-2019-data/colored_images/Moderate/d9a475dfe59a.png,2,train
d9ad2a0ec026,/kaggle/input/datasets/sovitrath/diabetic-retinopathy-224x224-2019-data/colored_images/No_DR/d9ad2a0ec026.png,0,train
d9ba044671e1,/kaggle/input/datasets/sovitrath/diabetic-retinopathy-224x224-2019-data/colored_images/Proliferate_DR/d9ba044671e1.png,4,train
d9bbdc33db83,/kaggle/input/datasets/sovitrath/diabetic-retinopathy-224x224-2019-data/colored_images/Moderate/d9bbdc33db83.png,2,train
d9c9b9786da3,/kaggle/input/datasets/sovitrath/diabetic-retinopathy-224x224-2019-data/colored_images/No_DR/d9c9b9786da3.png,0,val
d9d2631f043c,/kaggle/input/datasets/sovitrath/diabetic-retinopathy-224x224-2019-data/colored_images/No_DR/d9d2631f043c.png,0,train
d9e58e4d8689,/kaggle/input/datasets/sovitrath/diabetic-retinopathy-224x224-2019-data/colored_images/No_DR/d9e58e4d8689.png,0,train
da0a83f074f3,/kaggle/input/datasets/sovitrath/diabetic-retinopathy-224x224-2019-data/colored_images/No_DR/da0a83f074f3.png,0,test
da1fb35f5df9,/kaggle/input/datasets/sovitrath/diabetic-retinopathy-224x224-2019-data/colored_images/Mild/da1fb35f5df9.png,1,train
da2bdf4236ac,/kaggle/input/datasets/sovitrath/diabetic-retinopathy-224x224-2019-data/colored_images/No_DR/da2bdf4236ac.png,0,train
da3a2275c850,/kaggle/input/datasets/sovitrath/diabetic-retinopathy-224x224-2019-data/colored_images/No_DR/da3a2275c850.png,0,test
da44f80b422b,/kaggle/input/datasets/sovitrath/diabetic-retinopathy-224x224-2019-data/colored_images/Moderate/da44f80b422b.png,2,train
da6389d129aa,/kaggle/input/datasets/sovitrath/diabetic-retinopathy-224x224-2019-data/colored_images/No_DR/da6389d129aa.png,0,val
da6bbb76d562,/kaggle/input/datasets/sovitrath/diabetic-retinopathy-224x224-2019-data/colored_images/No_DR/da6bbb76d562.png,0,val
da8900ac7f29,/kaggle/input/datasets/sovitrath/diabetic-retinopathy-224x224-2019-data/colored_images/Moderate/da8900ac7f29.png,2,val
da9262d9f5d9,/kaggle/input/datasets/sovitrath/diabetic-retinopathy-224x224-2019-data/colored_images/No_DR/da9262d9f5d9.png,0,train
da949aa67a4f,/kaggle/input/datasets/sovitrath/diabetic-retinopathy-224x224-2019-data/colored_images/No_DR/da949aa67a4f.png,0,val
da9574d35b82,/kaggle/input/datasets/sovitrath/diabetic-retinopathy-224x224-2019-data/colored_images/No_DR/da9574d35b82.png,0,train
da9fe02dead3,/kaggle/input/datasets/sovitrath/diabetic-retinopathy-224x224-2019-data/colored_images/No_DR/da9fe02dead3.png,0,test
daad7b617f21,/kaggle/input/datasets/sovitrath/diabetic-retinopathy-224x224-2019-data/colored_images/No_DR/daad7b617f21.png,0,test
dad71ba27a9b,/kaggle/input/datasets/sovitrath/diabetic-retinopathy-224x224-2019-data/colored_images/Proliferate_DR/dad71ba27a9b.png,4,train
daeaa5d8cf70,/kaggle/input/datasets/sovitrath/diabetic-retinopathy-224x224-2019-data/colored_images/Moderate/daeaa5d8cf70.png,2,val
daff5427c9b2,/kaggle/input/datasets/sovitrath/diabetic-retinopathy-224x224-2019-data/colored_images/No_DR/daff5427c9b2.png,0,train
db3cd58aa315,/kaggle/input/datasets/sovitrath/diabetic-retinopathy-224x224-2019-data/colored_images/No_DR/db3cd58aa315.png,0,train
db49cdf1ea64,/kaggle/input/datasets/sovitrath/diabetic-retinopathy-224x224-2019-data/colored_images/Moderate/db49cdf1ea64.png,2,train
db4ed1e07aa3,/kaggle/input/datasets/sovitrath/diabetic-retinopathy-224x224-2019-data/colored_images/Mild/db4ed1e07aa3.png,1,train
db52626d450c,/kaggle/input/datasets/sovitrath/diabetic-retinopathy-224x224-2019-data/colored_images/No_DR/db52626d450c.png,0,train
db6207e62c7b,/kaggle/input/datasets/sovitrath/diabetic-retinopathy-224x224-2019-data/colored_images/No_DR/db6207e62c7b.png,0,test
db690e2d02f8,/kaggle/input/datasets/sovitrath/diabetic-retinopathy-224x224-2019-data/colored_images/Mild/db690e2d02f8.png,1,train
dbb2c63f6f08,/kaggle/input/datasets/sovitrath/diabetic-retinopathy-224x224-2019-data/colored_images/Severe/dbb2c63f6f08.png,3,train
dbd062558b81,/kaggle/input/datasets/sovitrath/diabetic-retinopathy-224x224-2019-data/colored_images/Mild/dbd062558b81.png,1,test
dbee04ae6426,/kaggle/input/datasets/sovitrath/diabetic-retinopathy-224x224-2019-data/colored_images/Moderate/dbee04ae6426.png,2,val
dbfd238b3468,/kaggle/input/datasets/sovitrath/diabetic-retinopathy-224x224-2019-data/colored_images/Severe/dbfd238b3468.png,3,train
dc0eea0b68a7,/kaggle/input/datasets/sovitrath/diabetic-retinopathy-224x224-2019-data/colored_images/No_DR/dc0eea0b68a7.png,0,test
dc0f6e5b489b,/kaggle/input/datasets/sovitrath/diabetic-retinopathy-224x224-2019-data/colored_images/No_DR/dc0f6e5b489b.png,0,train
dc6fa1b38b83,/kaggle/input/datasets/sovitrath/diabetic-retinopathy-224x224-2019-data/colored_images/Moderate/dc6fa1b38b83.png,2,train
dcc6c0ad5cad,/kaggle/input/datasets/sovitrath/diabetic-retinopathy-224x224-2019-data/colored_images/No_DR/dcc6c0ad5cad.png,0,train
dccdf750c962,/kaggle/input/datasets/sovitrath/diabetic-retinopathy-224x224-2019-data/colored_images/No_DR/dccdf750c962.png,0,train
dce73d90c00c,/kaggle/input/datasets/sovitrath/diabetic-retinopathy-224x224-2019-data/colored_images/No_DR/dce73d90c00c.png,0,train
dcf109df1a2b,/kaggle/input/datasets/sovitrath/diabetic-retinopathy-224x224-2019-data/colored_images/No_DR/dcf109df1a2b.png,0,train
dd02d60bef14,/kaggle/input/datasets/sovitrath/diabetic-retinopathy-224x224-2019-data/colored_images/No_DR/dd02d60bef14.png,0,train
dd110d2b8c21,/kaggle/input/datasets/sovitrath/diabetic-retinopathy-224x224-2019-data/colored_images/Moderate/dd110d2b8c21.png,2,train
dd19428c3d29,/kaggle/input/datasets/sovitrath/diabetic-retinopathy-224x224-2019-data/colored_images/Mild/dd19428c3d29.png,1,test
dd285d9e97fe,/kaggle/input/datasets/sovitrath/diabetic-retinopathy-224x224-2019-data/colored_images/No_DR/dd285d9e97fe.png,0,val
dd3176bacfe2,/kaggle/input/datasets/sovitrath/diabetic-retinopathy-224x224-2019-data/colored_images/No_DR/dd3176bacfe2.png,0,train
dd3dad6ca78f,/kaggle/input/datasets/sovitrath/diabetic-retinopathy-224x224-2019-data/colored_images/Severe/dd3dad6ca78f.png,3,train
dd90c321d7bc,/kaggle/input/datasets/sovitrath/diabetic-retinopathy-224x224-2019-data/colored_images/No_DR/dd90c321d7bc.png,0,train
ddb222ff7c1d,/kaggle/input/datasets/sovitrath/diabetic-retinopathy-224x224-2019-data/colored_images/No_DR/ddb222ff7c1d.png,0,train
dde43aa22ae6,/kaggle/input/datasets/sovitrath/diabetic-retinopathy-224x224-2019-data/colored_images/Moderate/dde43aa22ae6.png,2,train
de16416220de,/kaggle/input/datasets/sovitrath/diabetic-retinopathy-224x224-2019-data/colored_images/Proliferate_DR/de16416220de.png,4,train
de18071c36e6,/kaggle/input/datasets/sovitrath/diabetic-retinopathy-224x224-2019-data/colored_images/No_DR/de18071c36e6.png,0,train
de2eb5c8aa83,/kaggle/input/datasets/sovitrath/diabetic-retinopathy-224x224-2019-data/colored_images/No_DR/de2eb5c8aa83.png,0,train
de38adaae009,/kaggle/input/datasets/sovitrath/diabetic-retinopathy-224x224-2019-data/colored_images/No_DR/de38adaae009.png,0,train
de4cdabbce6d,/kaggle/input/datasets/sovitrath/diabetic-retinopathy-224x224-2019-data/colored_images/No_DR/de4cdabbce6d.png,0,train
de50dfa745f8,/kaggle/input/datasets/sovitrath/diabetic-retinopathy-224x224-2019-data/colored_images/Moderate/de50dfa745f8.png,2,val
de55ed25e0e8,/kaggle/input/datasets/sovitrath/diabetic-retinopathy-224x224-2019-data/colored_images/No_DR/de55ed25e0e8.png,0,train
de57c9e9fa93,/kaggle/input/datasets/sovitrath/diabetic-retinopathy-224x224-2019-data/colored_images/No_DR/de57c9e9fa93.png,0,train
de6210f88536,/kaggle/input/datasets/sovitrath/diabetic-retinopathy-224x224-2019-data/colored_images/No_DR/de6210f88536.png,0,train
de730033c683,/kaggle/input/datasets/sovitrath/diabetic-retinopathy-224x224-2019-data/colored_images/No_DR/de730033c683.png,0,val
de778495a1cd,/kaggle/input/datasets/sovitrath/diabetic-retinopathy-224x224-2019-data/colored_images/Moderate/de778495a1cd.png,2,train
dea7538bb91a,/kaggle/input/datasets/sovitrath/diabetic-retinopathy-224x224-2019-data/colored_images/No_DR/dea7538bb91a.png,0,train
dec5595e6154,/kaggle/input/datasets/sovitrath/diabetic-retinopathy-224x224-2019-data/colored_images/No_DR/dec5595e6154.png,0,train
dee1031a76ae,/kaggle/input/datasets/sovitrath/diabetic-retinopathy-224x224-2019-data/colored_images/No_DR/dee1031a76ae.png,0,train
dee31065f8fe,/kaggle/input/datasets/sovitrath/diabetic-retinopathy-224x224-2019-data/colored_images/No_DR/dee31065f8fe.png,0,train
dee687c6e88a,/kaggle/input/datasets/sovitrath/diabetic-retinopathy-224x224-2019-data/colored_images/Moderate/dee687c6e88a.png,2,train
df0886f1e76b,/kaggle/input/datasets/sovitrath/diabetic-retinopathy-224x224-2019-data/colored_images/No_DR/df0886f1e76b.png,0,train
df3adfd6ba36,/kaggle/input/datasets/sovitrath/diabetic-retinopathy-224x224-2019-data/colored_images/Moderate/df3adfd6ba36.png,2,test
df4aec4a0eaf,/kaggle/input/datasets/sovitrath/diabetic-retinopathy-224x224-2019-data/colored_images/Proliferate_DR/df4aec4a0eaf.png,4,train
df5ce3ea7820,/kaggle/input/datasets/sovitrath/diabetic-retinopathy-224x224-2019-data/colored_images/Moderate/df5ce3ea7820.png,2,val
df6d13d04da1,/kaggle/input/datasets/sovitrath/diabetic-retinopathy-224x224-2019-data/colored_images/No_DR/df6d13d04da1.png,0,val
df8365d6ac33,/kaggle/input/datasets/sovitrath/diabetic-retinopathy-224x224-2019-data/colored_images/Moderate/df8365d6ac33.png,2,test
df841a0440d8,/kaggle/input/datasets/sovitrath/diabetic-retinopathy-224x224-2019-data/colored_images/Moderate/df841a0440d8.png,2,val
df84e7113003,/kaggle/input/datasets/sovitrath/diabetic-retinopathy-224x224-2019-data/colored_images/Proliferate_DR/df84e7113003.png,4,train
df9cb3729eb1,/kaggle/input/datasets/sovitrath/diabetic-retinopathy-224x224-2019-data/colored_images/No_DR/df9cb3729eb1.png,0,train
dfc7ec7db0e0,/kaggle/input/datasets/sovitrath/diabetic-retinopathy-224x224-2019-data/colored_images/No_DR/dfc7ec7db0e0.png,0,train
dfea19863428,/kaggle/input/datasets/sovitrath/diabetic-retinopathy-224x224-2019-data/colored_images/No_DR/dfea19863428.png,0,val
e019b3e0f33d,/kaggle/input/datasets/sovitrath/diabetic-retinopathy-224x224-2019-data/colored_images/Proliferate_DR/e019b3e0f33d.png,4,val
e01b7bac822b,/kaggle/input/datasets/sovitrath/diabetic-retinopathy-224x224-2019-data/colored_images/No_DR/e01b7bac822b.png,0,train
e0313be77035,/kaggle/input/datasets/sovitrath/diabetic-retinopathy-224x224-2019-data/colored_images/No_DR/e0313be77035.png,0,val
e03a74e7d74f,/kaggle/input/datasets/sovitrath/diabetic-retinopathy-224x224-2019-data/colored_images/No_DR/e03a74e7d74f.png,0,train
e03e70bc8bba,/kaggle/input/datasets/sovitrath/diabetic-retinopathy-224x224-2019-data/colored_images/Moderate/e03e70bc8bba.png,2,train
e04f3c6619a3,/kaggle/input/datasets/sovitrath/diabetic-retinopathy-224x224-2019-data/colored_images/No_DR/e04f3c6619a3.png,0,train
e067b06fd655,/kaggle/input/datasets/sovitrath/diabetic-retinopathy-224x224-2019-data/colored_images/No_DR/e067b06fd655.png,0,train
e06cccc08c59,/kaggle/input/datasets/sovitrath/diabetic-retinopathy-224x224-2019-data/colored_images/No_DR/e06cccc08c59.png,0,train
e06d3d4733f0,/kaggle/input/datasets/sovitrath/diabetic-retinopathy-224x224-2019-data/colored_images/Moderate/e06d3d4733f0.png,2,train
e07045d7c5f7,/kaggle/input/datasets/sovitrath/diabetic-retinopathy-224x224-2019-data/colored_images/Mild/e07045d7c5f7.png,1,train
e0863b353093,/kaggle/input/datasets/sovitrath/diabetic-retinopathy-224x224-2019-data/colored_images/Moderate/e0863b353093.png,2,train
e087bd4b88f2,/kaggle/input/datasets/sovitrath/diabetic-retinopathy-224x224-2019-data/colored_images/No_DR/e087bd4b88f2.png,0,train
e0b5a982a018,/kaggle/input/datasets/sovitrath/diabetic-retinopathy-224x224-2019-data/colored_images/Severe/e0b5a982a018.png,3,train
e0d229db881a,/kaggle/input/datasets/sovitrath/diabetic-retinopathy-224x224-2019-data/colored_images/No_DR/e0d229db881a.png,0,train
e10190a9d52f,/kaggle/input/datasets/sovitrath/diabetic-retinopathy-224x224-2019-data/colored_images/Moderate/e10190a9d52f.png,2,train
e12b67835e03,/kaggle/input/datasets/sovitrath/diabetic-retinopathy-224x224-2019-data/colored_images/Moderate/e12b67835e03.png,2,val
e12df54e0d1e,/kaggle/input/datasets/sovitrath/diabetic-retinopathy-224x224-2019-data/colored_images/No_DR/e12df54e0d1e.png,0,test
e12f9f19d1be,/kaggle/input/datasets/sovitrath/diabetic-retinopathy-224x224-2019-data/colored_images/No_DR/e12f9f19d1be.png,0,train
e13412678eff,/kaggle/input/datasets/sovitrath/diabetic-retinopathy-224x224-2019-data/colored_images/Severe/e13412678eff.png,3,test
e135d7ba9a0e,/kaggle/input/datasets/sovitrath/diabetic-retinopathy-224x224-2019-data/colored_images/No_DR/e135d7ba9a0e.png,0,test
e1418d28d668,/kaggle/input/datasets/sovitrath/diabetic-retinopathy-224x224-2019-data/colored_images/Moderate/e1418d28d668.png,2,train
e150935f66a6,/kaggle/input/datasets/sovitrath/diabetic-retinopathy-224x224-2019-data/colored_images/Moderate/e150935f66a6.png,2,train
e160a3b19911,/kaggle/input/datasets/sovitrath/diabetic-retinopathy-224x224-2019-data/colored_images/No_DR/e160a3b19911.png,0,val
e16af45285e5,/kaggle/input/datasets/sovitrath/diabetic-retinopathy-224x224-2019-data/colored_images/No_DR/e16af45285e5.png,0,train
e16fc934069f,/kaggle/input/datasets/sovitrath/diabetic-retinopathy-224x224-2019-data/colored_images/Moderate/e16fc934069f.png,2,train
e17507a4a1f5,/kaggle/input/datasets/sovitrath/diabetic-retinopathy-224x224-2019-data/colored_images/Moderate/e17507a4a1f5.png,2,train
e1900014dabf,/kaggle/input/datasets/sovitrath/diabetic-retinopathy-224x224-2019-data/colored_images/Severe/e1900014dabf.png,3,train
e19936582c61,/kaggle/input/datasets/sovitrath/diabetic-retinopathy-224x224-2019-data/colored_images/Severe/e19936582c61.png,3,train
e1ab92228e60,/kaggle/input/datasets/sovitrath/diabetic-retinopathy-224x224-2019-data/colored_images/No_DR/e1ab92228e60.png,0,val
e1b8acb1cea1,/kaggle/input/datasets/sovitrath/diabetic-retinopathy-224x224-2019-data/colored_images/No_DR/e1b8acb1cea1.png,0,val
e1c02f6c3362,/kaggle/input/datasets/sovitrath/diabetic-retinopathy-224x224-2019-data/colored_images/No_DR/e1c02f6c3362.png,0,test
e1dc02a3dc2a,/kaggle/input/datasets/sovitrath/diabetic-retinopathy-224x224-2019-data/colored_images/No_DR/e1dc02a3dc2a.png,0,train
e1e490773462,/kaggle/input/datasets/sovitrath/diabetic-retinopathy-224x224-2019-data/colored_images/Moderate/e1e490773462.png,2,test
e2161692a0b4,/kaggle/input/datasets/sovitrath/diabetic-retinopathy-224x224-2019-data/colored_images/Moderate/e2161692a0b4.png,2,train
e2265c383348,/kaggle/input/datasets/sovitrath/diabetic-retinopathy-224x224-2019-data/colored_images/No_DR/e2265c383348.png,0,test
e229aca862c7,/kaggle/input/datasets/sovitrath/diabetic-retinopathy-224x224-2019-data/colored_images/Moderate/e229aca862c7.png,2,train
e23add229074,/kaggle/input/datasets/sovitrath/diabetic-retinopathy-224x224-2019-data/colored_images/Proliferate_DR/e23add229074.png,4,test
e246cd89e1cc,/kaggle/input/datasets/sovitrath/diabetic-retinopathy-224x224-2019-data/colored_images/No_DR/e246cd89e1cc.png,0,train
e251bdf05b85,/kaggle/input/datasets/sovitrath/diabetic-retinopathy-224x224-2019-data/colored_images/No_DR/e251bdf05b85.png,0,train
e25ccfe38e44,/kaggle/input/datasets/sovitrath/diabetic-retinopathy-224x224-2019-data/colored_images/Mild/e25ccfe38e44.png,1,train
e265c870f9b3,/kaggle/input/datasets/sovitrath/diabetic-retinopathy-224x224-2019-data/colored_images/Moderate/e265c870f9b3.png,2,train
e26bcae6c67b,/kaggle/input/datasets/sovitrath/diabetic-retinopathy-224x224-2019-data/colored_images/No_DR/e26bcae6c67b.png,0,train
e26d8718ca58,/kaggle/input/datasets/sovitrath/diabetic-retinopathy-224x224-2019-data/colored_images/Mild/e26d8718ca58.png,1,train
e2856afe62c5,/kaggle/input/datasets/sovitrath/diabetic-retinopathy-224x224-2019-data/colored_images/Moderate/e2856afe62c5.png,2,val
e29e54ff921e,/kaggle/input/datasets/sovitrath/diabetic-retinopathy-224x224-2019-data/colored_images/No_DR/e29e54ff921e.png,0,train
e2a233493b90,/kaggle/input/datasets/sovitrath/diabetic-retinopathy-224x224-2019-data/colored_images/Mild/e2a233493b90.png,1,train
e2a47a74e6e1,/kaggle/input/datasets/sovitrath/diabetic-retinopathy-224x224-2019-data/colored_images/Moderate/e2a47a74e6e1.png,2,val
e2c39ed0c941,/kaggle/input/datasets/sovitrath/diabetic-retinopathy-224x224-2019-data/colored_images/No_DR/e2c39ed0c941.png,0,test
e2ec22b3d07e,/kaggle/input/datasets/sovitrath/diabetic-retinopathy-224x224-2019-data/colored_images/No_DR/e2ec22b3d07e.png,0,test
e30a890600e1,/kaggle/input/datasets/sovitrath/diabetic-retinopathy-224x224-2019-data/colored_images/No_DR/e30a890600e1.png,0,train
e31c42a8652b,/kaggle/input/datasets/sovitrath/diabetic-retinopathy-224x224-2019-data/colored_images/Moderate/e31c42a8652b.png,2,test
e322acd46152,/kaggle/input/datasets/sovitrath/diabetic-retinopathy-224x224-2019-data/colored_images/No_DR/e322acd46152.png,0,train
e32a359be36d,/kaggle/input/datasets/sovitrath/diabetic-retinopathy-224x224-2019-data/colored_images/Severe/e32a359be36d.png,3,train
e32dc722eca5,/kaggle/input/datasets/sovitrath/diabetic-retinopathy-224x224-2019-data/colored_images/Proliferate_DR/e32dc722eca5.png,4,train
e33766353db2,/kaggle/input/datasets/sovitrath/diabetic-retinopathy-224x224-2019-data/colored_images/No_DR/e33766353db2.png,0,train
e34fa07bd64d,/kaggle/input/datasets/sovitrath/diabetic-retinopathy-224x224-2019-data/colored_images/Moderate/e34fa07bd64d.png,2,train
e387311a840e,/kaggle/input/datasets/sovitrath/diabetic-retinopathy-224x224-2019-data/colored_images/Moderate/e387311a840e.png,2,train
e38f3a65b02b,/kaggle/input/datasets/sovitrath/diabetic-retinopathy-224x224-2019-data/colored_images/Mild/e38f3a65b02b.png,1,train
e3a7671f787b,/kaggle/input/datasets/sovitrath/diabetic-retinopathy-224x224-2019-data/colored_images/Moderate/e3a7671f787b.png,2,test
e3ab63dc9a60,/kaggle/input/datasets/sovitrath/diabetic-retinopathy-224x224-2019-data/colored_images/Proliferate_DR/e3ab63dc9a60.png,4,test
e3b47ed5b511,/kaggle/input/datasets/sovitrath/diabetic-retinopathy-224x224-2019-data/colored_images/No_DR/e3b47ed5b511.png,0,train
e3cd96cb094c,/kaggle/input/datasets/sovitrath/diabetic-retinopathy-224x224-2019-data/colored_images/No_DR/e3cd96cb094c.png,0,test
e3e490babc0c,/kaggle/input/datasets/sovitrath/diabetic-retinopathy-224x224-2019-data/colored_images/Moderate/e3e490babc0c.png,2,train
e3ec668f6fad,/kaggle/input/datasets/sovitrath/diabetic-retinopathy-224x224-2019-data/colored_images/Proliferate_DR/e3ec668f6fad.png,4,train
e4210e7fe587,/kaggle/input/datasets/sovitrath/diabetic-retinopathy-224x224-2019-data/colored_images/Severe/e4210e7fe587.png,3,train
e42d9a94a66d,/kaggle/input/datasets/sovitrath/diabetic-retinopathy-224x224-2019-data/colored_images/No_DR/e42d9a94a66d.png,0,train
e4730ddde408,/kaggle/input/datasets/sovitrath/diabetic-retinopathy-224x224-2019-data/colored_images/Proliferate_DR/e4730ddde408.png,4,train
e47452069ea1,/kaggle/input/datasets/sovitrath/diabetic-retinopathy-224x224-2019-data/colored_images/No_DR/e47452069ea1.png,0,train
e47770a2e5d1,/kaggle/input/datasets/sovitrath/diabetic-retinopathy-224x224-2019-data/colored_images/No_DR/e47770a2e5d1.png,0,test
e499434242cc,/kaggle/input/datasets/sovitrath/diabetic-retinopathy-224x224-2019-data/colored_images/Moderate/e499434242cc.png,2,train
e4a44f9158dc,/kaggle/input/datasets/sovitrath/diabetic-retinopathy-224x224-2019-data/colored_images/No_DR/e4a44f9158dc.png,0,val
e4ae1ee6aada,/kaggle/input/datasets/sovitrath/diabetic-retinopathy-224x224-2019-data/colored_images/No_DR/e4ae1ee6aada.png,0,train
e4b0df29b96f,/kaggle/input/datasets/sovitrath/diabetic-retinopathy-224x224-2019-data/colored_images/No_DR/e4b0df29b96f.png,0,train
e4c799738a19,/kaggle/input/datasets/sovitrath/diabetic-retinopathy-224x224-2019-data/colored_images/No_DR/e4c799738a19.png,0,test
e4d3d437b0a8,/kaggle/input/datasets/sovitrath/diabetic-retinopathy-224x224-2019-data/colored_images/No_DR/e4d3d437b0a8.png,0,test
e4dcca36ceb4,/kaggle/input/datasets/sovitrath/diabetic-retinopathy-224x224-2019-data/colored_images/No_DR/e4dcca36ceb4.png,0,train
e4f12411fd85,/kaggle/input/datasets/sovitrath/diabetic-retinopathy-224x224-2019-data/colored_images/Proliferate_DR/e4f12411fd85.png,4,test
e50b0174690d,/kaggle/input/datasets/sovitrath/diabetic-retinopathy-224x224-2019-data/colored_images/No_DR/e50b0174690d.png,0,val
e5197d77ec68,/kaggle/input/datasets/sovitrath/diabetic-retinopathy-224x224-2019-data/colored_images/No_DR/e5197d77ec68.png,0,test
e529c5757d64,/kaggle/input/datasets/sovitrath/diabetic-retinopathy-224x224-2019-data/colored_images/No_DR/e529c5757d64.png,0,train
e52ed5c29c5e,/kaggle/input/datasets/sovitrath/diabetic-retinopathy-224x224-2019-data/colored_images/Severe/e52ed5c29c5e.png,3,train
e540d2e35d15,/kaggle/input/datasets/sovitrath/diabetic-retinopathy-224x224-2019-data/colored_images/Moderate/e540d2e35d15.png,2,train
e55188915f9d,/kaggle/input/datasets/sovitrath/diabetic-retinopathy-224x224-2019-data/colored_images/Mild/e55188915f9d.png,1,train
e580676516b0,/kaggle/input/datasets/sovitrath/diabetic-retinopathy-224x224-2019-data/colored_images/Mild/e580676516b0.png,1,val
e582e56e7942,/kaggle/input/datasets/sovitrath/diabetic-retinopathy-224x224-2019-data/colored_images/No_DR/e582e56e7942.png,0,train
e594c19e2e1d,/kaggle/input/datasets/sovitrath/diabetic-retinopathy-224x224-2019-data/colored_images/No_DR/e594c19e2e1d.png,0,train
e599151ca14b,/kaggle/input/datasets/sovitrath/diabetic-retinopathy-224x224-2019-data/colored_images/Moderate/e599151ca14b.png,2,train
e59c5f345bb0,/kaggle/input/datasets/sovitrath/diabetic-retinopathy-224x224-2019-data/colored_images/No_DR/e59c5f345bb0.png,0,val
e5d56f4f359b,/kaggle/input/datasets/sovitrath/diabetic-retinopathy-224x224-2019-data/colored_images/Moderate/e5d56f4f359b.png,2,train
e5de79795c1d,/kaggle/input/datasets/sovitrath/diabetic-retinopathy-224x224-2019-data/colored_images/No_DR/e5de79795c1d.png,0,train
e5f332efcbc7,/kaggle/input/datasets/sovitrath/diabetic-retinopathy-224x224-2019-data/colored_images/No_DR/e5f332efcbc7.png,0,val
e5f73f2855c0,/kaggle/input/datasets/sovitrath/diabetic-retinopathy-224x224-2019-data/colored_images/No_DR/e5f73f2855c0.png,0,train
e60e4edb3ca9,/kaggle/input/datasets/sovitrath/diabetic-retinopathy-224x224-2019-data/colored_images/No_DR/e60e4edb3ca9.png,0,train
e62490b7d0e9,/kaggle/input/datasets/sovitrath/diabetic-retinopathy-224x224-2019-data/colored_images/Proliferate_DR/e62490b7d0e9.png,4,train
e632e38fd2d4,/kaggle/input/datasets/sovitrath/diabetic-retinopathy-224x224-2019-data/colored_images/No_DR/e632e38fd2d4.png,0,val
e6552b7432b3,/kaggle/input/datasets/sovitrath/diabetic-retinopathy-224x224-2019-data/colored_images/No_DR/e6552b7432b3.png,0,train
e65a2ff90494,/kaggle/input/datasets/sovitrath/diabetic-retinopathy-224x224-2019-data/colored_images/Moderate/e65a2ff90494.png,2,train
e65f94ad9be3,/kaggle/input/datasets/sovitrath/diabetic-retinopathy-224x224-2019-data/colored_images/Moderate/e65f94ad9be3.png,2,test
e663c6627a95,/kaggle/input/datasets/sovitrath/diabetic-retinopathy-224x224-2019-data/colored_images/Moderate/e663c6627a95.png,2,train
e66855a5c583,/kaggle/input/datasets/sovitrath/diabetic-retinopathy-224x224-2019-data/colored_images/No_DR/e66855a5c583.png,0,train
e66ad813a508,/kaggle/input/datasets/sovitrath/diabetic-retinopathy-224x224-2019-data/colored_images/No_DR/e66ad813a508.png,0,train
e68746d426b2,/kaggle/input/datasets/sovitrath/diabetic-retinopathy-224x224-2019-data/colored_images/No_DR/e68746d426b2.png,0,train
e68bdd36e589,/kaggle/input/datasets/sovitrath/diabetic-retinopathy-224x224-2019-data/colored_images/No_DR/e68bdd36e589.png,0,train
e69b48516577,/kaggle/input/datasets/sovitrath/diabetic-retinopathy-224x224-2019-data/colored_images/No_DR/e69b48516577.png,0,train
e6a58edc5b42,/kaggle/input/datasets/sovitrath/diabetic-retinopathy-224x224-2019-data/colored_images/Moderate/e6a58edc5b42.png,2,train
e6a5e4718873,/kaggle/input/datasets/sovitrath/diabetic-retinopathy-224x224-2019-data/colored_images/No_DR/e6a5e4718873.png,0,train
e6a6acf7fca1,/kaggle/input/datasets/sovitrath/diabetic-retinopathy-224x224-2019-data/colored_images/Moderate/e6a6acf7fca1.png,2,train
e6f0ce5bf282,/kaggle/input/datasets/sovitrath/diabetic-retinopathy-224x224-2019-data/colored_images/Moderate/e6f0ce5bf282.png,2,train
e724866f5084,/kaggle/input/datasets/sovitrath/diabetic-retinopathy-224x224-2019-data/colored_images/Moderate/e724866f5084.png,2,train
e7291472109b,/kaggle/input/datasets/sovitrath/diabetic-retinopathy-224x224-2019-data/colored_images/No_DR/e7291472109b.png,0,val
e756495c11cb,/kaggle/input/datasets/sovitrath/diabetic-retinopathy-224x224-2019-data/colored_images/Moderate/e756495c11cb.png,2,test
e7578d8dba72,/kaggle/input/datasets/sovitrath/diabetic-retinopathy-224x224-2019-data/colored_images/No_DR/e7578d8dba72.png,0,train
e77a93c3d9a9,/kaggle/input/datasets/sovitrath/diabetic-retinopathy-224x224-2019-data/colored_images/No_DR/e77a93c3d9a9.png,0,train
e79e10907295,/kaggle/input/datasets/sovitrath/diabetic-retinopathy-224x224-2019-data/colored_images/No_DR/e79e10907295.png,0,val
e7a372a1c3a4,/kaggle/input/datasets/sovitrath/diabetic-retinopathy-224x224-2019-data/colored_images/Moderate/e7a372a1c3a4.png,2,train
e7b5dd5bab1f,/kaggle/input/datasets/sovitrath/diabetic-retinopathy-224x224-2019-data/colored_images/No_DR/e7b5dd5bab1f.png,0,val
e7d2c2c3b30f,/kaggle/input/datasets/sovitrath/diabetic-retinopathy-224x224-2019-data/colored_images/Proliferate_DR/e7d2c2c3b30f.png,4,train
e7defafeb957,/kaggle/input/datasets/sovitrath/diabetic-retinopathy-224x224-2019-data/colored_images/Moderate/e7defafeb957.png,2,test
e7fc93ac5b6d,/kaggle/input/datasets/sovitrath/diabetic-retinopathy-224x224-2019-data/colored_images/Moderate/e7fc93ac5b6d.png,2,train
e811f39a1243,/kaggle/input/datasets/sovitrath/diabetic-retinopathy-224x224-2019-data/colored_images/Moderate/e811f39a1243.png,2,train
e81f4a2fbbdc,/kaggle/input/datasets/sovitrath/diabetic-retinopathy-224x224-2019-data/colored_images/No_DR/e81f4a2fbbdc.png,0,test
e821c1b6417a,/kaggle/input/datasets/sovitrath/diabetic-retinopathy-224x224-2019-data/colored_images/Proliferate_DR/e821c1b6417a.png,4,train
e82232a3c28b,/kaggle/input/datasets/sovitrath/diabetic-retinopathy-224x224-2019-data/colored_images/No_DR/e82232a3c28b.png,0,train
e83d315d8f98,/kaggle/input/datasets/sovitrath/diabetic-retinopathy-224x224-2019-data/colored_images/Moderate/e83d315d8f98.png,2,train
e85d410d6836,/kaggle/input/datasets/sovitrath/diabetic-retinopathy-224x224-2019-data/colored_images/Moderate/e85d410d6836.png,2,train
e868c3da340b,/kaggle/input/datasets/sovitrath/diabetic-retinopathy-224x224-2019-data/colored_images/Moderate/e868c3da340b.png,2,train
e893e86dde94,/kaggle/input/datasets/sovitrath/diabetic-retinopathy-224x224-2019-data/colored_images/No_DR/e893e86dde94.png,0,train
e8ddfc9709ce,/kaggle/input/datasets/sovitrath/diabetic-retinopathy-224x224-2019-data/colored_images/No_DR/e8ddfc9709ce.png,0,val
e8e44b3160e3,/kaggle/input/datasets/sovitrath/diabetic-retinopathy-224x224-2019-data/colored_images/No_DR/e8e44b3160e3.png,0,train
e907d23cce3d,/kaggle/input/datasets/sovitrath/diabetic-retinopathy-224x224-2019-data/colored_images/No_DR/e907d23cce3d.png,0,val
e9129ce55fd7,/kaggle/input/datasets/sovitrath/diabetic-retinopathy-224x224-2019-data/colored_images/Moderate/e9129ce55fd7.png,2,test
e9286ddf6ffe,/kaggle/input/datasets/sovitrath/diabetic-retinopathy-224x224-2019-data/colored_images/Mild/e9286ddf6ffe.png,1,train
e933923aab15,/kaggle/input/datasets/sovitrath/diabetic-retinopathy-224x224-2019-data/colored_images/No_DR/e933923aab15.png,0,train
e93394175a19,/kaggle/input/datasets/sovitrath/diabetic-retinopathy-224x224-2019-data/colored_images/Severe/e93394175a19.png,3,train
e96099b961b4,/kaggle/input/datasets/sovitrath/diabetic-retinopathy-224x224-2019-data/colored_images/Moderate/e96099b961b4.png,2,train
e966850247f4,/kaggle/input/datasets/sovitrath/diabetic-retinopathy-224x224-2019-data/colored_images/No_DR/e966850247f4.png,0,train
e9678824215d,/kaggle/input/datasets/sovitrath/diabetic-retinopathy-224x224-2019-data/colored_images/No_DR/e9678824215d.png,0,train
e96bd80a8a53,/kaggle/input/datasets/sovitrath/diabetic-retinopathy-224x224-2019-data/colored_images/Mild/e96bd80a8a53.png,1,val
e97ecf4355cb,/kaggle/input/datasets/sovitrath/diabetic-retinopathy-224x224-2019-data/colored_images/No_DR/e97ecf4355cb.png,0,train
e9ab8413e771,/kaggle/input/datasets/sovitrath/diabetic-retinopathy-224x224-2019-data/colored_images/Proliferate_DR/e9ab8413e771.png,4,train
e9ce5bf645ab,/kaggle/input/datasets/sovitrath/diabetic-retinopathy-224x224-2019-data/colored_images/No_DR/e9ce5bf645ab.png,0,train
e9f3c85a2a02,/kaggle/input/datasets/sovitrath/diabetic-retinopathy-224x224-2019-data/colored_images/No_DR/e9f3c85a2a02.png,0,train
e9f82b5bbaf4,/kaggle/input/datasets/sovitrath/diabetic-retinopathy-224x224-2019-data/colored_images/Moderate/e9f82b5bbaf4.png,2,train
e9faf0296643,/kaggle/input/datasets/sovitrath/diabetic-retinopathy-224x224-2019-data/colored_images/No_DR/e9faf0296643.png,0,train
e9ff9352ccb3,/kaggle/input/datasets/sovitrath/diabetic-retinopathy-224x224-2019-data/colored_images/Mild/e9ff9352ccb3.png,1,train
ea1d045f9fea,/kaggle/input/datasets/sovitrath/diabetic-retinopathy-224x224-2019-data/colored_images/Moderate/ea1d045f9fea.png,2,train
ea4ce9516144,/kaggle/input/datasets/sovitrath/diabetic-retinopathy-224x224-2019-data/colored_images/No_DR/ea4ce9516144.png,0,train
ea4dcb055139,/kaggle/input/datasets/sovitrath/diabetic-retinopathy-224x224-2019-data/colored_images/Moderate/ea4dcb055139.png,2,train
ea588d1e5d96,/kaggle/input/datasets/sovitrath/diabetic-retinopathy-224x224-2019-data/colored_images/Moderate/ea588d1e5d96.png,2,train
ea5c42a78979,/kaggle/input/datasets/sovitrath/diabetic-retinopathy-224x224-2019-data/colored_images/No_DR/ea5c42a78979.png,0,test
ea68b58a6e8f,/kaggle/input/datasets/sovitrath/diabetic-retinopathy-224x224-2019-data/colored_images/No_DR/ea68b58a6e8f.png,0,test
ea6a53e54d0f,/kaggle/input/datasets/sovitrath/diabetic-retinopathy-224x224-2019-data/colored_images/No_DR/ea6a53e54d0f.png,0,train
ea7e21bab610,/kaggle/input/datasets/sovitrath/diabetic-retinopathy-224x224-2019-data/colored_images/No_DR/ea7e21bab610.png,0,val
ea9c41e1ced0,/kaggle/input/datasets/sovitrath/diabetic-retinopathy-224x224-2019-data/colored_images/No_DR/ea9c41e1ced0.png,0,train
eaa0dfbd5024,/kaggle/input/datasets/sovitrath/diabetic-retinopathy-224x224-2019-data/colored_images/Proliferate_DR/eaa0dfbd5024.png,4,test
eabc7c716255,/kaggle/input/datasets/sovitrath/diabetic-retinopathy-224x224-2019-data/colored_images/No_DR/eabc7c716255.png,0,train
eabf421f94d0,/kaggle/input/datasets/sovitrath/diabetic-retinopathy-224x224-2019-data/colored_images/No_DR/eabf421f94d0.png,0,val
ead23cc922ed,/kaggle/input/datasets/sovitrath/diabetic-retinopathy-224x224-2019-data/colored_images/Mild/ead23cc922ed.png,1,test
eadfc8809ec8,/kaggle/input/datasets/sovitrath/diabetic-retinopathy-224x224-2019-data/colored_images/Moderate/eadfc8809ec8.png,2,val
eae70f527755,/kaggle/input/datasets/sovitrath/diabetic-retinopathy-224x224-2019-data/colored_images/No_DR/eae70f527755.png,0,train
eae901557a84,/kaggle/input/datasets/sovitrath/diabetic-retinopathy-224x224-2019-data/colored_images/Moderate/eae901557a84.png,2,test
eb050765b323,/kaggle/input/datasets/sovitrath/diabetic-retinopathy-224x224-2019-data/colored_images/No_DR/eb050765b323.png,0,val
eb175669d789,/kaggle/input/datasets/sovitrath/diabetic-retinopathy-224x224-2019-data/colored_images/No_DR/eb175669d789.png,0,train
eb1ad14dd281,/kaggle/input/datasets/sovitrath/diabetic-retinopathy-224x224-2019-data/colored_images/Moderate/eb1ad14dd281.png,2,train
eb1d37b71fd1,/kaggle/input/datasets/sovitrath/diabetic-retinopathy-224x224-2019-data/colored_images/Proliferate_DR/eb1d37b71fd1.png,4,val
eb32a815f78c,/kaggle/input/datasets/sovitrath/diabetic-retinopathy-224x224-2019-data/colored_images/Moderate/eb32a815f78c.png,2,train
eb6b1f1c09db,/kaggle/input/datasets/sovitrath/diabetic-retinopathy-224x224-2019-data/colored_images/No_DR/eb6b1f1c09db.png,0,test
eba3acc42197,/kaggle/input/datasets/sovitrath/diabetic-retinopathy-224x224-2019-data/colored_images/Mild/eba3acc42197.png,1,test
ebd96d853918,/kaggle/input/datasets/sovitrath/diabetic-retinopathy-224x224-2019-data/colored_images/No_DR/ebd96d853918.png,0,train
ebe0175e530c,/kaggle/input/datasets/sovitrath/diabetic-retinopathy-224x224-2019-data/colored_images/Proliferate_DR/ebe0175e530c.png,4,test
ebf4b22240f4,/kaggle/input/datasets/sovitrath/diabetic-retinopathy-224x224-2019-data/colored_images/No_DR/ebf4b22240f4.png,0,train
ec01f0862669,/kaggle/input/datasets/sovitrath/diabetic-retinopathy-224x224-2019-data/colored_images/No_DR/ec01f0862669.png,0,test
ec0c9f817b03,/kaggle/input/datasets/sovitrath/diabetic-retinopathy-224x224-2019-data/colored_images/No_DR/ec0c9f817b03.png,0,val
ec363f48867b,/kaggle/input/datasets/sovitrath/diabetic-retinopathy-224x224-2019-data/colored_images/No_DR/ec363f48867b.png,0,test
ec4649213ccf,/kaggle/input/datasets/sovitrath/diabetic-retinopathy-224x224-2019-data/colored_images/Mild/ec4649213ccf.png,1,train
ec57cc20d776,/kaggle/input/datasets/sovitrath/diabetic-retinopathy-224x224-2019-data/colored_images/No_DR/ec57cc20d776.png,0,train
ec6659926105,/kaggle/input/datasets/sovitrath/diabetic-retinopathy-224x224-2019-data/colored_images/No_DR/ec6659926105.png,0,val
ec6f1797a25a,/kaggle/input/datasets/sovitrath/diabetic-retinopathy-224x224-2019-data/colored_images/No_DR/ec6f1797a25a.png,0,train
ecad6845f630,/kaggle/input/datasets/sovitrath/diabetic-retinopathy-224x224-2019-data/colored_images/No_DR/ecad6845f630.png,0,val
ecb4500285ed,/kaggle/input/datasets/sovitrath/diabetic-retinopathy-224x224-2019-data/colored_images/No_DR/ecb4500285ed.png,0,train
ed246ae1ed08,/kaggle/input/datasets/sovitrath/diabetic-retinopathy-224x224-2019-data/colored_images/Proliferate_DR/ed246ae1ed08.png,4,train
ed2c06fcc573,/kaggle/input/datasets/sovitrath/diabetic-retinopathy-224x224-2019-data/colored_images/Moderate/ed2c06fcc573.png,2,train
ed2c52c14493,/kaggle/input/datasets/sovitrath/diabetic-retinopathy-224x224-2019-data/colored_images/No_DR/ed2c52c14493.png,0,train
ed2ef440d22c,/kaggle/input/datasets/sovitrath/diabetic-retinopathy-224x224-2019-data/colored_images/No_DR/ed2ef440d22c.png,0,test
ed3ce1674761,/kaggle/input/datasets/sovitrath/diabetic-retinopathy-224x224-2019-data/colored_images/No_DR/ed3ce1674761.png,0,train
ed648b9bcd95,/kaggle/input/datasets/sovitrath/diabetic-retinopathy-224x224-2019-data/colored_images/No_DR/ed648b9bcd95.png,0,train
ed6704e3b72e,/kaggle/input/datasets/sovitrath/diabetic-retinopathy-224x224-2019-data/colored_images/Severe/ed6704e3b72e.png,3,train
ed6bd9293a89,/kaggle/input/datasets/sovitrath/diabetic-retinopathy-224x224-2019-data/colored_images/No_DR/ed6bd9293a89.png,0,test
ed88faaa325a,/kaggle/input/datasets/sovitrath/diabetic-retinopathy-224x224-2019-data/colored_images/Moderate/ed88faaa325a.png,2,train
eda1d75cbcf0,/kaggle/input/datasets/sovitrath/diabetic-retinopathy-224x224-2019-data/colored_images/No_DR/eda1d75cbcf0.png,0,train
eda29a9d78f3,/kaggle/input/datasets/sovitrath/diabetic-retinopathy-224x224-2019-data/colored_images/No_DR/eda29a9d78f3.png,0,train
edceb0657d77,/kaggle/input/datasets/sovitrath/diabetic-retinopathy-224x224-2019-data/colored_images/No_DR/edceb0657d77.png,0,train
ee02294cc3d9,/kaggle/input/datasets/sovitrath/diabetic-retinopathy-224x224-2019-data/colored_images/Moderate/ee02294cc3d9.png,2,test
ee059945b08a,/kaggle/input/datasets/sovitrath/diabetic-retinopathy-224x224-2019-data/colored_images/Moderate/ee059945b08a.png,2,train
ee1ec90b980f,/kaggle/input/datasets/sovitrath/diabetic-retinopathy-224x224-2019-data/colored_images/Proliferate_DR/ee1ec90b980f.png,4,train
ee36ca728641,/kaggle/input/datasets/sovitrath/diabetic-retinopathy-224x224-2019-data/colored_images/No_DR/ee36ca728641.png,0,train
ee3f5cf52188,/kaggle/input/datasets/sovitrath/diabetic-retinopathy-224x224-2019-data/colored_images/No_DR/ee3f5cf52188.png,0,train
ee3fe7809e6a,/kaggle/input/datasets/sovitrath/diabetic-retinopathy-224x224-2019-data/colored_images/No_DR/ee3fe7809e6a.png,0,train
ee6e39319b39,/kaggle/input/datasets/sovitrath/diabetic-retinopathy-224x224-2019-data/colored_images/Moderate/ee6e39319b39.png,2,train
ee74c3b177e0,/kaggle/input/datasets/sovitrath/diabetic-retinopathy-224x224-2019-data/colored_images/Moderate/ee74c3b177e0.png,2,train
ee77763a6afb,/kaggle/input/datasets/sovitrath/diabetic-retinopathy-224x224-2019-data/colored_images/No_DR/ee77763a6afb.png,0,train
ee78ce914066,/kaggle/input/datasets/sovitrath/diabetic-retinopathy-224x224-2019-data/colored_images/Mild/ee78ce914066.png,1,train
eeaea2c5ff34,/kaggle/input/datasets/sovitrath/diabetic-retinopathy-224x224-2019-data/colored_images/No_DR/eeaea2c5ff34.png,0,train
eeb231c3ef1f,/kaggle/input/datasets/sovitrath/diabetic-retinopathy-224x224-2019-data/colored_images/Mild/eeb231c3ef1f.png,1,train
eebd1e195952,/kaggle/input/datasets/sovitrath/diabetic-retinopathy-224x224-2019-data/colored_images/No_DR/eebd1e195952.png,0,train
eed4afc8ec83,/kaggle/input/datasets/sovitrath/diabetic-retinopathy-224x224-2019-data/colored_images/Mild/eed4afc8ec83.png,1,train
eedae6b28f96,/kaggle/input/datasets/sovitrath/diabetic-retinopathy-224x224-2019-data/colored_images/No_DR/eedae6b28f96.png,0,test
ef247f28004f,/kaggle/input/datasets/sovitrath/diabetic-retinopathy-224x224-2019-data/colored_images/No_DR/ef247f28004f.png,0,train
ef26625121b3,/kaggle/input/datasets/sovitrath/diabetic-retinopathy-224x224-2019-data/colored_images/Proliferate_DR/ef26625121b3.png,4,train
ef4121e9bb67,/kaggle/input/datasets/sovitrath/diabetic-retinopathy-224x224-2019-data/colored_images/No_DR/ef4121e9bb67.png,0,val
ef476be214d4,/kaggle/input/datasets/sovitrath/diabetic-retinopathy-224x224-2019-data/colored_images/No_DR/ef476be214d4.png,0,val
ef48780f5d5f,/kaggle/input/datasets/sovitrath/diabetic-retinopathy-224x224-2019-data/colored_images/No_DR/ef48780f5d5f.png,0,train
ef5155990874,/kaggle/input/datasets/sovitrath/diabetic-retinopathy-224x224-2019-data/colored_images/No_DR/ef5155990874.png,0,train
ef7a4ed8d5d1,/kaggle/input/datasets/sovitrath/diabetic-retinopathy-224x224-2019-data/colored_images/Moderate/ef7a4ed8d5d1.png,2,test
ef7eb85b75fc,/kaggle/input/datasets/sovitrath/diabetic-retinopathy-224x224-2019-data/colored_images/No_DR/ef7eb85b75fc.png,0,val
ef8109305128,/kaggle/input/datasets/sovitrath/diabetic-retinopathy-224x224-2019-data/colored_images/Mild/ef8109305128.png,1,train
ef81cd8854cb,/kaggle/input/datasets/sovitrath/diabetic-retinopathy-224x224-2019-data/colored_images/No_DR/ef81cd8854cb.png,0,train
ef8c39eb9157,/kaggle/input/datasets/sovitrath/diabetic-retinopathy-224x224-2019-data/colored_images/No_DR/ef8c39eb9157.png,0,train
ef99c499d665,/kaggle/input/datasets/sovitrath/diabetic-retinopathy-224x224-2019-data/colored_images/No_DR/ef99c499d665.png,0,train
efff2f1a35f5,/kaggle/input/datasets/sovitrath/diabetic-retinopathy-224x224-2019-data/colored_images/Moderate/efff2f1a35f5.png,2,val
f002ce614c59,/kaggle/input/datasets/sovitrath/diabetic-retinopathy-224x224-2019-data/colored_images/No_DR/f002ce614c59.png,0,train
f0098e9d4aee,/kaggle/input/datasets/sovitrath/diabetic-retinopathy-224x224-2019-data/colored_images/Proliferate_DR/f0098e9d4aee.png,4,val
f00ce9b9d6f4,/kaggle/input/datasets/sovitrath/diabetic-retinopathy-224x224-2019-data/colored_images/No_DR/f00ce9b9d6f4.png,0,val
f02057c41256,/kaggle/input/datasets/sovitrath/diabetic-retinopathy-224x224-2019-data/colored_images/No_DR/f02057c41256.png,0,train
f025f33b2c9b,/kaggle/input/datasets/sovitrath/diabetic-retinopathy-224x224-2019-data/colored_images/Proliferate_DR/f025f33b2c9b.png,4,train
f0267c42907c,/kaggle/input/datasets/sovitrath/diabetic-retinopathy-224x224-2019-data/colored_images/No_DR/f0267c42907c.png,0,test
f02956bd7c50,/kaggle/input/datasets/sovitrath/diabetic-retinopathy-224x224-2019-data/colored_images/No_DR/f02956bd7c50.png,0,train
f02babb3a023,/kaggle/input/datasets/sovitrath/diabetic-retinopathy-224x224-2019-data/colored_images/No_DR/f02babb3a023.png,0,test
f0546a45ef10,/kaggle/input/datasets/sovitrath/diabetic-retinopathy-224x224-2019-data/colored_images/No_DR/f0546a45ef10.png,0,train
f06e7a9df795,/kaggle/input/datasets/sovitrath/diabetic-retinopathy-224x224-2019-data/colored_images/No_DR/f06e7a9df795.png,0,train
f0800723bc63,/kaggle/input/datasets/sovitrath/diabetic-retinopathy-224x224-2019-data/colored_images/Moderate/f0800723bc63.png,2,train
f080a22008be,/kaggle/input/datasets/sovitrath/diabetic-retinopathy-224x224-2019-data/colored_images/Severe/f080a22008be.png,3,train
f0860c21533b,/kaggle/input/datasets/sovitrath/diabetic-retinopathy-224x224-2019-data/colored_images/No_DR/f0860c21533b.png,0,val
f092febbf5c0,/kaggle/input/datasets/sovitrath/diabetic-retinopathy-224x224-2019-data/colored_images/Severe/f092febbf5c0.png,3,train
f09cfc6a4dbd,/kaggle/input/datasets/sovitrath/diabetic-retinopathy-224x224-2019-data/colored_images/No_DR/f09cfc6a4dbd.png,0,train
f09fd9433dff,/kaggle/input/datasets/sovitrath/diabetic-retinopathy-224x224-2019-data/colored_images/No_DR/f09fd9433dff.png,0,val
f0a2dc580009,/kaggle/input/datasets/sovitrath/diabetic-retinopathy-224x224-2019-data/colored_images/No_DR/f0a2dc580009.png,0,val
f0c0f7b5e820,/kaggle/input/datasets/sovitrath/diabetic-retinopathy-224x224-2019-data/colored_images/Moderate/f0c0f7b5e820.png,2,test
f0c13be90519,/kaggle/input/datasets/sovitrath/diabetic-retinopathy-224x224-2019-data/colored_images/Mild/f0c13be90519.png,1,train
f0e1201b5c1f,/kaggle/input/datasets/sovitrath/diabetic-retinopathy-224x224-2019-data/colored_images/No_DR/f0e1201b5c1f.png,0,test
f18abfa690ab,/kaggle/input/datasets/sovitrath/diabetic-retinopathy-224x224-2019-data/colored_images/Moderate/f18abfa690ab.png,2,val
f1979147aad4,/kaggle/input/datasets/sovitrath/diabetic-retinopathy-224x224-2019-data/colored_images/No_DR/f1979147aad4.png,0,train
f1a761c68559,/kaggle/input/datasets/sovitrath/diabetic-retinopathy-224x224-2019-data/colored_images/Moderate/f1a761c68559.png,2,test
f1d719c97838,/kaggle/input/datasets/sovitrath/diabetic-retinopathy-224x224-2019-data/colored_images/No_DR/f1d719c97838.png,0,train
f1dc26c4bfa3,/kaggle/input/datasets/sovitrath/diabetic-retinopathy-224x224-2019-data/colored_images/Proliferate_DR/f1dc26c4bfa3.png,4,train
f2094a20b275,/kaggle/input/datasets/sovitrath/diabetic-retinopathy-224x224-2019-data/colored_images/Moderate/f2094a20b275.png,2,test
f233638e0e90,/kaggle/input/datasets/sovitrath/diabetic-retinopathy-224x224-2019-data/colored_images/No_DR/f233638e0e90.png,0,train
f252046c0fe6,/kaggle/input/datasets/sovitrath/diabetic-retinopathy-224x224-2019-data/colored_images/No_DR/f252046c0fe6.png,0,val
f26b02ead915,/kaggle/input/datasets/sovitrath/diabetic-retinopathy-224x224-2019-data/colored_images/No_DR/f26b02ead915.png,0,train
f298b7d05958,/kaggle/input/datasets/sovitrath/diabetic-retinopathy-224x224-2019-data/colored_images/No_DR/f298b7d05958.png,0,train
f2c0b41acd05,/kaggle/input/datasets/sovitrath/diabetic-retinopathy-224x224-2019-data/colored_images/No_DR/f2c0b41acd05.png,0,val
f2d2a0c92034,/kaggle/input/datasets/sovitrath/diabetic-retinopathy-224x224-2019-data/colored_images/Proliferate_DR/f2d2a0c92034.png,4,train
f2ee81781411,/kaggle/input/datasets/sovitrath/diabetic-retinopathy-224x224-2019-data/colored_images/Moderate/f2ee81781411.png,2,train
f2f569a64949,/kaggle/input/datasets/sovitrath/diabetic-retinopathy-224x224-2019-data/colored_images/No_DR/f2f569a64949.png,0,test
f30f203ef51e,/kaggle/input/datasets/sovitrath/diabetic-retinopathy-224x224-2019-data/colored_images/Moderate/f30f203ef51e.png,2,test
f35d80bb1a22,/kaggle/input/datasets/sovitrath/diabetic-retinopathy-224x224-2019-data/colored_images/No_DR/f35d80bb1a22.png,0,test
f361060eda3e,/kaggle/input/datasets/sovitrath/diabetic-retinopathy-224x224-2019-data/colored_images/No_DR/f361060eda3e.png,0,train
f366fb1cc475,/kaggle/input/datasets/sovitrath/diabetic-retinopathy-224x224-2019-data/colored_images/No_DR/f366fb1cc475.png,0,test
f36cb007a1ef,/kaggle/input/datasets/sovitrath/diabetic-retinopathy-224x224-2019-data/colored_images/No_DR/f36cb007a1ef.png,0,train
f3a268d2726d,/kaggle/input/datasets/sovitrath/diabetic-retinopathy-224x224-2019-data/colored_images/Moderate/f3a268d2726d.png,2,train
f3a4751af42e,/kaggle/input/datasets/sovitrath/diabetic-retinopathy-224x224-2019-data/colored_images/No_DR/f3a4751af42e.png,0,train
f3a88d3026dc,/kaggle/input/datasets/sovitrath/diabetic-retinopathy-224x224-2019-data/colored_images/Moderate/f3a88d3026dc.png,2,test
f3b27ac2d371,/kaggle/input/datasets/sovitrath/diabetic-retinopathy-224x224-2019-data/colored_images/No_DR/f3b27ac2d371.png,0,train
f3b6b7ca1eb1,/kaggle/input/datasets/sovitrath/diabetic-retinopathy-224x224-2019-data/colored_images/Moderate/f3b6b7ca1eb1.png,2,train
f3bb996b45ce,/kaggle/input/datasets/sovitrath/diabetic-retinopathy-224x224-2019-data/colored_images/No_DR/f3bb996b45ce.png,0,train
f3cd489acbee,/kaggle/input/datasets/sovitrath/diabetic-retinopathy-224x224-2019-data/colored_images/Moderate/f3cd489acbee.png,2,train
f42b693a9414,/kaggle/input/datasets/sovitrath/diabetic-retinopathy-224x224-2019-data/colored_images/No_DR/f42b693a9414.png,0,train
f431f2e119d7,/kaggle/input/datasets/sovitrath/diabetic-retinopathy-224x224-2019-data/colored_images/No_DR/f431f2e119d7.png,0,val
f451eee2b66b,/kaggle/input/datasets/sovitrath/diabetic-retinopathy-224x224-2019-data/colored_images/No_DR/f451eee2b66b.png,0,val
f45f1485c940,/kaggle/input/datasets/sovitrath/diabetic-retinopathy-224x224-2019-data/colored_images/Moderate/f45f1485c940.png,2,train
f460608cf4cc,/kaggle/input/datasets/sovitrath/diabetic-retinopathy-224x224-2019-data/colored_images/Moderate/f460608cf4cc.png,2,train
f47a2a4a0411,/kaggle/input/datasets/sovitrath/diabetic-retinopathy-224x224-2019-data/colored_images/Mild/f47a2a4a0411.png,1,train
f481f76a6b75,/kaggle/input/datasets/sovitrath/diabetic-retinopathy-224x224-2019-data/colored_images/Mild/f481f76a6b75.png,1,train
f48241b0c995,/kaggle/input/datasets/sovitrath/diabetic-retinopathy-224x224-2019-data/colored_images/No_DR/f48241b0c995.png,0,train
f4874247ede6,/kaggle/input/datasets/sovitrath/diabetic-retinopathy-224x224-2019-data/colored_images/No_DR/f4874247ede6.png,0,test
f4c7ae514c54,/kaggle/input/datasets/sovitrath/diabetic-retinopathy-224x224-2019-data/colored_images/No_DR/f4c7ae514c54.png,0,train
f4d3169b468a,/kaggle/input/datasets/sovitrath/diabetic-retinopathy-224x224-2019-data/colored_images/No_DR/f4d3169b468a.png,0,train
f4de9620e3f2,/kaggle/input/datasets/sovitrath/diabetic-retinopathy-224x224-2019-data/colored_images/No_DR/f4de9620e3f2.png,0,train
f4df3d86688d,/kaggle/input/datasets/sovitrath/diabetic-retinopathy-224x224-2019-data/colored_images/No_DR/f4df3d86688d.png,0,val
f4e68b61f480,/kaggle/input/datasets/sovitrath/diabetic-retinopathy-224x224-2019-data/colored_images/No_DR/f4e68b61f480.png,0,train
f4ea2a2cfbb9,/kaggle/input/datasets/sovitrath/diabetic-retinopathy-224x224-2019-data/colored_images/No_DR/f4ea2a2cfbb9.png,0,val
f531232ecb55,/kaggle/input/datasets/sovitrath/diabetic-retinopathy-224x224-2019-data/colored_images/No_DR/f531232ecb55.png,0,train
f549294e12e1,/kaggle/input/datasets/sovitrath/diabetic-retinopathy-224x224-2019-data/colored_images/Proliferate_DR/f549294e12e1.png,4,train
f55e1d2a19e4,/kaggle/input/datasets/sovitrath/diabetic-retinopathy-224x224-2019-data/colored_images/Mild/f55e1d2a19e4.png,1,train
f5650eb52640,/kaggle/input/datasets/sovitrath/diabetic-retinopathy-224x224-2019-data/colored_images/Mild/f5650eb52640.png,1,train
f56ff0440ed1,/kaggle/input/datasets/sovitrath/diabetic-retinopathy-224x224-2019-data/colored_images/No_DR/f56ff0440ed1.png,0,val
f5733f77273d,/kaggle/input/datasets/sovitrath/diabetic-retinopathy-224x224-2019-data/colored_images/No_DR/f5733f77273d.png,0,train
f576e45d1da2,/kaggle/input/datasets/sovitrath/diabetic-retinopathy-224x224-2019-data/colored_images/Severe/f576e45d1da2.png,3,test
f57cf3b6f48e,/kaggle/input/datasets/sovitrath/diabetic-retinopathy-224x224-2019-data/colored_images/No_DR/f57cf3b6f48e.png,0,test
f580566e27f5,/kaggle/input/datasets/sovitrath/diabetic-retinopathy-224x224-2019-data/colored_images/No_DR/f580566e27f5.png,0,train
f583a722434c,/kaggle/input/datasets/sovitrath/diabetic-retinopathy-224x224-2019-data/colored_images/Moderate/f583a722434c.png,2,test
f58cdfa968be,/kaggle/input/datasets/sovitrath/diabetic-retinopathy-224x224-2019-data/colored_images/No_DR/f58cdfa968be.png,0,train
f58d37d48e42,/kaggle/input/datasets/sovitrath/diabetic-retinopathy-224x224-2019-data/colored_images/Proliferate_DR/f58d37d48e42.png,4,val
f58f0b2fd718,/kaggle/input/datasets/sovitrath/diabetic-retinopathy-224x224-2019-data/colored_images/No_DR/f58f0b2fd718.png,0,train
f5a8c6426a71,/kaggle/input/datasets/sovitrath/diabetic-retinopathy-224x224-2019-data/colored_images/Severe/f5a8c6426a71.png,3,test
f5c953bee7cd,/kaggle/input/datasets/sovitrath/diabetic-retinopathy-224x224-2019-data/colored_images/No_DR/f5c953bee7cd.png,0,train
f5e6226bd2e0,/kaggle/input/datasets/sovitrath/diabetic-retinopathy-224x224-2019-data/colored_images/Proliferate_DR/f5e6226bd2e0.png,4,train
f5e9a307288c,/kaggle/input/datasets/sovitrath/diabetic-retinopathy-224x224-2019-data/colored_images/Moderate/f5e9a307288c.png,2,train
f61bf44c677c,/kaggle/input/datasets/sovitrath/diabetic-retinopathy-224x224-2019-data/colored_images/Moderate/f61bf44c677c.png,2,train
f62b8a076833,/kaggle/input/datasets/sovitrath/diabetic-retinopathy-224x224-2019-data/colored_images/No_DR/f62b8a076833.png,0,train
f633c474e8b8,/kaggle/input/datasets/sovitrath/diabetic-retinopathy-224x224-2019-data/colored_images/No_DR/f633c474e8b8.png,0,val
f64214bed40e,/kaggle/input/datasets/sovitrath/diabetic-retinopathy-224x224-2019-data/colored_images/Severe/f64214bed40e.png,3,train
f64b6e85f1c9,/kaggle/input/datasets/sovitrath/diabetic-retinopathy-224x224-2019-data/colored_images/No_DR/f64b6e85f1c9.png,0,train
f66c4ee86629,/kaggle/input/datasets/sovitrath/diabetic-retinopathy-224x224-2019-data/colored_images/No_DR/f66c4ee86629.png,0,val
f68690db78d3,/kaggle/input/datasets/sovitrath/diabetic-retinopathy-224x224-2019-data/colored_images/No_DR/f68690db78d3.png,0,train
f69400b316a7,/kaggle/input/datasets/sovitrath/diabetic-retinopathy-224x224-2019-data/colored_images/Moderate/f69400b316a7.png,2,train
f69835dc7c50,/kaggle/input/datasets/sovitrath/diabetic-retinopathy-224x224-2019-data/colored_images/Proliferate_DR/f69835dc7c50.png,4,train
f6d760566a51,/kaggle/input/datasets/sovitrath/diabetic-retinopathy-224x224-2019-data/colored_images/No_DR/f6d760566a51.png,0,train
f6f433f3306f,/kaggle/input/datasets/sovitrath/diabetic-retinopathy-224x224-2019-data/colored_images/Severe/f6f433f3306f.png,3,train
f6f7dba7104d,/kaggle/input/datasets/sovitrath/diabetic-retinopathy-224x224-2019-data/colored_images/Mild/f6f7dba7104d.png,1,train
f7116e7b2f4e,/kaggle/input/datasets/sovitrath/diabetic-retinopathy-224x224-2019-data/colored_images/No_DR/f7116e7b2f4e.png,0,train
f71333204618,/kaggle/input/datasets/sovitrath/diabetic-retinopathy-224x224-2019-data/colored_images/No_DR/f71333204618.png,0,train
f71aca5a7dc3,/kaggle/input/datasets/sovitrath/diabetic-retinopathy-224x224-2019-data/colored_images/No_DR/f71aca5a7dc3.png,0,train
f71bea807c96,/kaggle/input/datasets/sovitrath/diabetic-retinopathy-224x224-2019-data/colored_images/No_DR/f71bea807c96.png,0,train
f72adcac5638,/kaggle/input/datasets/sovitrath/diabetic-retinopathy-224x224-2019-data/colored_images/Proliferate_DR/f72adcac5638.png,4,val
f72ef9ceeaa8,/kaggle/input/datasets/sovitrath/diabetic-retinopathy-224x224-2019-data/colored_images/Mild/f72ef9ceeaa8.png,1,train
f7508f14dd7b,/kaggle/input/datasets/sovitrath/diabetic-retinopathy-224x224-2019-data/colored_images/No_DR/f7508f14dd7b.png,0,train
f762c272c522,/kaggle/input/datasets/sovitrath/diabetic-retinopathy-224x224-2019-data/colored_images/Mild/f762c272c522.png,1,test
f7735b6d47f7,/kaggle/input/datasets/sovitrath/diabetic-retinopathy-224x224-2019-data/colored_images/No_DR/f7735b6d47f7.png,0,val
f7defe70afc3,/kaggle/input/datasets/sovitrath/diabetic-retinopathy-224x224-2019-data/colored_images/No_DR/f7defe70afc3.png,0,train
f7e9fa75c7c1,/kaggle/input/datasets/sovitrath/diabetic-retinopathy-224x224-2019-data/colored_images/No_DR/f7e9fa75c7c1.png,0,train
f7fec8935126,/kaggle/input/datasets/sovitrath/diabetic-retinopathy-224x224-2019-data/colored_images/Mild/f7fec8935126.png,1,train
f80118bbda18,/kaggle/input/datasets/sovitrath/diabetic-retinopathy-224x224-2019-data/colored_images/Moderate/f80118bbda18.png,2,train
f819c65b803c,/kaggle/input/datasets/sovitrath/diabetic-retinopathy-224x224-2019-data/colored_images/No_DR/f819c65b803c.png,0,train
f8372e80f731,/kaggle/input/datasets/sovitrath/diabetic-retinopathy-224x224-2019-data/colored_images/Moderate/f8372e80f731.png,2,train
f850cb51fdba,/kaggle/input/datasets/sovitrath/diabetic-retinopathy-224x224-2019-data/colored_images/Proliferate_DR/f850cb51fdba.png,4,train
f85c78201a50,/kaggle/input/datasets/sovitrath/diabetic-retinopathy-224x224-2019-data/colored_images/No_DR/f85c78201a50.png,0,train
f85fd4fac887,/kaggle/input/datasets/sovitrath/diabetic-retinopathy-224x224-2019-data/colored_images/No_DR/f85fd4fac887.png,0,train
f86d1c404acb,/kaggle/input/datasets/sovitrath/diabetic-retinopathy-224x224-2019-data/colored_images/No_DR/f86d1c404acb.png,0,train
f8cf7ed8ef00,/kaggle/input/datasets/sovitrath/diabetic-retinopathy-224x224-2019-data/colored_images/Proliferate_DR/f8cf7ed8ef00.png,4,test
f8d62557ad0c,/kaggle/input/datasets/sovitrath/diabetic-retinopathy-224x224-2019-data/colored_images/No_DR/f8d62557ad0c.png,0,train
f8f5942b690e,/kaggle/input/datasets/sovitrath/diabetic-retinopathy-224x224-2019-data/colored_images/No_DR/f8f5942b690e.png,0,test
f8fc411092c7,/kaggle/input/datasets/sovitrath/diabetic-retinopathy-224x224-2019-data/colored_images/Moderate/f8fc411092c7.png,2,train
f901d460517c,/kaggle/input/datasets/sovitrath/diabetic-retinopathy-224x224-2019-data/colored_images/Severe/f901d460517c.png,3,train
f90f8931a9bc,/kaggle/input/datasets/sovitrath/diabetic-retinopathy-224x224-2019-data/colored_images/No_DR/f90f8931a9bc.png,0,test
f9156aeffc5e,/kaggle/input/datasets/sovitrath/diabetic-retinopathy-224x224-2019-data/colored_images/Severe/f9156aeffc5e.png,3,train
f91cfa82b9d4,/kaggle/input/datasets/sovitrath/diabetic-retinopathy-224x224-2019-data/colored_images/No_DR/f91cfa82b9d4.png,0,train
f952ad2e4356,/kaggle/input/datasets/sovitrath/diabetic-retinopathy-224x224-2019-data/colored_images/No_DR/f952ad2e4356.png,0,train
f994a3b07935,/kaggle/input/datasets/sovitrath/diabetic-retinopathy-224x224-2019-data/colored_images/No_DR/f994a3b07935.png,0,train
f999c6921e6d,/kaggle/input/datasets/sovitrath/diabetic-retinopathy-224x224-2019-data/colored_images/Moderate/f999c6921e6d.png,2,train
f9aa35187bf3,/kaggle/input/datasets/sovitrath/diabetic-retinopathy-224x224-2019-data/colored_images/Moderate/f9aa35187bf3.png,2,train
f9d52509c571,/kaggle/input/datasets/sovitrath/diabetic-retinopathy-224x224-2019-data/colored_images/No_DR/f9d52509c571.png,0,val
f9d8ff3e6592,/kaggle/input/datasets/sovitrath/diabetic-retinopathy-224x224-2019-data/colored_images/No_DR/f9d8ff3e6592.png,0,val
f9e779a13204,/kaggle/input/datasets/sovitrath/diabetic-retinopathy-224x224-2019-data/colored_images/Moderate/f9e779a13204.png,2,train
fa0c87bd75ce,/kaggle/input/datasets/sovitrath/diabetic-retinopathy-224x224-2019-data/colored_images/No_DR/fa0c87bd75ce.png,0,train
fa3e544a7401,/kaggle/input/datasets/sovitrath/diabetic-retinopathy-224x224-2019-data/colored_images/Moderate/fa3e544a7401.png,2,train
fa573163dd8b,/kaggle/input/datasets/sovitrath/diabetic-retinopathy-224x224-2019-data/colored_images/No_DR/fa573163dd8b.png,0,train
fa59221cf464,/kaggle/input/datasets/sovitrath/diabetic-retinopathy-224x224-2019-data/colored_images/Proliferate_DR/fa59221cf464.png,4,val
fa6f3d8bb1d5,/kaggle/input/datasets/sovitrath/diabetic-retinopathy-224x224-2019-data/colored_images/No_DR/fa6f3d8bb1d5.png,0,train
fa748b57262b,/kaggle/input/datasets/sovitrath/diabetic-retinopathy-224x224-2019-data/colored_images/Moderate/fa748b57262b.png,2,test
fa7fa797c650,/kaggle/input/datasets/sovitrath/diabetic-retinopathy-224x224-2019-data/colored_images/No_DR/fa7fa797c650.png,0,train
fa9bece586fc,/kaggle/input/datasets/sovitrath/diabetic-retinopathy-224x224-2019-data/colored_images/No_DR/fa9bece586fc.png,0,train
fa9f1bc03f21,/kaggle/input/datasets/sovitrath/diabetic-retinopathy-224x224-2019-data/colored_images/No_DR/fa9f1bc03f21.png,0,train
fac399455195,/kaggle/input/datasets/sovitrath/diabetic-retinopathy-224x224-2019-data/colored_images/Moderate/fac399455195.png,2,train
fb1b8771c70a,/kaggle/input/datasets/sovitrath/diabetic-retinopathy-224x224-2019-data/colored_images/No_DR/fb1b8771c70a.png,0,train
fb61230b99dd,/kaggle/input/datasets/sovitrath/diabetic-retinopathy-224x224-2019-data/colored_images/Severe/fb61230b99dd.png,3,test
fb696a8e055a,/kaggle/input/datasets/sovitrath/diabetic-retinopathy-224x224-2019-data/colored_images/Proliferate_DR/fb696a8e055a.png,4,train
fb6b8200b7f8,/kaggle/input/datasets/sovitrath/diabetic-retinopathy-224x224-2019-data/colored_images/Mild/fb6b8200b7f8.png,1,train
fb767cea406c,/kaggle/input/datasets/sovitrath/diabetic-retinopathy-224x224-2019-data/colored_images/No_DR/fb767cea406c.png,0,train
fb88783de055,/kaggle/input/datasets/sovitrath/diabetic-retinopathy-224x224-2019-data/colored_images/No_DR/fb88783de055.png,0,train
fb88d23fc5fe,/kaggle/input/datasets/sovitrath/diabetic-retinopathy-224x224-2019-data/colored_images/No_DR/fb88d23fc5fe.png,0,train
fba493e17448,/kaggle/input/datasets/sovitrath/diabetic-retinopathy-224x224-2019-data/colored_images/Moderate/fba493e17448.png,2,train
fbcbc81cf9be,/kaggle/input/datasets/sovitrath/diabetic-retinopathy-224x224-2019-data/colored_images/No_DR/fbcbc81cf9be.png,0,train
fbdc796290d4,/kaggle/input/datasets/sovitrath/diabetic-retinopathy-224x224-2019-data/colored_images/No_DR/fbdc796290d4.png,0,test
fbfa925506f6,/kaggle/input/datasets/sovitrath/diabetic-retinopathy-224x224-2019-data/colored_images/No_DR/fbfa925506f6.png,0,train
fc1b1841eadf,/kaggle/input/datasets/sovitrath/diabetic-retinopathy-224x224-2019-data/colored_images/Moderate/fc1b1841eadf.png,2,train
fc4c2d35c6f8,/kaggle/input/datasets/sovitrath/diabetic-retinopathy-224x224-2019-data/colored_images/Moderate/fc4c2d35c6f8.png,2,train
fc4d69128e7c,/kaggle/input/datasets/sovitrath/diabetic-retinopathy-224x224-2019-data/colored_images/Moderate/fc4d69128e7c.png,2,val
fc603cbedb41,/kaggle/input/datasets/sovitrath/diabetic-retinopathy-224x224-2019-data/colored_images/Moderate/fc603cbedb41.png,2,train
fc782722a50c,/kaggle/input/datasets/sovitrath/diabetic-retinopathy-224x224-2019-data/colored_images/No_DR/fc782722a50c.png,0,train
fc898dfeb24f,/kaggle/input/datasets/sovitrath/diabetic-retinopathy-224x224-2019-data/colored_images/No_DR/fc898dfeb24f.png,0,train
fc8fce67fbf8,/kaggle/input/datasets/sovitrath/diabetic-retinopathy-224x224-2019-data/colored_images/No_DR/fc8fce67fbf8.png,0,train
fca1a8738b8a,/kaggle/input/datasets/sovitrath/diabetic-retinopathy-224x224-2019-data/colored_images/No_DR/fca1a8738b8a.png,0,train
fca931da5c5e,/kaggle/input/datasets/sovitrath/diabetic-retinopathy-224x224-2019-data/colored_images/Mild/fca931da5c5e.png,1,train
fcc32dffd24d,/kaggle/input/datasets/sovitrath/diabetic-retinopathy-224x224-2019-data/colored_images/No_DR/fcc32dffd24d.png,0,train
fcc55ae641ae,/kaggle/input/datasets/sovitrath/diabetic-retinopathy-224x224-2019-data/colored_images/Moderate/fcc55ae641ae.png,2,test
fce73678f650,/kaggle/input/datasets/sovitrath/diabetic-retinopathy-224x224-2019-data/colored_images/No_DR/fce73678f650.png,0,train
fce93caa4758,/kaggle/input/datasets/sovitrath/diabetic-retinopathy-224x224-2019-data/colored_images/Proliferate_DR/fce93caa4758.png,4,train
fd079d2e93a2,/kaggle/input/datasets/sovitrath/diabetic-retinopathy-224x224-2019-data/colored_images/No_DR/fd079d2e93a2.png,0,train
fd0a70082e7c,/kaggle/input/datasets/sovitrath/diabetic-retinopathy-224x224-2019-data/colored_images/No_DR/fd0a70082e7c.png,0,train
fd48cf452e9d,/kaggle/input/datasets/sovitrath/diabetic-retinopathy-224x224-2019-data/colored_images/Moderate/fd48cf452e9d.png,2,train
fd4c946c52bf,/kaggle/input/datasets/sovitrath/diabetic-retinopathy-224x224-2019-data/colored_images/No_DR/fd4c946c52bf.png,0,train
fd62bd0db4f1,/kaggle/input/datasets/sovitrath/diabetic-retinopathy-224x224-2019-data/colored_images/Mild/fd62bd0db4f1.png,1,train
fd87b6b2e664,/kaggle/input/datasets/sovitrath/diabetic-retinopathy-224x224-2019-data/colored_images/No_DR/fd87b6b2e664.png,0,test
fdbc252813b1,/kaggle/input/datasets/sovitrath/diabetic-retinopathy-224x224-2019-data/colored_images/No_DR/fdbc252813b1.png,0,train
fdc685055659,/kaggle/input/datasets/sovitrath/diabetic-retinopathy-224x224-2019-data/colored_images/No_DR/fdc685055659.png,0,train
fdd18ccbbdc5,/kaggle/input/datasets/sovitrath/diabetic-retinopathy-224x224-2019-data/colored_images/Mild/fdd18ccbbdc5.png,1,train
fdd534271f3d,/kaggle/input/datasets/sovitrath/diabetic-retinopathy-224x224-2019-data/colored_images/Proliferate_DR/fdd534271f3d.png,4,test
fe06dad6851c,/kaggle/input/datasets/sovitrath/diabetic-retinopathy-224x224-2019-data/colored_images/No_DR/fe06dad6851c.png,0,train
fe0e2dee1834,/kaggle/input/datasets/sovitrath/diabetic-retinopathy-224x224-2019-data/colored_images/No_DR/fe0e2dee1834.png,0,train
fe2df69676cf,/kaggle/input/datasets/sovitrath/diabetic-retinopathy-224x224-2019-data/colored_images/Mild/fe2df69676cf.png,1,train
fe37f4492920,/kaggle/input/datasets/sovitrath/diabetic-retinopathy-224x224-2019-data/colored_images/Moderate/fe37f4492920.png,2,train
fe3b0e50be78,/kaggle/input/datasets/sovitrath/diabetic-retinopathy-224x224-2019-data/colored_images/No_DR/fe3b0e50be78.png,0,train
fe3f62695b2d,/kaggle/input/datasets/sovitrath/diabetic-retinopathy-224x224-2019-data/colored_images/No_DR/fe3f62695b2d.png,0,val
fe674c2f73f5,/kaggle/input/datasets/sovitrath/diabetic-retinopathy-224x224-2019-data/colored_images/Mild/fe674c2f73f5.png,1,val
febfb20dc311,/kaggle/input/datasets/sovitrath/diabetic-retinopathy-224x224-2019-data/colored_images/No_DR/febfb20dc311.png,0,train
fecf4c5ae84b,/kaggle/input/datasets/sovitrath/diabetic-retinopathy-224x224-2019-data/colored_images/Mild/fecf4c5ae84b.png,1,train
fed5bb685832,/kaggle/input/datasets/sovitrath/diabetic-retinopathy-224x224-2019-data/colored_images/No_DR/fed5bb685832.png,0,train
fefded6bf135,/kaggle/input/datasets/sovitrath/diabetic-retinopathy-224x224-2019-data/colored_images/No_DR/fefded6bf135.png,0,train
ff03f74667df,/kaggle/input/datasets/sovitrath/diabetic-retinopathy-224x224-2019-data/colored_images/No_DR/ff03f74667df.png,0,train
ff1e940105f9,/kaggle/input/datasets/sovitrath/diabetic-retinopathy-224x224-2019-data/colored_images/No_DR/ff1e940105f9.png,0,val
ff344e5c9341,/kaggle/input/datasets/sovitrath/diabetic-retinopathy-224x224-2019-data/colored_images/Moderate/ff344e5c9341.png,2,train
ff4832d55461,/kaggle/input/datasets/sovitrath/diabetic-retinopathy-224x224-2019-data/colored_images/No_DR/ff4832d55461.png,0,test
ff4955e76894,/kaggle/input/datasets/sovitrath/diabetic-retinopathy-224x224-2019-data/colored_images/No_DR/ff4955e76894.png,0,val
ff4cd992667b,/kaggle/input/datasets/sovitrath/diabetic-retinopathy-224x224-2019-data/colored_images/No_DR/ff4cd992667b.png,0,train
ff59d44a70a7,/kaggle/input/datasets/sovitrath/diabetic-retinopathy-224x224-2019-data/colored_images/No_DR/ff59d44a70a7.png,0,test
ff631653374e,/kaggle/input/datasets/sovitrath/diabetic-retinopathy-224x224-2019-data/colored_images/No_DR/ff631653374e.png,0,train
ff77e8e5b5f3,/kaggle/input/datasets/sovitrath/diabetic-retinopathy-224x224-2019-data/colored_images/Moderate/ff77e8e5b5f3.png,2,train
ff8a0b45c789,/kaggle/input/datasets/sovitrath/diabetic-retinopathy-224x224-2019-data/colored_images/Proliferate_DR/ff8a0b45c789.png,4,train
ffa47f6a7bf4,/kaggle/input/datasets/sovitrath/diabetic-retinopathy-224x224-2019-data/colored_images/Moderate/ffa47f6a7bf4.png,2,val
ffc04fed30e6,/kaggle/input/datasets/sovitrath/diabetic-retinopathy-224x224-2019-data/colored_images/No_DR/ffc04fed30e6.png,0,train
ffcf7b45f213,/kaggle/input/datasets/sovitrath/diabetic-retinopathy-224x224-2019-data/colored_images/Moderate/ffcf7b45f213.png,2,train
ffd97f8cd5aa,/kaggle/input/datasets/sovitrath/diabetic-retinopathy-224x224-2019-data/colored_images/No_DR/ffd97f8cd5aa.png,0,train
ffec9a18a3ce,/kaggle/input/datasets/sovitrath/diabetic-retinopathy-224x224-2019-data/colored_images/Moderate/ffec9a18a3ce.png,2,test
